<Database>
<!-- 
### Skills ### 
This section adds my custom logo to the department specific skills. -->

<GameDBAsset ID="ASSET_MOD_ICON_UR">   
	<Type>TEXTURE_CUSTOM_SPRITE</Type>               
	<File>MOD_ROOT/Ur_icon_skill.png</File> 
</GameDBAsset>

<GameDBAsset ID="ASSET_MOD_ICON_UR_DARK">   
	<Type>TEXTURE_CUSTOM_SPRITE</Type>               
	<File>MOD_ROOT/Ur_icon_skill_dark.png</File> 
</GameDBAsset>

<GameDBAsset ID="ASSET_MOD_DECALS_UR">   
	<Type>TEXTURE_OBJECTS</Type>               
	<File>MOD_ROOT/Urology_decals.png</File> 
</GameDBAsset>

<GameDBAsset ID="ASSET_MOD_DECAL_PROP_UR">   
	<Type>TEXTURE_CUSTOM_SPRITE</Type>               
	<File>MOD_ROOT/Urology_decal_1.png</File> 
</GameDBAsset>

<GameDBAsset ID="ASSET_MOD_OBJECTS_TALL_UR">   
	<Type>TEXTURE_OBJECTS</Type>               
	<File>MOD_ROOT/mod_objects_tall_ur.png</File> 
</GameDBAsset>

<GameDBAsset ID="ASSET_MOD_PIC1_PROP_UR">   
	<Type>TEXTURE_CUSTOM_SPRITE</Type>               
	<File>MOD_ROOT/mod_ur_pic_1.png</File> 
</GameDBAsset>

<GameDBAsset ID="ASSET_MOD_PIC2_PROP_UR">   
	<Type>TEXTURE_CUSTOM_SPRITE</Type>               
	<File>MOD_ROOT/mod_ur_pic_2.png</File> 
</GameDBAsset>

<GameDBAsset ID="ASSET_MOD_PIC3_PROP_UR">   
	<Type>TEXTURE_CUSTOM_SPRITE</Type>               
	<File>MOD_ROOT/mod_ur_pic_3.png</File> 
</GameDBAsset>

<!-- 
### Department ### 
This section handles adding my custom department logos to the game. -->

<GameDBAsset ID="ASSET_UR_DPT_ICON_0">   
	<Type>TEXTURE_CUSTOM_SPRITE</Type>               
	<File>MOD_ROOT/Ur_dep_icon_0.png</File> 
</GameDBAsset>

<GameDBAsset ID="ASSET_UR_DPT_ICON_1">   
	<Type>TEXTURE_CUSTOM_SPRITE</Type>               
	<File>MOD_ROOT/Ur_dep_icon_1.png</File> 
</GameDBAsset>

<GameDBAsset ID="ASSET_UR_DPT_ICON_2">   
	<Type>TEXTURE_CUSTOM_SPRITE</Type>               
	<File>MOD_ROOT/Ur_dep_icon_2.png</File> 
</GameDBAsset>

<GameDBAsset ID="ASSET_UR_DPT_ICON_3">   
	<Type>TEXTURE_CUSTOM_SPRITE</Type>               
	<File>MOD_ROOT/Ur_dep_icon_3.png</File> 
</GameDBAsset>

<GameDBAsset ID="ASSET_UR_DPT_ICON_4">   
	<Type>TEXTURE_CUSTOM_SPRITE</Type>               
	<File>MOD_ROOT/Ur_dep_icon_4.png</File> 
</GameDBAsset>

<GameDBAsset ID="ASSET_UR_DPT_ICON_5">   
	<Type>TEXTURE_CUSTOM_SPRITE</Type>               
	<File>MOD_ROOT/Ur_dep_icon_5.png</File> 
</GameDBAsset>

<GameDBAsset ID="ASSET_UR_DPT_ICON_6">   
	<Type>TEXTURE_CUSTOM_SPRITE</Type>               
	<File>MOD_ROOT/Ur_dep_icon_6.png</File> 
</GameDBAsset>

<!-- 
### Diagonsis ### 
This section handles adding my custom diagonsis icons to the game. -->

<GameDBAsset ID="ASSET_UR_DIA_TORSIE_1">   
	<Type>TEXTURE_CUSTOM_SPRITE</Type>               
	<File>MOD_ROOT/Sym_torsie_1.png</File> 
</GameDBAsset>
 
<GameDBAsset ID="ASSET_UR_DIA_TORSIE_2">   
	<Type>TEXTURE_CUSTOM_SPRITE</Type>               
	<File>MOD_ROOT/Sym_torsie_2.png</File> 
</GameDBAsset>


<GameDBAsset ID="ASSET_UR_DIA_CANTS_1">   
	<Type>TEXTURE_CUSTOM_SPRITE</Type>               
	<File>MOD_ROOT/Dia_canTS_1.png</File> 
</GameDBAsset>
 
<GameDBAsset ID="ASSET_UR_DIA_CANTS_2">   
	<Type>TEXTURE_CUSTOM_SPRITE</Type>               
	<File>MOD_ROOT/Dia_canTS_2.png</File> 
</GameDBAsset>

<GameDBAsset ID="ASSET_UR_DIA_BPH_1">   
	<Type>TEXTURE_CUSTOM_SPRITE</Type>               
	<File>MOD_ROOT/Dia_BPH_1.png</File> 
</GameDBAsset>
 
<GameDBAsset ID="ASSET_UR_DIA_BPH_2">   
	<Type>TEXTURE_CUSTOM_SPRITE</Type>               
	<File>MOD_ROOT/Dia_BPH_2.png</File> 
</GameDBAsset>

<GameDBAsset ID="ASSET_UR_DIA_EPIDI_1">   
	<Type>TEXTURE_CUSTOM_SPRITE</Type>               
	<File>MOD_ROOT/Dia_epidi_1.png</File> 
</GameDBAsset>
 
<GameDBAsset ID="ASSET_UR_DIA_EPIDI_2">   
	<Type>TEXTURE_CUSTOM_SPRITE</Type>               
	<File>MOD_ROOT/Dia_epidi_2.png</File> 
</GameDBAsset>

<GameDBAsset ID="ASSET_UR_DIA_RCC_1">   
	<Type>TEXTURE_CUSTOM_SPRITE</Type>               
	<File>MOD_ROOT/Dia_Renal_Clear_Cell_1.png</File> 
</GameDBAsset>
 
<GameDBAsset ID="ASSET_UR_DIA_RCC_2">   
	<Type>TEXTURE_CUSTOM_SPRITE</Type>               
	<File>MOD_ROOT/Dia_Renal_Clear_Cell_2.png</File> 
</GameDBAsset>

<GameDBAsset ID="ASSET_UR_DIA_BLBLCO_1">   
	<Type>TEXTURE_CUSTOM_SPRITE</Type>               
	<File>MOD_ROOT/Dia_bladder_1.png</File> 
</GameDBAsset>
 
<GameDBAsset ID="ASSET_UR_DIA_BLBLCO_2">   
	<Type>TEXTURE_CUSTOM_SPRITE</Type>               
	<File>MOD_ROOT/Dia_bladder_2.png</File> 
</GameDBAsset>

<GameDBAsset ID="ASSET_UR_DIA_IPRUP_1">   
	<Type>TEXTURE_CUSTOM_SPRITE</Type>               
	<File>MOD_ROOT/Dia_iprup_1.png</File> 
</GameDBAsset>
 
<GameDBAsset ID="ASSET_UR_DIA_IPRUP_2">   
	<Type>TEXTURE_CUSTOM_SPRITE</Type>               
	<File>MOD_ROOT/Dia_iprup_2.png</File> 
</GameDBAsset>

<GameDBAsset ID="ASSET_UR_DIA_EXRUP_1">   
	<Type>TEXTURE_CUSTOM_SPRITE</Type>               
	<File>MOD_ROOT/Dia_exrup_1.png</File> 
</GameDBAsset>
 
<GameDBAsset ID="ASSET_UR_DIA_EXRUP_2">   
	<Type>TEXTURE_CUSTOM_SPRITE</Type>               
	<File>MOD_ROOT/Dia_exrup_2.png</File> 
</GameDBAsset>

<GameDBAsset ID="ASSET_UR_DIA_PENBLD_1">   
	<Type>TEXTURE_CUSTOM_SPRITE</Type>               
	<File>MOD_ROOT/Dia_penbld_1.png</File> 
</GameDBAsset>
 
<GameDBAsset ID="ASSET_UR_DIA_PENBLD_2">   
	<Type>TEXTURE_CUSTOM_SPRITE</Type>               
	<File>MOD_ROOT/Dia_penbld_2.png</File> 
</GameDBAsset>

<GameDBAsset ID="ASSET_UR_DIA_VVF_1">   
	<Type>TEXTURE_CUSTOM_SPRITE</Type>               
	<File>MOD_ROOT/Dia_vvf_1.png</File> 
</GameDBAsset>
 
<GameDBAsset ID="ASSET_UR_DIA_VVF_2">   
	<Type>TEXTURE_CUSTOM_SPRITE</Type>               
	<File>MOD_ROOT/Dia_vvf_2.png</File> 
</GameDBAsset>
<!-- 
### Symptoms ### 
 -->  
<GameDBAsset ID="ASSET_UR_SYM_SWOLLENTS_1">   
	<Type>TEXTURE_CUSTOM_SPRITE</Type>               
	<File>MOD_ROOT/Sym_swollenTS_1.png</File> 
</GameDBAsset>
 
<GameDBAsset ID="ASSET_UR_SYM_SWOLLENTS_2">   
	<Type>TEXTURE_CUSTOM_SPRITE</Type>               
	<File>MOD_ROOT/Sym_swollenTS_2.png</File> 
</GameDBAsset>

<GameDBAsset ID="ASSET_UR_SYM_TSINF_1">   
	<Type>TEXTURE_CUSTOM_SPRITE</Type>               
	<File>MOD_ROOT/Sym_infarctTS_1.png</File> 
</GameDBAsset>
 
<GameDBAsset ID="ASSET_UR_SYM_TSINF_2">   
	<Type>TEXTURE_CUSTOM_SPRITE</Type>               
	<File>MOD_ROOT/Sym_infarctTS_2.png</File> 
</GameDBAsset>

<GameDBAsset ID="ASSET_UR_SYM_HIGHTS_1">   
	<Type>TEXTURE_CUSTOM_SPRITE</Type>               
	<File>MOD_ROOT/Sym_highTS_1.png</File> 
</GameDBAsset>
 
<GameDBAsset ID="ASSET_UR_SYM_HIGHTS_2">   
	<Type>TEXTURE_CUSTOM_SPRITE</Type>               
	<File>MOD_ROOT/Sym_highTS_2.png</File> 
</GameDBAsset>

<GameDBAsset ID="ASSET_UR_SYM_ABNTS_1">   
	<Type>TEXTURE_CUSTOM_SPRITE</Type>               
	<File>MOD_ROOT/Sym_abnlie_1.png</File> 
</GameDBAsset>
 
<GameDBAsset ID="ASSET_UR_SYM_ABNTS_2">   
	<Type>TEXTURE_CUSTOM_SPRITE</Type>               
	<File>MOD_ROOT/Sym_abnlie_2.png</File> 
</GameDBAsset>

<GameDBAsset ID="ASSET_UR_SYM_SCR_1">   
	<Type>TEXTURE_CUSTOM_SPRITE</Type>               
	<File>MOD_ROOT/Sym_scrotum_1.png</File> 
</GameDBAsset>
 
<GameDBAsset ID="ASSET_UR_SYM_SCR_2">   
	<Type>TEXTURE_CUSTOM_SPRITE</Type>               
	<File>MOD_ROOT/Sym_scrotum_2.png</File> 
</GameDBAsset>

<GameDBAsset ID="ASSET_UR_SYM_CREMRFLX_1">   
	<Type>TEXTURE_CUSTOM_SPRITE</Type>               
	<File>MOD_ROOT/Sym_cremreflex_1.png</File> 
</GameDBAsset>
 
<GameDBAsset ID="ASSET_UR_SYM_CREMRFLX_2">   
	<Type>TEXTURE_CUSTOM_SPRITE</Type>               
	<File>MOD_ROOT/Sym_cremreflex_2.png</File> 
</GameDBAsset>

<GameDBAsset ID="ASSET_UR_SYM_ABCREMRFLX_1">   
	<Type>TEXTURE_CUSTOM_SPRITE</Type>               
	<File>MOD_ROOT/Sym_abcremreflex_1.png</File> 
</GameDBAsset>
 
<GameDBAsset ID="ASSET_UR_SYM_ABCREMRFLX_2">   
	<Type>TEXTURE_CUSTOM_SPRITE</Type>               
	<File>MOD_ROOT/Sym_abcremreflex_2.png</File> 
</GameDBAsset>

<GameDBAsset ID="ASSET_UR_SYM_LUMPTS_1">   
	<Type>TEXTURE_CUSTOM_SPRITE</Type>               
	<File>MOD_ROOT/Sym_lumpTS_1.png</File> 
</GameDBAsset>
 
<GameDBAsset ID="ASSET_UR_SYM_LUMPTS_2">   
	<Type>TEXTURE_CUSTOM_SPRITE</Type>               
	<File>MOD_ROOT/Sym_lumpTS_2.png</File> 
</GameDBAsset>

<GameDBAsset ID="ASSET_UR_SYM_MARKERSTM_1">   
	<Type>TEXTURE_CUSTOM_SPRITE</Type>               
	<File>MOD_ROOT/Sym_markers_1.png</File> 
</GameDBAsset>
 
<GameDBAsset ID="ASSET_UR_SYM_MARKERSTM_2">   
	<Type>TEXTURE_CUSTOM_SPRITE</Type>               
	<File>MOD_ROOT/Sym_markers_2.png</File> 
</GameDBAsset>

<GameDBAsset ID="ASSET_UR_SYM_HEAVYSC_1">   
	<Type>TEXTURE_CUSTOM_SPRITE</Type>               
	<File>MOD_ROOT/Sym_heavysc_1.png</File> 
</GameDBAsset>
 
<GameDBAsset ID="ASSET_UR_SYM_HEAVYSC_2">   
	<Type>TEXTURE_CUSTOM_SPRITE</Type>               
	<File>MOD_ROOT/Sym_heavysc_2.png</File> 
</GameDBAsset>

<GameDBAsset ID="ASSET_UR_SYM_DHT_1">   
	<Type>TEXTURE_CUSTOM_SPRITE</Type>                
	<File>MOD_ROOT/Sym_DHT_1.png</File> 
</GameDBAsset>
 
<GameDBAsset ID="ASSET_UR_SYM_DHT_2">   
	<Type>TEXTURE_CUSTOM_SPRITE</Type>               
	<File>MOD_ROOT/Sym_DHT_1.png</File>  
</GameDBAsset>

<GameDBAsset ID="ASSET_UR_SYM_ED_1">   
	<Type>TEXTURE_CUSTOM_SPRITE</Type>                
	<File>MOD_ROOT/Sym_ED_1.png</File> 
</GameDBAsset>
 
<GameDBAsset ID="ASSET_UR_SYM_ED_2">   
	<Type>TEXTURE_CUSTOM_SPRITE</Type>               
	<File>MOD_ROOT/Sym_ED_2.png</File> 
</GameDBAsset>

<GameDBAsset ID="ASSET_UR_SYM_SWOLEPI_1">   
	<Type>TEXTURE_CUSTOM_SPRITE</Type>                
	<File>MOD_ROOT/Sym_swolepi_1.png</File> 
</GameDBAsset>
 
<GameDBAsset ID="ASSET_UR_SYM_SWOLEPI_2">   
	<Type>TEXTURE_CUSTOM_SPRITE</Type>               
	<File>MOD_ROOT/Sym_swolepi_2.png</File> 
</GameDBAsset>

<GameDBAsset ID="ASSET_UR_SYM_STER_WISH_1">   
	<Type>TEXTURE_CUSTOM_SPRITE</Type>                
	<File>MOD_ROOT/Sym_ster_wish_1.png</File> 
</GameDBAsset>
 
<GameDBAsset ID="ASSET_UR_SYM_STER_WISH_2">   
	<Type>TEXTURE_CUSTOM_SPRITE</Type>               
	<File>MOD_ROOT/Sym_ster_wish_2.png</File> 
</GameDBAsset>

<GameDBAsset ID="ASSET_UR_SYM_URNEEDS_1">   
	<Type>TEXTURE_CUSTOM_SPRITE</Type>                
	<File>MOD_ROOT/Sym_ur_need_1.png</File> 
</GameDBAsset>
 
<GameDBAsset ID="ASSET_UR_SYM_URNEEDS_2">   
	<Type>TEXTURE_CUSTOM_SPRITE</Type>               
	<File>MOD_ROOT/Sym_ur_need_2.png</File> 
</GameDBAsset>

<GameDBAsset ID="ASSET_UR_SYM_URIVAG_1">   
	<Type>TEXTURE_CUSTOM_SPRITE</Type>                
	<File>MOD_ROOT/Sym_urin_vag_1.png</File> 
</GameDBAsset>
 
<GameDBAsset ID="ASSET_UR_SYM_URIVAG_2">   
	<Type>TEXTURE_CUSTOM_SPRITE</Type>               
	<File>MOD_ROOT/Sym_urin_vag_2.png</File> 
</GameDBAsset>


<!-- 
### Treatments ### 
 -->
 
<GameDBAsset ID="ASSET_UR_TRT_CATH_1">   
	<Type>TEXTURE_CUSTOM_SPRITE</Type>                
	<File>MOD_ROOT/Trt_Cath_1.png</File> 
</GameDBAsset>
 
<GameDBAsset ID="ASSET_UR_TRT_CATH_2">   
	<Type>TEXTURE_CUSTOM_SPRITE</Type>               
	<File>MOD_ROOT/Trt_Cath_2.png</File> 
</GameDBAsset>



</Database>