﻿<Database>
   
    <!-- Calculus of ureter -->
    <GameDBMedicalCondition ID="DIA_KN_COU">
        <AbbreviationLocID>DIA_COU_DESCRIPTION</AbbreviationLocID>
        <Duration>2</Duration>
        <OccurrenceRef>OCCURRENCE_KN_UNCOMMON</OccurrenceRef>
        <Symptoms>
            <GameDBSymptomRules>
                <DayOfFirstOccurence>0</DayOfFirstOccurence>
                <ProbabilityPercent>70</ProbabilityPercent>
                <GameDBSymptomRef>SYM_ABDOMINAL_PAIN</GameDBSymptomRef>
            </GameDBSymptomRules>
            <GameDBSymptomRules>
                <DayOfFirstOccurence>0</DayOfFirstOccurence>
                <ProbabilityPercent>50</ProbabilityPercent>
                <GameDBSymptomRef>SYM_DYSURIA</GameDBSymptomRef>
            </GameDBSymptomRules>
            <GameDBSymptomRules>
                <DayOfFirstOccurence>0</DayOfFirstOccurence>
                <ProbabilityPercent>60</ProbabilityPercent>
                <GameDBSymptomRef>SYM_FREQUENT_URINATION</GameDBSymptomRef>
            </GameDBSymptomRules>
            <GameDBSymptomRules>
                <DayOfFirstOccurence>0</DayOfFirstOccurence>
                <ProbabilityPercent>60</ProbabilityPercent>
                <GameDBSymptomRef>SYM_HEMATURIA</GameDBSymptomRef>
            </GameDBSymptomRules>
            <GameDBSymptomRules>
                <DayOfFirstOccurence>0</DayOfFirstOccurence>
                <ProbabilityPercent>50</ProbabilityPercent>
                <GameDBSymptomRef>SYM_WEAKNESS</GameDBSymptomRef>
            </GameDBSymptomRules>
            <GameDBSymptomRules>
                <DayOfFirstOccurence>0</DayOfFirstOccurence>
                <ProbabilityPercent>60</ProbabilityPercent>
                <GameDBSymptomRef>SYM_PAINFUL_URINATION</GameDBSymptomRef>
            </GameDBSymptomRules>
            <GameDBSymptomRules>
                <DayOfFirstOccurence>0</DayOfFirstOccurence>
                <ProbabilityPercent>70</ProbabilityPercent>
                <GameDBSymptomRef>SYM_CLOUDY_URINE</GameDBSymptomRef>
            </GameDBSymptomRules>
			<GameDBSymptomRules>
                <DayOfFirstOccurence>0</DayOfFirstOccurence>
                <ProbabilityPercent>100</ProbabilityPercent>
                <GameDBSymptomRef>SYM_KN_NEEDS_UROLOGY</GameDBSymptomRef>
            </GameDBSymptomRules>
            <GameDBSymptomRules>
                <ProbabilityPercent>100</ProbabilityPercent>
                <GameDBSymptomRef>SYM_KN_URETHRAL_STONES_DETECTED</GameDBSymptomRef>
            </GameDBSymptomRules>
        </Symptoms>
        <Examinations>
            <ExaminationRef>EXM_INTERVIEW</ExaminationRef>
            <ExaminationRef>EXM_ABDOMINAL_PALPATION</ExaminationRef>
            <ExaminationRef>EXM_PHYSICAL_AND_VISUAL_EXAMINATION</ExaminationRef>
            <ExaminationRef>EXM_URINE_SAMPLE_ANALYSIS_SAMPLING</ExaminationRef>
            <ExaminationRef>EXM_USG</ExaminationRef>
            <ExaminationRef>EXM_EVALUATION</ExaminationRef>
            <ExaminationRef>EXM_DIFFERENTIAL_DIAGNOSIS</ExaminationRef>
        </Examinations>
        <Treatments>
            <TreatmentRef>TRT_KN_SHOCK_WAVE_LITHOTRIPSY</TreatmentRef>
            <TreatmentRef>TRT_ANALGESICS</TreatmentRef>
            <TreatmentRef>TRT_REHYDRATION</TreatmentRef>
            <TreatmentRef>TRT_HOME_TREATMENT</TreatmentRef>
        </Treatments>
        <IconIndex>1109</IconIndex>
        <DepartmentRef>DPT_URKN</DepartmentRef>
        <InsurancePayment>700</InsurancePayment>
        <Tags>
            <Tag>disease</Tag>
        </Tags>
		<Disabled>true</Disabled>
    </GameDBMedicalCondition>

    <!-- Calculus in bladder -->
    <GameDBMedicalCondition ID="DIA_KN_CIB">
        <AbbreviationLocID>DIA_CIB_DESCRIPTION</AbbreviationLocID>
        <Duration>2</Duration>
        <OccurrenceRef>OCCURRENCE_KN_RARE</OccurrenceRef>
        <Symptoms>
            <GameDBSymptomRules>
                <DayOfFirstOccurence>0</DayOfFirstOccurence>
                <ProbabilityPercent>70</ProbabilityPercent>
                <GameDBSymptomRef>SYM_ABDOMINAL_PAIN</GameDBSymptomRef>
            </GameDBSymptomRules>
            <GameDBSymptomRules>
                <DayOfFirstOccurence>0</DayOfFirstOccurence>
                <ProbabilityPercent>50</ProbabilityPercent>
                <GameDBSymptomRef>SYM_DYSURIA</GameDBSymptomRef>
            </GameDBSymptomRules>
            <GameDBSymptomRules>
                <DayOfFirstOccurence>0</DayOfFirstOccurence>
                <ProbabilityPercent>60</ProbabilityPercent>
                <GameDBSymptomRef>SYM_FREQUENT_URINATION</GameDBSymptomRef>
            </GameDBSymptomRules>
            <GameDBSymptomRules>
                <DayOfFirstOccurence>0</DayOfFirstOccurence>
                <ProbabilityPercent>60</ProbabilityPercent>
                <GameDBSymptomRef>SYM_STRONG-SMELLING_URINE</GameDBSymptomRef>
            </GameDBSymptomRules>
            <GameDBSymptomRules>
                <DayOfFirstOccurence>0</DayOfFirstOccurence>
                <ProbabilityPercent>60</ProbabilityPercent>
                <GameDBSymptomRef>SYM_HEMATURIA</GameDBSymptomRef>
            </GameDBSymptomRules>
            <GameDBSymptomRules>
                <DayOfFirstOccurence>0</DayOfFirstOccurence>
                <ProbabilityPercent>60</ProbabilityPercent>
                <GameDBSymptomRef>SYM_PAINFUL_URINATION</GameDBSymptomRef>
            </GameDBSymptomRules>
            <GameDBSymptomRules>
                <DayOfFirstOccurence>0</DayOfFirstOccurence>
                <ProbabilityPercent>70</ProbabilityPercent>
                <GameDBSymptomRef>SYM_CLOUDY_URINE</GameDBSymptomRef>
            </GameDBSymptomRules>
			<GameDBSymptomRules>
                <DayOfFirstOccurence>0</DayOfFirstOccurence>
                <ProbabilityPercent>100</ProbabilityPercent>
                <GameDBSymptomRef>SYM_KN_NEEDS_UROLOGY</GameDBSymptomRef>
            </GameDBSymptomRules>
            <GameDBSymptomRules>
                <ProbabilityPercent>100</ProbabilityPercent>
                <GameDBSymptomRef>SYM_KN_BLADDER_STONES_DETECTED</GameDBSymptomRef>
            </GameDBSymptomRules>
        </Symptoms>
        <Examinations>
            <ExaminationRef>EXM_INTERVIEW</ExaminationRef>
            <ExaminationRef>EXM_ABDOMINAL_PALPATION</ExaminationRef>
            <ExaminationRef>EXM_PHYSICAL_AND_VISUAL_EXAMINATION</ExaminationRef>
            <ExaminationRef>EXM_URINE_SAMPLE_ANALYSIS_SAMPLING</ExaminationRef>
            <ExaminationRef>EXM_USG</ExaminationRef>
            <ExaminationRef>EXM_EVALUATION</ExaminationRef>
            <ExaminationRef>EXM_DIFFERENTIAL_DIAGNOSIS</ExaminationRef>
        </Examinations>
        <Treatments>
            <TreatmentRef>TRT_KN_SHOCK_WAVE_LITHOTRIPSY</TreatmentRef>
            <TreatmentRef>TRT_ANALGESICS</TreatmentRef>
            <TreatmentRef>TRT_REHYDRATION</TreatmentRef>
            <TreatmentRef>TRT_HOME_TREATMENT</TreatmentRef>
        </Treatments>
        <IconIndex>1109</IconIndex>
        <DepartmentRef>DPT_URKN</DepartmentRef>
        <InsurancePayment>400</InsurancePayment>
        <Tags>
            <Tag>disease</Tag>
        </Tags>
		<Disabled>true</Disabled>
    </GameDBMedicalCondition>

    <!-- Acute cystitis -->
    <GameDBMedicalCondition ID="DIA_KN_ACS">
        <AbbreviationLocID>DIA_KN_ACS_DESCRIPTION</AbbreviationLocID>
        <Duration>2</Duration>
        <OccurrenceRef>OCCURRENCE_KN_PRETTYRARE</OccurrenceRef>
        <Symptoms>
            <GameDBSymptomRules>
                <DayOfFirstOccurence>0</DayOfFirstOccurence>
                <ProbabilityPercent>70</ProbabilityPercent>
                <GameDBSymptomRef>SYM_PERSISTENT_URGE_TO_URINATE</GameDBSymptomRef>
            </GameDBSymptomRules>
            <GameDBSymptomRules>
                <DayOfFirstOccurence>0</DayOfFirstOccurence>
                <ProbabilityPercent>60</ProbabilityPercent>
                <GameDBSymptomRef>SYM_DYSURIA</GameDBSymptomRef>
            </GameDBSymptomRules>
            <GameDBSymptomRules>
                <DayOfFirstOccurence>0</DayOfFirstOccurence>
                <ProbabilityPercent>60</ProbabilityPercent>
                <GameDBSymptomRef>SYM_FREQUENT_URINATION</GameDBSymptomRef>
            </GameDBSymptomRules>
            <GameDBSymptomRules>
                <DayOfFirstOccurence>0</DayOfFirstOccurence>
                <ProbabilityPercent>60</ProbabilityPercent>
                <GameDBSymptomRef>SYM_CLOUDY_URINE</GameDBSymptomRef>
            </GameDBSymptomRules>
            <GameDBSymptomRules>
                <DayOfFirstOccurence>0</DayOfFirstOccurence>
                <ProbabilityPercent>60</ProbabilityPercent>
                <GameDBSymptomRef>SYM_STRONG-SMELLING_URINE</GameDBSymptomRef>
            </GameDBSymptomRules>
            <GameDBSymptomRules>
                <DayOfFirstOccurence>0</DayOfFirstOccurence>
                <ProbabilityPercent>60</ProbabilityPercent>
                <GameDBSymptomRef>SYM_HEMATURIA</GameDBSymptomRef>
            </GameDBSymptomRules>
            <GameDBSymptomRules>
                <DayOfFirstOccurence>0</DayOfFirstOccurence>
                <ProbabilityPercent>60</ProbabilityPercent>
                <GameDBSymptomRef>SYM_FEVER</GameDBSymptomRef>
            </GameDBSymptomRules>
            <GameDBSymptomRules>
                <DayOfFirstOccurence>0</DayOfFirstOccurence>
                <ProbabilityPercent>50</ProbabilityPercent>
                <GameDBSymptomRef>SYM_CHILLS</GameDBSymptomRef>
            </GameDBSymptomRules>
			<GameDBSymptomRules>
                <DayOfFirstOccurence>0</DayOfFirstOccurence>
                <ProbabilityPercent>100</ProbabilityPercent>
                <GameDBSymptomRef>SYM_KN_NEEDS_UROLOGY</GameDBSymptomRef>
            </GameDBSymptomRules>
            <GameDBSymptomRules>
                <ProbabilityPercent>100</ProbabilityPercent>
                <GameDBSymptomRef>SYM_KN_BLADDER_INFECTION</GameDBSymptomRef>
            </GameDBSymptomRules>
        </Symptoms>
        <Examinations>
            <ExaminationRef>EXM_INTERVIEW</ExaminationRef>
            <ExaminationRef>EXM_PHYSICAL_AND_VISUAL_EXAMINATION</ExaminationRef>
            <ExaminationRef>EXM_TEMPERATURE_MEASUREMENT</ExaminationRef>
            <ExaminationRef>EXM_URINE_SAMPLE_ANALYSIS_SAMPLING</ExaminationRef>
            <ExaminationRef>EXM_BACTERIA_CULTIVATION_SAMPLING</ExaminationRef>
            <ExaminationRef>EXM_EVALUATION</ExaminationRef>
            <ExaminationRef>EXM_DIFFERENTIAL_DIAGNOSIS</ExaminationRef>
        </Examinations>
        <Treatments>
            <TreatmentRef>TRT_ANTIBIOTICS</TreatmentRef>
            <TreatmentRef>TRT_NSAIDS</TreatmentRef>
            <TreatmentRef>TRT_REHYDRATION</TreatmentRef>
            <TreatmentRef>TRT_REST</TreatmentRef>
            <TreatmentRef>TRT_HOME_TREATMENT</TreatmentRef>
            <TreatmentRef>TRT_ANTIPYRETICS</TreatmentRef> <!--ADDITIONAL-->
        </Treatments>
        <IconIndex>1111</IconIndex>
        <DepartmentRef>DPT_URKN</DepartmentRef>
        <InsurancePayment>400</InsurancePayment>
        <Tags>
            <Tag>disease</Tag>
            <Tag>clinic</Tag>
        </Tags>
		<Disabled>true</Disabled>
    </GameDBMedicalCondition>

    <!-- Interstitial cystitis -->
    <GameDBMedicalCondition ID="DIA_KN_INC">
        <AbbreviationLocID>DIA_KN_INC_DESCRIPTION</AbbreviationLocID>
        <Duration>2</Duration>
        <OccurrenceRef>OCCURRENCE_KN_PRETTYRARE</OccurrenceRef>
        <Symptoms>
            <GameDBSymptomRules>
                <DayOfFirstOccurence>0</DayOfFirstOccurence>
                <ProbabilityPercent>60</ProbabilityPercent>
                <GameDBSymptomRef>SYM_PERSISTENT_URGE_TO_URINATE</GameDBSymptomRef>
            </GameDBSymptomRules>
            <GameDBSymptomRules>
                <DayOfFirstOccurence>0</DayOfFirstOccurence>
                <ProbabilityPercent>70</ProbabilityPercent>
                <GameDBSymptomRef>SYM_FREQUENT_URINATION</GameDBSymptomRef>
            </GameDBSymptomRules>
            <GameDBSymptomRules>
                <DayOfFirstOccurence>0</DayOfFirstOccurence>
                <ProbabilityPercent>70</ProbabilityPercent>
                <GameDBSymptomRef>SYM_ABDOMINAL_PAIN</GameDBSymptomRef>
            </GameDBSymptomRules>
			<GameDBSymptomRules>
                <DayOfFirstOccurence>0</DayOfFirstOccurence>
                <ProbabilityPercent>100</ProbabilityPercent>
                <GameDBSymptomRef>SYM_KN_NEEDS_UROLOGY</GameDBSymptomRef>
            </GameDBSymptomRules>
            <GameDBSymptomRules>
                <ProbabilityPercent>100</ProbabilityPercent>
                <GameDBSymptomRef>SYM_KN_BLADDER_LINING_DEFECTED</GameDBSymptomRef>
            </GameDBSymptomRules>
        </Symptoms>
        <Examinations>
            <ExaminationRef>EXM_INTERVIEW</ExaminationRef>
            <ExaminationRef>EXM_PHYSICAL_AND_VISUAL_EXAMINATION</ExaminationRef>
            <ExaminationRef>EXM_ABDOMINAL_PALPATION</ExaminationRef>
            <ExaminationRef>EXM_BIOPSY_SAMPLING</ExaminationRef>
            <ExaminationRef>EXM_EVALUATION</ExaminationRef>
            <ExaminationRef>EXM_DIFFERENTIAL_DIAGNOSIS</ExaminationRef>
        </Examinations>
        <Treatments>
            <TreatmentRef>TRT_NSAIDS</TreatmentRef>
            <TreatmentRef>TRT_ANALGESICS</TreatmentRef>
            <TreatmentRef>TRT_HOME_TREATMENT</TreatmentRef>
        </Treatments>
        <IconIndex>1111</IconIndex>
        <DepartmentRef>DPT_URKN</DepartmentRef>
        <InsurancePayment>300</InsurancePayment>
        <Tags>
            <Tag>disease</Tag>
            <Tag>clinic</Tag>
        </Tags>
		<Disabled>true</Disabled>
    </GameDBMedicalCondition>
	
	<!-- Kidney contusion - blunt -->
    <GameDBMedicalCondition ID="TRM_KN_KCB">
        <AbbreviationLocID>TRM_KCB_DESCRIPTION</AbbreviationLocID>
        <Duration>4</Duration>
        <OccurrenceRef>OCCURRENCE_KN_UNCOMMON</OccurrenceRef>
        <Symptoms>
            <GameDBSymptomRules>
                <DayOfFirstOccurence>0</DayOfFirstOccurence>
                <ProbabilityPercent>100</ProbabilityPercent>
                <GameDBSymptomRef>SYM_BACK_INJURY</GameDBSymptomRef>
            </GameDBSymptomRules>
            <GameDBSymptomRules>
                <DayOfFirstOccurence>0</DayOfFirstOccurence>
                <ProbabilityPercent>50</ProbabilityPercent>
                <GameDBSymptomRef>SYM_BACK_PAIN</GameDBSymptomRef>
            </GameDBSymptomRules>
            <GameDBSymptomRules>
                <DayOfFirstOccurence>0</DayOfFirstOccurence>
                <ProbabilityPercent>50</ProbabilityPercent>
                <GameDBSymptomRef>SYM_NAUSEA</GameDBSymptomRef>
            </GameDBSymptomRules>
            <GameDBSymptomRules>
                <DayOfFirstOccurence>0</DayOfFirstOccurence>
                <ProbabilityPercent>60</ProbabilityPercent>
                <GameDBSymptomRef>SYM_VOMITING</GameDBSymptomRef>
            </GameDBSymptomRules>
            <GameDBSymptomRules>
                <DayOfFirstOccurence>0</DayOfFirstOccurence>
                <ProbabilityPercent>70</ProbabilityPercent>
                <GameDBSymptomRef>SYM_HEMATURIA</GameDBSymptomRef>
            </GameDBSymptomRules>
            <GameDBSymptomRules>
                <DayOfFirstOccurence>0</DayOfFirstOccurence>
                <ProbabilityPercent>30</ProbabilityPercent>
                <GameDBSymptomRef>SYM_SPASMS</GameDBSymptomRef>
            </GameDBSymptomRules>
            <GameDBSymptomRules>
                <ProbabilityPercent>100</ProbabilityPercent>
                <GameDBSymptomRef>SYM_KN_BLUNT_KIDNEY_CONTUSION</GameDBSymptomRef>
            </GameDBSymptomRules>
        </Symptoms>
        <Examinations>
            <ExaminationRef>EXM_INTERVIEW</ExaminationRef>
            <ExaminationRef>EXM_PHYSICAL_AND_VISUAL_EXAMINATION</ExaminationRef>
            <ExaminationRef>EXM_URINE_SAMPLE_ANALYSIS_SAMPLING</ExaminationRef>
            <ExaminationRef>EXM_CT</ExaminationRef>
            <ExaminationRef>EXM_DIFFERENTIAL_DIAGNOSIS</ExaminationRef>
        </Examinations>
        <Treatments>
            <TreatmentRef>TRT_EMERGENCY_CARE</TreatmentRef>
            <TreatmentRef>TRT_HOSPITALIZATION_NORMAL</TreatmentRef>
            <TreatmentRef>TRT_INTRAVENOUS_NUTRITION</TreatmentRef>
            <TreatmentRef>TRT_STOMACHICS</TreatmentRef>
            <TreatmentRef>TRT_ANALGESICS</TreatmentRef> <!--ADDITIONAL-->
            <TreatmentRef>TRT_SPASMOLYTICS</TreatmentRef> <!--ADDITIONAL-->
        </Treatments>
        <IconIndex>1127</IconIndex>
        <DepartmentRef>DPT_URKN</DepartmentRef>
        <InsurancePayment>1500</InsurancePayment>
        <Tags>
            <Tag>trauma</Tag>
        </Tags>
		<Disabled>true</Disabled>
    </GameDBMedicalCondition> 
	
	 <!-- Acute nephritic syndrome -->
    <GameDBMedicalCondition ID="DIA_KN_ANS">
        <AbbreviationLocID>DIA_ANS_DESCRIPTION</AbbreviationLocID>
        <Duration>3</Duration>
        <OccurrenceRef>OCCURRENCE_KN_UNCOMMON</OccurrenceRef>
        <Symptoms>
            <GameDBSymptomRules>
                <DayOfFirstOccurence>0</DayOfFirstOccurence>
                <ProbabilityPercent>40</ProbabilityPercent>
                <GameDBSymptomRef>SYM_AZOTEMIA</GameDBSymptomRef>
            </GameDBSymptomRules>
            <GameDBSymptomRules>
                <DayOfFirstOccurence>0</DayOfFirstOccurence>
                <ProbabilityPercent>40</ProbabilityPercent>
                <GameDBSymptomRef>SYM_HEMATURIA</GameDBSymptomRef>
            </GameDBSymptomRules>
            <GameDBSymptomRules>
                <DayOfFirstOccurence>0</DayOfFirstOccurence>
                <ProbabilityPercent>40</ProbabilityPercent>
                <GameDBSymptomRef>SYM_PROTEINURIA</GameDBSymptomRef>
            </GameDBSymptomRules>
            <GameDBSymptomRules>
                <DayOfFirstOccurence>0</DayOfFirstOccurence>
                <ProbabilityPercent>40</ProbabilityPercent>
                <GameDBSymptomRef>SYM_OLIGURIA</GameDBSymptomRef>
            </GameDBSymptomRules>
            <GameDBSymptomRules>
                <DayOfFirstOccurence>0</DayOfFirstOccurence>
                <ProbabilityPercent>40</ProbabilityPercent>
                <GameDBSymptomRef>SYM_HYPERLIPIDEMIA</GameDBSymptomRef>
            </GameDBSymptomRules>
            <GameDBSymptomRules>
                <DayOfFirstOccurence>0</DayOfFirstOccurence>
                <ProbabilityPercent>40</ProbabilityPercent>
                <GameDBSymptomRef>SYM_EDEMA</GameDBSymptomRef>
            </GameDBSymptomRules>
            <GameDBSymptomRules>
                <DayOfFirstOccurence>0</DayOfFirstOccurence>
                <ProbabilityPercent>40</ProbabilityPercent>
                <GameDBSymptomRef>SYM_LIPIDURIA</GameDBSymptomRef>
            </GameDBSymptomRules>
            <GameDBSymptomRules>
                <DayOfFirstOccurence>0</DayOfFirstOccurence>
                <ProbabilityPercent>70</ProbabilityPercent>
                <GameDBSymptomRef>SYM_BACK_PAIN</GameDBSymptomRef>
            </GameDBSymptomRules>
            <GameDBSymptomRules>
                <DayOfFirstOccurence>0</DayOfFirstOccurence>
                <ProbabilityPercent>70</ProbabilityPercent>
                <GameDBSymptomRef>SYM_WEIGHT_GAIN</GameDBSymptomRef>
            </GameDBSymptomRules>
            <GameDBSymptomRules>
                <ProbabilityPercent>100</ProbabilityPercent>
                <GameDBSymptomRef>SYM_KN_KIDNEY_TISSUE_INFLAMMED</GameDBSymptomRef>
            </GameDBSymptomRules>
            <GameDBSymptomRules>
                <DayOfFirstOccurence>0</DayOfFirstOccurence>
                <ProbabilityPercent>30</ProbabilityPercent>
                <GameDBSymptomRef>SYM_ANEMIA</GameDBSymptomRef> <!--COMPLICATION-->
            </GameDBSymptomRules>
            <GameDBSymptomRules>
                <DayOfFirstOccurence>0</DayOfFirstOccurence>
                <ProbabilityPercent>30</ProbabilityPercent>
                <GameDBSymptomRef>SYM_PAINFUL_URINATION</GameDBSymptomRef> <!--COMPLICATION-->
            </GameDBSymptomRules>
			<GameDBSymptomRules>
                <DayOfFirstOccurence>0</DayOfFirstOccurence>
                <ProbabilityPercent>100</ProbabilityPercent>
                <GameDBSymptomRef>SYM_KN_NEEDS_UROLOGY</GameDBSymptomRef>
            </GameDBSymptomRules>
        </Symptoms>
        <Examinations>
            <ExaminationRef>EXM_INTERVIEW</ExaminationRef>
            <!--ExaminationRef>EXM_OBSERVATION</ExaminationRef-->
            <ExaminationRef>EXM_OPHTHALMOSCOPY</ExaminationRef>
            <ExaminationRef>EXM_PHYSICAL_AND_VISUAL_EXAMINATION</ExaminationRef>
            <ExaminationRef>EXM_BLOOD_TEST_SAMPLING</ExaminationRef>
            <ExaminationRef>EXM_URINE_SAMPLE_ANALYSIS_SAMPLING</ExaminationRef>
            <ExaminationRef>EXM_BIOPSY_SAMPLING</ExaminationRef>
			<ExaminationRef>EXM_EVALUATION</ExaminationRef>
            <ExaminationRef>EXM_DIFFERENTIAL_DIAGNOSIS</ExaminationRef>
        </Examinations>
        <Treatments>
            <TreatmentRef>TRT_HOSPITALIZATION_NORMAL</TreatmentRef>
            <TreatmentRef>TRT_CORTICOSTEROIDS</TreatmentRef>
            <TreatmentRef>TRT_NSAIDS</TreatmentRef>
            <TreatmentRef>TRT_DIET_MODIFICATION</TreatmentRef>
            <TreatmentRef>TRT_REST</TreatmentRef>
            <TreatmentRef>TRT_VITAMIN_SUPPLEMENTATION</TreatmentRef> <!--COMPLICATION-->
            <TreatmentRef>TRT_REHYDRATION</TreatmentRef> <!--COMPLICATION-->
            <TreatmentRef>TRT_ANALGESICS</TreatmentRef> <!--ADDITIONAL-->
        </Treatments>
        <IconIndex>1105</IconIndex>
        <DepartmentRef>DPT_URKN</DepartmentRef>
        <InsurancePayment>800</InsurancePayment>
        <Tags>
            <Tag>disease</Tag>
        </Tags>
		<Disabled>true</Disabled>
    </GameDBMedicalCondition>

    <!-- Acute tubulo-interstitial nephritis -->
    <GameDBMedicalCondition ID="DIA_KN_TIN">
        <AbbreviationLocID>DIA_TIN_DESCRIPTION</AbbreviationLocID>
        <Duration>3</Duration>
        <OccurrenceRef>OCCURRENCE_KN_UNLIKELY</OccurrenceRef>
        <Symptoms>
            <GameDBSymptomRules>
                <DayOfFirstOccurence>0</DayOfFirstOccurence>
                <ProbabilityPercent>60</ProbabilityPercent>
                <GameDBSymptomRef>SYM_FEVER</GameDBSymptomRef>
            </GameDBSymptomRules>
            <GameDBSymptomRules>
                <DayOfFirstOccurence>0</DayOfFirstOccurence>
                <ProbabilityPercent>40</ProbabilityPercent>
                <GameDBSymptomRef>SYM_RASH_ON_TORSO</GameDBSymptomRef>
            </GameDBSymptomRules>
            <GameDBSymptomRules>
                <DayOfFirstOccurence>0</DayOfFirstOccurence>
                <ProbabilityPercent>50</ProbabilityPercent>
                <GameDBSymptomRef>SYM_BACK_PAIN</GameDBSymptomRef>
            </GameDBSymptomRules>
            <GameDBSymptomRules>
                <DayOfFirstOccurence>0</DayOfFirstOccurence>
                <ProbabilityPercent>60</ProbabilityPercent>
                <GameDBSymptomRef>SYM_POLYURIA</GameDBSymptomRef>
            </GameDBSymptomRules>
            <GameDBSymptomRules>
                <DayOfFirstOccurence>0</DayOfFirstOccurence>
                <ProbabilityPercent>50</ProbabilityPercent>
                <GameDBSymptomRef>SYM_FATIGUE</GameDBSymptomRef>
            </GameDBSymptomRules>
            <GameDBSymptomRules>
                <DayOfFirstOccurence>0</DayOfFirstOccurence>
                <ProbabilityPercent>50</ProbabilityPercent>
                <GameDBSymptomRef>SYM_VOMITING</GameDBSymptomRef>
            </GameDBSymptomRules>
            <GameDBSymptomRules>
                <DayOfFirstOccurence>0</DayOfFirstOccurence>
                <ProbabilityPercent>50</ProbabilityPercent>
                <GameDBSymptomRef>SYM_WEIGHT_LOSS</GameDBSymptomRef>
            </GameDBSymptomRules>
            <GameDBSymptomRules>
                <DayOfFirstOccurence>0</DayOfFirstOccurence>
                <ProbabilityPercent>50</ProbabilityPercent>
                <GameDBSymptomRef>SYM_AZOTEMIA</GameDBSymptomRef>
            </GameDBSymptomRules>
            <GameDBSymptomRules>
                <DayOfFirstOccurence>0</DayOfFirstOccurence>
                <ProbabilityPercent>60</ProbabilityPercent>
                <GameDBSymptomRef>SYM_LIPIDURIA</GameDBSymptomRef>
            </GameDBSymptomRules>
            <GameDBSymptomRules>
                <DayOfFirstOccurence>0</DayOfFirstOccurence>
                <ProbabilityPercent>70</ProbabilityPercent>
                <GameDBSymptomRef>SYM_HEMATURIA</GameDBSymptomRef>
            </GameDBSymptomRules>
            <GameDBSymptomRules>
                <DayOfFirstOccurence>0</DayOfFirstOccurence>
                <ProbabilityPercent>70</ProbabilityPercent>
                <GameDBSymptomRef>SYM_PROTEINURIA</GameDBSymptomRef>
            </GameDBSymptomRules>
            <GameDBSymptomRules>
                <ProbabilityPercent>100</ProbabilityPercent>
                <GameDBSymptomRef>SYM_KN_TUBULUS_INFLAMMED</GameDBSymptomRef>
            </GameDBSymptomRules>
            <GameDBSymptomRules>
                <DayOfFirstOccurence>0</DayOfFirstOccurence>
                <ProbabilityPercent>40</ProbabilityPercent>
                <GameDBSymptomRef>SYM_PAINFUL_URINATION</GameDBSymptomRef> <!--COMPLICATION-->
            </GameDBSymptomRules>
			<GameDBSymptomRules>
                <DayOfFirstOccurence>0</DayOfFirstOccurence>
                <ProbabilityPercent>100</ProbabilityPercent>
                <GameDBSymptomRef>SYM_KN_NEEDS_UROLOGY</GameDBSymptomRef>
            </GameDBSymptomRules>
        </Symptoms>
        <Examinations>
            <ExaminationRef>EXM_INTERVIEW</ExaminationRef>
            <!--ExaminationRef>EXM_OBSERVATION</ExaminationRef-->
            <ExaminationRef>EXM_PHYSICAL_AND_VISUAL_EXAMINATION</ExaminationRef>
            <ExaminationRef>EXM_TEMPERATURE_MEASUREMENT</ExaminationRef>
            <ExaminationRef>EXM_URINE_SAMPLE_ANALYSIS_SAMPLING</ExaminationRef>
            <ExaminationRef>EXM_BLOOD_TEST_SAMPLING</ExaminationRef>
            <ExaminationRef>EXM_BIOPSY_SAMPLING</ExaminationRef>
		    <ExaminationRef>EXM_EVALUATION</ExaminationRef>
            <ExaminationRef>EXM_DIFFERENTIAL_DIAGNOSIS</ExaminationRef>
        </Examinations>
        <Treatments>
            <TreatmentRef>TRT_HOSPITALIZATION_NORMAL</TreatmentRef>
            <TreatmentRef>TRT_ANTIBIOTICS</TreatmentRef>
            <TreatmentRef>TRT_ANALGESICS</TreatmentRef>
            <TreatmentRef>TRT_ANTIPYRETICS</TreatmentRef> <!--ADDITIONAL-->
            <TreatmentRef>TRT_NSAIDS</TreatmentRef>
            <TreatmentRef>TRT_REST</TreatmentRef>
            <TreatmentRef>TRT_REHYDRATION</TreatmentRef> <!--COMPLICATION-->
        </Treatments>
        <IconIndex>1105</IconIndex>
        <DepartmentRef>DPT_URKN</DepartmentRef>
        <InsurancePayment>800</InsurancePayment>
        <Tags>
            <Tag>disease</Tag>
        </Tags>
		<Disabled>true</Disabled>
    </GameDBMedicalCondition>

    <!-- Pyelonephritis -->
    <GameDBMedicalCondition ID="DIA_KN_PNS">
        <AbbreviationLocID>DIA_PNS_DESCRIPTION</AbbreviationLocID>
        <Duration>2</Duration>
        <OccurrenceRef>OCCURRENCE_KN_UNLIKELY</OccurrenceRef>
        <Symptoms>
            <GameDBSymptomRules>
                <DayOfFirstOccurence>0</DayOfFirstOccurence>
                <ProbabilityPercent>70</ProbabilityPercent>
                <GameDBSymptomRef>SYM_FEVER</GameDBSymptomRef>
            </GameDBSymptomRules>
            <GameDBSymptomRules>
                <DayOfFirstOccurence>0</DayOfFirstOccurence>
                <ProbabilityPercent>60</ProbabilityPercent>
                <GameDBSymptomRef>SYM_DYSURIA</GameDBSymptomRef>
            </GameDBSymptomRules>
            <GameDBSymptomRules>
                <DayOfFirstOccurence>0</DayOfFirstOccurence>
                <ProbabilityPercent>70</ProbabilityPercent>
                <GameDBSymptomRef>SYM_NAUSEA</GameDBSymptomRef>
            </GameDBSymptomRules>
            <GameDBSymptomRules>
                <DayOfFirstOccurence>0</DayOfFirstOccurence>
                <ProbabilityPercent>70</ProbabilityPercent>
                <GameDBSymptomRef>SYM_FREQUENT_URINATION</GameDBSymptomRef>
            </GameDBSymptomRules>
            <GameDBSymptomRules>
                <DayOfFirstOccurence>0</DayOfFirstOccurence>
                <ProbabilityPercent>50</ProbabilityPercent>
                <GameDBSymptomRef>SYM_MALAISE</GameDBSymptomRef>
            </GameDBSymptomRules>
            <GameDBSymptomRules>
                <DayOfFirstOccurence>0</DayOfFirstOccurence>
                <ProbabilityPercent>60</ProbabilityPercent>
                <GameDBSymptomRef>SYM_VOMITING</GameDBSymptomRef>
            </GameDBSymptomRules>
            <GameDBSymptomRules>
                <DayOfFirstOccurence>0</DayOfFirstOccurence>
                <ProbabilityPercent>50</ProbabilityPercent>
                <GameDBSymptomRef>SYM_BACK_PAIN</GameDBSymptomRef>
            </GameDBSymptomRules>
            <GameDBSymptomRules>
                <DayOfFirstOccurence>0</DayOfFirstOccurence>
                <ProbabilityPercent>70</ProbabilityPercent>
                <GameDBSymptomRef>SYM_ABDOMINAL_PAIN</GameDBSymptomRef>
            </GameDBSymptomRules>
            <GameDBSymptomRules>
                <ProbabilityPercent>100</ProbabilityPercent>
                <GameDBSymptomRef>SYM_KN_KIDNEY_INTERSTITIUM_ABSCESS</GameDBSymptomRef>
            </GameDBSymptomRules>
			<GameDBSymptomRules>
                <DayOfFirstOccurence>0</DayOfFirstOccurence>
                <ProbabilityPercent>100</ProbabilityPercent>
                <GameDBSymptomRef>SYM_KN_NEEDS_UROLOGY</GameDBSymptomRef>
            </GameDBSymptomRules>
        </Symptoms>
        <Examinations>
            <ExaminationRef>EXM_INTERVIEW</ExaminationRef>
            <ExaminationRef>EXM_TEMPERATURE_MEASUREMENT</ExaminationRef>
            <ExaminationRef>EXM_PHYSICAL_AND_VISUAL_EXAMINATION</ExaminationRef>
            <ExaminationRef>EXM_ABDOMINAL_PALPATION</ExaminationRef>
            <ExaminationRef>EXM_EVALUATION</ExaminationRef>
            <ExaminationRef>EXM_MRI</ExaminationRef>
            <ExaminationRef>EXM_DIFFERENTIAL_DIAGNOSIS</ExaminationRef>
        </Examinations>
        <Treatments>
            <TreatmentRef>TRT_ANTIBIOTICS</TreatmentRef>
            <TreatmentRef>TRT_ANALGESICS</TreatmentRef>
            <TreatmentRef>TRT_ANTIPYRETICS</TreatmentRef> <!--ADDITIONAL-->
            <TreatmentRef>TRT_STOMACHICS</TreatmentRef>
            <TreatmentRef>TRT_HOME_TREATMENT</TreatmentRef>
        </Treatments>
        <IconIndex>1105</IconIndex>
        <DepartmentRef>DPT_URKN</DepartmentRef>
        <InsurancePayment>700</InsurancePayment>
        <Tags>
            <Tag>disease</Tag>
            <Tag>clinic</Tag>
        </Tags>
		<Disabled>true</Disabled>
    </GameDBMedicalCondition>

    <!-- Acute renal failure -->
    <GameDBMedicalCondition ID="DIA_KN_ARF">
        <AbbreviationLocID>DIA_ARF_DESCRIPTION</AbbreviationLocID>
        <Duration>3</Duration>
        <OccurrenceRef>OCCURRENCE_KN_UNCOMMON</OccurrenceRef>
        <Symptoms>
            <GameDBSymptomRules>
                <DayOfFirstOccurence>0</DayOfFirstOccurence>
                <ProbabilityPercent>70</ProbabilityPercent>
                <GameDBSymptomRef>SYM_OLIGURIA</GameDBSymptomRef>
            </GameDBSymptomRules>
            <GameDBSymptomRules>
                <DayOfFirstOccurence>0</DayOfFirstOccurence>
                <ProbabilityPercent>50</ProbabilityPercent>
                <GameDBSymptomRef>SYM_EDEMA</GameDBSymptomRef>
            </GameDBSymptomRules>
            <GameDBSymptomRules>
                <DayOfFirstOccurence>0</DayOfFirstOccurence>
                <ProbabilityPercent>50</ProbabilityPercent>
                <GameDBSymptomRef>SYM_HYPOCALCAEMIA</GameDBSymptomRef>
            </GameDBSymptomRules>
            <GameDBSymptomRules>
                <DayOfFirstOccurence>0</DayOfFirstOccurence>
                <ProbabilityPercent>70</ProbabilityPercent>
                <GameDBSymptomRef>SYM_ABDOMINAL_PAIN</GameDBSymptomRef>
            </GameDBSymptomRules>
            <GameDBSymptomRules>
                <DayOfFirstOccurence>0</DayOfFirstOccurence>
                <ProbabilityPercent>70</ProbabilityPercent>
                <GameDBSymptomRef>SYM_FATIGUE</GameDBSymptomRef>
            </GameDBSymptomRules>
            <GameDBSymptomRules>
                <DayOfFirstOccurence>0</DayOfFirstOccurence>
                <ProbabilityPercent>50</ProbabilityPercent>
                <GameDBSymptomRef>SYM_TREMOR</GameDBSymptomRef>
            </GameDBSymptomRules>
            <GameDBSymptomRules>
                <DayOfFirstOccurence>0</DayOfFirstOccurence>
                <ProbabilityPercent>50</ProbabilityPercent>
                <GameDBSymptomRef>SYM_AZOTEMIA</GameDBSymptomRef>
            </GameDBSymptomRules>
            <GameDBSymptomRules>
                <DayOfFirstOccurence>0</DayOfFirstOccurence>
                <ProbabilityPercent>70</ProbabilityPercent>
                <GameDBSymptomRef>SYM_LOSS_OF_APETITE</GameDBSymptomRef>
            </GameDBSymptomRules>
            <GameDBSymptomRules>
                <DayOfFirstOccurence>0</DayOfFirstOccurence>
                <ProbabilityPercent>60</ProbabilityPercent>
                <GameDBSymptomRef>SYM_LIPIDURIA</GameDBSymptomRef>
            </GameDBSymptomRules>
            <GameDBSymptomRules>
                <DayOfFirstOccurence>0</DayOfFirstOccurence>
                <ProbabilityPercent>70</ProbabilityPercent>
                <GameDBSymptomRef>SYM_VOMITING</GameDBSymptomRef>
            </GameDBSymptomRules>
            <GameDBSymptomRules>
                <DayOfFirstOccurence>0</DayOfFirstOccurence>
                <ProbabilityPercent>60</ProbabilityPercent>
                <GameDBSymptomRef>SYM_CONFUSION</GameDBSymptomRef>
            </GameDBSymptomRules>
            <GameDBSymptomRules>
                <DayOfFirstOccurence>0</DayOfFirstOccurence>
                <ProbabilityPercent>70</ProbabilityPercent>
                <GameDBSymptomRef>SYM_HYPERTENSION</GameDBSymptomRef>
            </GameDBSymptomRules>
            <GameDBSymptomRules>
                <DayOfFirstOccurence>0</DayOfFirstOccurence>
                <ProbabilityPercent>1</ProbabilityPercent> <!--formaly removed from the diagnose-->
                <GameDBSymptomRef>SYM_CRP_HIGH</GameDBSymptomRef>
            </GameDBSymptomRules>
            <GameDBSymptomRules>
                <ProbabilityPercent>100</ProbabilityPercent>
                <GameDBSymptomRef>SYM_KN_KIDNEY_TISSUE_DAMAGED</GameDBSymptomRef>
            </GameDBSymptomRules>
            <GameDBSymptomRules>
                <DayOfFirstOccurence>0</DayOfFirstOccurence>
                <ProbabilityPercent>50</ProbabilityPercent>
                <GameDBSymptomRef>SYM_CHEST_PAIN</GameDBSymptomRef> <!--COMPLICATION-->
            </GameDBSymptomRules>
			<GameDBSymptomRules>
                <DayOfFirstOccurence>0</DayOfFirstOccurence>
                <ProbabilityPercent>100</ProbabilityPercent>
                <GameDBSymptomRef>SYM_KN_NEEDS_UROLOGY</GameDBSymptomRef>
            </GameDBSymptomRules>
        </Symptoms>
        <Examinations>
            <ExaminationRef>EXM_INTERVIEW</ExaminationRef>
            <!--ExaminationRef>EXM_OBSERVATION</ExaminationRef-->
            <ExaminationRef>EXM_PHYSICAL_AND_VISUAL_EXAMINATION</ExaminationRef>
            <ExaminationRef>EXM_SPEECH_LISTENING</ExaminationRef>
            <ExaminationRef>EXM_ABDOMINAL_PALPATION</ExaminationRef>
            <ExaminationRef>EXM_BLOOD_PRESSURE_AND_PULSE_MEASUREMENT</ExaminationRef>
            <ExaminationRef>EXM_CRP</ExaminationRef>
            <ExaminationRef>EXM_BLOOD_TEST_SAMPLING</ExaminationRef>
            <ExaminationRef>EXM_URINE_SAMPLE_ANALYSIS_SAMPLING</ExaminationRef>
            <ExaminationRef>EXM_THORAX_PERCUSSION</ExaminationRef> <!--COMPLICATION-->
            <ExaminationRef>EXM_EVALUATION</ExaminationRef>
            <ExaminationRef>EXM_MRI</ExaminationRef>
            <ExaminationRef>EXM_DIFFERENTIAL_DIAGNOSIS</ExaminationRef>
        </Examinations>
        <Treatments>
            <TreatmentRef>TRT_HOSPITALIZATION_HIGH_PRIORITY</TreatmentRef>
            <TreatmentRef>TRT_DIALYSIS</TreatmentRef>
			<TreatmentRef>TRT_KN_DIALYSIS</TreatmentRef>
            <TreatmentRef>TRT_INTRAVENOUS_CALCIUM_GLUCONATE</TreatmentRef>
            <TreatmentRef>TRT_ANTIHYPERTENSIVES</TreatmentRef>
            <TreatmentRef>TRT_DIET_MODIFICATION</TreatmentRef>
            <TreatmentRef>TRT_ANALGESICS</TreatmentRef>
        </Treatments>
        <IconIndex>1107</IconIndex>
        <DepartmentRef>DPT_URKN</DepartmentRef>
        <InsurancePayment>2000</InsurancePayment>
        <Tags>
            <Tag>disease</Tag>
        </Tags>
		<Disabled>true</Disabled>
    </GameDBMedicalCondition>

    <!-- Chronic kidney disease -->
    <GameDBMedicalCondition ID="DIA_KN_CKD">
        <AbbreviationLocID>DIA_CKD_DESCRIPTION</AbbreviationLocID>
        <Duration>3</Duration>
        <OccurrenceRef>OCCURRENCE_KN_UNCOMMON</OccurrenceRef>
        <Symptoms>
            <GameDBSymptomRules>
                <DayOfFirstOccurence>0</DayOfFirstOccurence>
                <ProbabilityPercent>50</ProbabilityPercent>
                <GameDBSymptomRef>SYM_NAUSEA</GameDBSymptomRef>
            </GameDBSymptomRules>
            <GameDBSymptomRules>
                <DayOfFirstOccurence>0</DayOfFirstOccurence>
                <ProbabilityPercent>50</ProbabilityPercent>
                <GameDBSymptomRef>SYM_VOMITING</GameDBSymptomRef>
            </GameDBSymptomRules>
            <GameDBSymptomRules>
                <DayOfFirstOccurence>0</DayOfFirstOccurence>
                <ProbabilityPercent>50</ProbabilityPercent>
                <GameDBSymptomRef>SYM_LOSS_OF_APETITE</GameDBSymptomRef>
            </GameDBSymptomRules>
            <GameDBSymptomRules>
                <DayOfFirstOccurence>0</DayOfFirstOccurence>
                <ProbabilityPercent>60</ProbabilityPercent>
                <GameDBSymptomRef>SYM_FATIGUE</GameDBSymptomRef>
            </GameDBSymptomRules>
            <GameDBSymptomRules>
                <DayOfFirstOccurence>0</DayOfFirstOccurence>
                <ProbabilityPercent>60</ProbabilityPercent>
                <GameDBSymptomRef>SYM_WEAKNESS</GameDBSymptomRef>
            </GameDBSymptomRules>
            <GameDBSymptomRules>
                <DayOfFirstOccurence>0</DayOfFirstOccurence>
                <ProbabilityPercent>70</ProbabilityPercent>
                <GameDBSymptomRef>SYM_SLEEPING_DIFFICULTIES</GameDBSymptomRef>
            </GameDBSymptomRules>
            <GameDBSymptomRules>
                <DayOfFirstOccurence>0</DayOfFirstOccurence>
                <ProbabilityPercent>70</ProbabilityPercent>
                <GameDBSymptomRef>SYM_AZOTEMIA</GameDBSymptomRef>
            </GameDBSymptomRules>
            <GameDBSymptomRules>
                <DayOfFirstOccurence>0</DayOfFirstOccurence>
                <ProbabilityPercent>60</ProbabilityPercent>
                <GameDBSymptomRef>SYM_HYPERTENSION</GameDBSymptomRef>
            </GameDBSymptomRules>
            <GameDBSymptomRules>
                <DayOfFirstOccurence>0</DayOfFirstOccurence>
                <ProbabilityPercent>60</ProbabilityPercent>
                <GameDBSymptomRef>SYM_TENDERNESS</GameDBSymptomRef>
            </GameDBSymptomRules>
            <GameDBSymptomRules>
                <DayOfFirstOccurence>0</DayOfFirstOccurence>
                <ProbabilityPercent>60</ProbabilityPercent>
                <GameDBSymptomRef>SYM_ABDOMINAL_PAIN</GameDBSymptomRef>
            </GameDBSymptomRules>
            <GameDBSymptomRules>
                <DayOfFirstOccurence>0</DayOfFirstOccurence>
                <ProbabilityPercent>50</ProbabilityPercent>
                <GameDBSymptomRef>SYM_BACK_PAIN</GameDBSymptomRef>
            </GameDBSymptomRules>
            <GameDBSymptomRules>
                <DayOfFirstOccurence>0</DayOfFirstOccurence>
                <ProbabilityPercent>60</ProbabilityPercent>
                <GameDBSymptomRef>SYM_CONFUSION</GameDBSymptomRef>
            </GameDBSymptomRules>
            <GameDBSymptomRules>
                <ProbabilityPercent>100</ProbabilityPercent>
                <GameDBSymptomRef>SYM_KN_KIDNEY_PROGRESSIVE_DAMAGE</GameDBSymptomRef>
            </GameDBSymptomRules>
            <GameDBSymptomRules>
                <DayOfFirstOccurence>0</DayOfFirstOccurence>
                <ProbabilityPercent>40</ProbabilityPercent>
                <GameDBSymptomRef>SYM_EDEMA</GameDBSymptomRef> <!--COMPLICATION-->
            </GameDBSymptomRules>
            <GameDBSymptomRules>
                <DayOfFirstOccurence>0</DayOfFirstOccurence>
                <ProbabilityPercent>30</ProbabilityPercent>
                <GameDBSymptomRef>SYM_ANEMIA</GameDBSymptomRef> <!--COMPLICATION-->
            </GameDBSymptomRules>
            <GameDBSymptomRules>
                <DayOfFirstOccurence>0</DayOfFirstOccurence>
                <ProbabilityPercent>20</ProbabilityPercent>
                <GameDBSymptomRef>SYM_OSTEOPOROSIS</GameDBSymptomRef> <!--COMPLICATION-->
            </GameDBSymptomRules>
			<GameDBSymptomRules>
                <DayOfFirstOccurence>0</DayOfFirstOccurence>
                <ProbabilityPercent>100</ProbabilityPercent>
                <GameDBSymptomRef>SYM_KN_NEEDS_UROLOGY</GameDBSymptomRef>
            </GameDBSymptomRules>
        </Symptoms>
        <Examinations>
            <ExaminationRef>EXM_INTERVIEW</ExaminationRef>
            <!--ExaminationRef>EXM_OBSERVATION</ExaminationRef-->
            <ExaminationRef>EXM_PHYSICAL_AND_VISUAL_EXAMINATION</ExaminationRef>
            <ExaminationRef>EXM_ABDOMINAL_PALPATION</ExaminationRef>
            <ExaminationRef>EXM_BLOOD_PRESSURE_AND_PULSE_MEASUREMENT</ExaminationRef>
            <ExaminationRef>EXM_BLOOD_TEST_SAMPLING</ExaminationRef>
            <ExaminationRef>EXM_EVALUATION</ExaminationRef>			
			<ExaminationRef>EXM_CT</ExaminationRef>
            <ExaminationRef>EXM_DIFFERENTIAL_DIAGNOSIS</ExaminationRef>
        </Examinations>
        <Treatments>
            <TreatmentRef>TRT_HOSPITALIZATION_HIGH_PRIORITY</TreatmentRef>
            <TreatmentRef>TRT_DIALYSIS</TreatmentRef>
			<TreatmentRef>TRT_KN_DIALYSIS</TreatmentRef>
            <TreatmentRef>TRT_DIET_MODIFICATION</TreatmentRef>
            <TreatmentRef>TRT_STOMACHICS</TreatmentRef>
            <TreatmentRef>TRT_ANTIHYPERTENSIVES</TreatmentRef>
            <TreatmentRef>TRT_DIURETICS</TreatmentRef> <!--COMPLICATION-->
            <TreatmentRef>TRT_VITAMIN_SUPPLEMENTATION</TreatmentRef> <!--COMPLICATION-->
            <TreatmentRef>TRT_BONE_STRENGTH_PILLS</TreatmentRef> <!--COMPLICATION-->
            <TreatmentRef>TRT_ANALGESICS</TreatmentRef> <!--ADDITIONAL-->
        </Treatments>
        <IconIndex>1105</IconIndex>
        <DepartmentRef>DPT_URKN</DepartmentRef>
        <InsurancePayment>1500</InsurancePayment>
        <Tags>
            <Tag>disease</Tag>
        </Tags>
		<Disabled>true</Disabled>
    </GameDBMedicalCondition>

    <!-- Calculus of kidney -->
    <GameDBMedicalCondition ID="DIA_KN_COK">
        <AbbreviationLocID>DIA_COK_DESCRIPTION</AbbreviationLocID>
        <Duration>2</Duration>
        <OccurrenceRef>OCCURRENCE_KN_UNCOMMON</OccurrenceRef>
        <Symptoms>
            <GameDBSymptomRules>
                <DayOfFirstOccurence>0</DayOfFirstOccurence>
                <ProbabilityPercent>50</ProbabilityPercent>
                <GameDBSymptomRef>SYM_BACK_PAIN</GameDBSymptomRef>
            </GameDBSymptomRules>
            <GameDBSymptomRules>
                <DayOfFirstOccurence>0</DayOfFirstOccurence>
                <ProbabilityPercent>60</ProbabilityPercent>
                <GameDBSymptomRef>SYM_ABDOMINAL_PAIN</GameDBSymptomRef>
            </GameDBSymptomRules>
            <GameDBSymptomRules>
                <DayOfFirstOccurence>0</DayOfFirstOccurence>
                <ProbabilityPercent>70</ProbabilityPercent>
                <GameDBSymptomRef>SYM_PAINFUL_URINATION</GameDBSymptomRef>
            </GameDBSymptomRules>
            <GameDBSymptomRules>
                <DayOfFirstOccurence>0</DayOfFirstOccurence>
                <ProbabilityPercent>70</ProbabilityPercent>
                <GameDBSymptomRef>SYM_HEMATURIA</GameDBSymptomRef>
            </GameDBSymptomRules>
            <GameDBSymptomRules>
                <DayOfFirstOccurence>0</DayOfFirstOccurence>
                <ProbabilityPercent>60</ProbabilityPercent>
                <GameDBSymptomRef>SYM_FEVER</GameDBSymptomRef>
            </GameDBSymptomRules>
            <GameDBSymptomRules>
                <DayOfFirstOccurence>0</DayOfFirstOccurence>
                <ProbabilityPercent>60</ProbabilityPercent>
                <GameDBSymptomRef>SYM_CHILLS</GameDBSymptomRef>
            </GameDBSymptomRules>
            <GameDBSymptomRules>
                <DayOfFirstOccurence>0</DayOfFirstOccurence>
                <ProbabilityPercent>50</ProbabilityPercent>
                <GameDBSymptomRef>SYM_VOMITING</GameDBSymptomRef>
            </GameDBSymptomRules>
            <GameDBSymptomRules>
                <DayOfFirstOccurence>0</DayOfFirstOccurence>
                <ProbabilityPercent>70</ProbabilityPercent>
                <GameDBSymptomRef>SYM_CLOUDY_URINE</GameDBSymptomRef>
            </GameDBSymptomRules>
            <GameDBSymptomRules>
                <DayOfFirstOccurence>0</DayOfFirstOccurence>
                <ProbabilityPercent>70</ProbabilityPercent>
                <GameDBSymptomRef>SYM_PERSISTENT_URGE_TO_URINATE</GameDBSymptomRef>
            </GameDBSymptomRules>
            <GameDBSymptomRules>
                <DayOfFirstOccurence>0</DayOfFirstOccurence>
                <ProbabilityPercent>70</ProbabilityPercent>
                <GameDBSymptomRef>SYM_FREQUENT_URINATION</GameDBSymptomRef>
            </GameDBSymptomRules>
            <GameDBSymptomRules>
                <ProbabilityPercent>100</ProbabilityPercent>
                <GameDBSymptomRef>SYM_KN_KIDNEY_STONES_DISCOVERED</GameDBSymptomRef>
            </GameDBSymptomRules>
			<GameDBSymptomRules>
                <DayOfFirstOccurence>0</DayOfFirstOccurence>
                <ProbabilityPercent>100</ProbabilityPercent>
                <GameDBSymptomRef>SYM_KN_NEEDS_UROLOGY</GameDBSymptomRef>
            </GameDBSymptomRules>
        </Symptoms>
        <Examinations>
            <ExaminationRef>EXM_INTERVIEW</ExaminationRef>
            <ExaminationRef>EXM_PHYSICAL_AND_VISUAL_EXAMINATION</ExaminationRef>
            <ExaminationRef>EXM_ABDOMINAL_PALPATION</ExaminationRef>
			<ExaminationRef>EXM_URINE_SAMPLE_ANALYSIS_SAMPLING</ExaminationRef>
            <ExaminationRef>EXM_CT</ExaminationRef>
            <ExaminationRef>EXM_EVALUATION</ExaminationRef>           
			<ExaminationRef>EXM_DIFFERENTIAL_DIAGNOSIS</ExaminationRef>
        </Examinations>
        <Treatments>
            <TreatmentRef>TRT_KN_SHOCK_WAVE_LITHOTRIPSY</TreatmentRef>
            <TreatmentRef>TRT_ANALGESICS</TreatmentRef>
            <TreatmentRef>TRT_REHYDRATION</TreatmentRef>
            <TreatmentRef>TRT_HOME_TREATMENT</TreatmentRef>
            <TreatmentRef>TRT_ANTIPYRETICS</TreatmentRef> <!--ADDITIONAL-->
        </Treatments>
        <IconIndex>1109</IconIndex>
        <DepartmentRef>DPT_URKN</DepartmentRef>
        <InsurancePayment>1000</InsurancePayment>
        <Tags>
            <Tag>disease</Tag>
        </Tags>
		<Disabled>true</Disabled>
    </GameDBMedicalCondition>

    <!-- ================================================== TRAUMAS ================================================== -->

    <!-- ===================================== NEW DIAGNOSES ===================================== -->
    
    <!-- Hemolytic uremic syndrome -->
    <GameDBMedicalCondition ID="DIA_KN_047">
        <AbbreviationLocID>DIA_047_DESCRIPTION</AbbreviationLocID>
        <Duration>3</Duration>
        <OccurrenceRef>OCCURRENCE_KN_UNCOMMON</OccurrenceRef>
        <Symptoms>
            <GameDBSymptomRules>
                <DayOfFirstOccurence>0</DayOfFirstOccurence>
                <ProbabilityPercent>90</ProbabilityPercent>
                <GameDBSymptomRef>SYM_DIARRHEA</GameDBSymptomRef>
            </GameDBSymptomRules>
            <GameDBSymptomRules>
                <DayOfFirstOccurence>0</DayOfFirstOccurence>
                <ProbabilityPercent>75</ProbabilityPercent>
                <GameDBSymptomRef>SYM_HEMATOCHEZIA</GameDBSymptomRef>
            </GameDBSymptomRules>
            <GameDBSymptomRules>
                <DayOfFirstOccurence>0</DayOfFirstOccurence>
                <ProbabilityPercent>90</ProbabilityPercent>
                <GameDBSymptomRef>SYM_ABDOMINAL_PAIN</GameDBSymptomRef>
            </GameDBSymptomRules>
            <GameDBSymptomRules>
                <DayOfFirstOccurence>0</DayOfFirstOccurence>
                <ProbabilityPercent>70</ProbabilityPercent>
                <GameDBSymptomRef>SYM_FEVER</GameDBSymptomRef>
            </GameDBSymptomRules>
            <GameDBSymptomRules>
                <DayOfFirstOccurence>0</DayOfFirstOccurence>
                <ProbabilityPercent>75</ProbabilityPercent>
                <GameDBSymptomRef>SYM_CRAMPS</GameDBSymptomRef>
            </GameDBSymptomRules>
            <GameDBSymptomRules>
                <DayOfFirstOccurence>0</DayOfFirstOccurence>
                <ProbabilityPercent>75</ProbabilityPercent>
                <GameDBSymptomRef>SYM_BLOATING</GameDBSymptomRef>
            </GameDBSymptomRules>
            <GameDBSymptomRules>
                <DayOfFirstOccurence>0</DayOfFirstOccurence>
                <ProbabilityPercent>75</ProbabilityPercent>
                <GameDBSymptomRef>SYM_VOMITING</GameDBSymptomRef>
            </GameDBSymptomRules>
            <GameDBSymptomRules>
                <DayOfFirstOccurence>0</DayOfFirstOccurence>
                <ProbabilityPercent>90</ProbabilityPercent>
                <GameDBSymptomRef>SYM_FEVER</GameDBSymptomRef>
            </GameDBSymptomRules>
            <GameDBSymptomRules>
                <DayOfFirstOccurence>0</DayOfFirstOccurence>
                <ProbabilityPercent>90</ProbabilityPercent>
                <GameDBSymptomRef>SYM_ANEMIA</GameDBSymptomRef>
            </GameDBSymptomRules>
            <GameDBSymptomRules>
                <DayOfFirstOccurence>0</DayOfFirstOccurence>
                <ProbabilityPercent>90</ProbabilityPercent>
                <GameDBSymptomRef>SYM_BREATHING_DIFFICULTIES</GameDBSymptomRef>
            </GameDBSymptomRules>
            <GameDBSymptomRules>
                <DayOfFirstOccurence>0</DayOfFirstOccurence>
                <ProbabilityPercent>90</ProbabilityPercent>
                <GameDBSymptomRef>SYM_FATIGUE</GameDBSymptomRef>
            </GameDBSymptomRules>
            <GameDBSymptomRules>
                <DayOfFirstOccurence>0</DayOfFirstOccurence>
                <ProbabilityPercent>90</ProbabilityPercent>
                <GameDBSymptomRef>SYM_HEMATURIA</GameDBSymptomRef>
            </GameDBSymptomRules>
            <GameDBSymptomRules>
                <DayOfFirstOccurence>0</DayOfFirstOccurence>
                <ProbabilityPercent>90</ProbabilityPercent>
                <GameDBSymptomRef>SYM_DYSURIA</GameDBSymptomRef>
            </GameDBSymptomRules>
            <GameDBSymptomRules>
                <DayOfFirstOccurence>0</DayOfFirstOccurence>
                <ProbabilityPercent>90</ProbabilityPercent>
                <GameDBSymptomRef>SYM_CONFUSION</GameDBSymptomRef>
            </GameDBSymptomRules>
            <GameDBSymptomRules>
                <ProbabilityPercent>100</ProbabilityPercent>
                <GameDBSymptomRef>SYM_KN_E_COLI_TOXIN_DETECTED</GameDBSymptomRef>
            </GameDBSymptomRules>
			<GameDBSymptomRules>
                <DayOfFirstOccurence>0</DayOfFirstOccurence>
                <ProbabilityPercent>100</ProbabilityPercent>
                <GameDBSymptomRef>SYM_KN_NEEDS_UROLOGY</GameDBSymptomRef>
            </GameDBSymptomRules>
        </Symptoms>
        <Examinations>
            <ExaminationRef>EXM_INTERVIEW</ExaminationRef>
            <ExaminationRef>EXM_PHYSICAL_AND_VISUAL_EXAMINATION</ExaminationRef>
            <ExaminationRef>EXM_ABDOMINAL_PALPATION</ExaminationRef>
            <ExaminationRef>EXM_TEMPERATURE_MEASUREMENT</ExaminationRef>
            <ExaminationRef>EXM_CHEST_LISTENING</ExaminationRef>
            <ExaminationRef>EXM_URINE_SAMPLE_ANALYSIS_SAMPLING</ExaminationRef>
            <ExaminationRef>EXM_BLOOD_TEST_SAMPLING</ExaminationRef>
			<ExaminationRef>EXM_STOOL_ANALYSIS_SAMPLING</ExaminationRef>
            <ExaminationRef>EXM_EVALUATION</ExaminationRef>          
		    <ExaminationRef>EXM_DIFFERENTIAL_DIAGNOSIS</ExaminationRef>
        </Examinations>
        <Treatments>
            <TreatmentRef>TRT_HOSPITALIZATION_NORMAL</TreatmentRef>
            <TreatmentRef>TRT_BLOOD_TRANSFUSION</TreatmentRef>
            <TreatmentRef>TRT_ANALGESICS</TreatmentRef>
            <TreatmentRef>TRT_ANTIPYRETICS</TreatmentRef>
            <TreatmentRef>TRT_ANTIBIOTICS</TreatmentRef>
            <TreatmentRef>TRT_NSAIDS</TreatmentRef>
            <TreatmentRef>TRT_BRONCHODILATORS</TreatmentRef>
        </Treatments>
        <IconIndex>2238</IconIndex>
        <DepartmentRef>DPT_URKN</DepartmentRef>
        <InsurancePayment>1200</InsurancePayment>
        <Tags>
            <Tag>disease</Tag>
        </Tags>
		<Disabled>true</Disabled>
    </GameDBMedicalCondition>

    <!-- ================================================== TRAUMAS ================================================== -->

    <!-- ===================================== NEW DIAGNOSES ===================================== -->
</Database>