<Database>
	<!-- Oncology Mod by Sleepy068 -->
    <GameDBDiagnosisOccurrence ID="OCCURRENCE_KN_COMMON">
        <OccurrenceRate>100</OccurrenceRate>
    </GameDBDiagnosisOccurrence>
    
    <GameDBDiagnosisOccurrence ID="OCCURRENCE_KN_UNCOMMON">
        <OccurrenceRate>50</OccurrenceRate>
    </GameDBDiagnosisOccurrence>
	
	<GameDBDiagnosisOccurrence ID="OCCURRENCE_KN_UNLIKELY">
        <OccurrenceRate>33</OccurrenceRate>
    </GameDBDiagnosisOccurrence>
    
    <GameDBDiagnosisOccurrence ID="OCCURRENCE_KN_RARE">
        <OccurrenceRate>25</OccurrenceRate>
    </GameDBDiagnosisOccurrence>
	
	<GameDBDiagnosisOccurrence ID="OCCURRENCE_KN_PRETTYRARE">
        <OccurrenceRate>15</OccurrenceRate>
    </GameDBDiagnosisOccurrence>
	
	<GameDBDiagnosisOccurrence ID="OCCURRENCE_KN_VERYRARE">
		<OccurrenceRate>10</OccurrenceRate>
	</GameDBDiagnosisOccurrence>
	  
	<GameDBDiagnosisOccurrence ID="OCCURRENCE_KN_ULTRARARE">
		<OccurrenceRate>5</OccurrenceRate>
	</GameDBDiagnosisOccurrence>
	
	<GameDBDiagnosisOccurrence ID="OCCURRENCE_KN_UNIQUE">
		<OccurrenceRate>2</OccurrenceRate>
	</GameDBDiagnosisOccurrence>
	
	<GameDBDiagnosisOccurrence ID="OCCURRENCE_KN_ULTRAUNIQUE">
		<OccurrenceRate>1</OccurrenceRate>
	</GameDBDiagnosisOccurrence>
</Database>
