﻿<Database>

   <GameDBObject ID="OBJECT_DECAL_MOD_UR">
        <AbbreviationLocID>OBJECT_DECAL_MOD_DESC</AbbreviationLocID>
        <TextureRef>ASSET_MOD_DECALS_UR</TextureRef>
        <TextureAtlasLayout>LAYOUT_16_X_16</TextureAtlasLayout>
        <SpriteShape>SHAPE_1_X_1</SpriteShape>
        <TextureIDNW>0</TextureIDNW>
        <TextureIDNE>1</TextureIDNE>
        <TextureIDSE>2</TextureIDSE>
        <TextureIDSW>3</TextureIDSW>
        <CustomIconAssetRef>ASSET_MOD_DECAL_PROP_UR</CustomIconAssetRef>

        <Placement>UNLIMITED</Placement>

        <AccessPositions></AccessPositions><!-- No limit -->
        <PlacedToEdge>true</PlacedToEdge>
        <AttachedToWall>true</AttachedToWall>
        <AllowedInCorners>true</AllowedInCorners>
        <NonBlocking>true</NonBlocking>
        <NotInteractable>true</NotInteractable>
        <HeightOffset>1.5</HeightOffset>

        <Tags>
            <Tag>ui_decals</Tag>
        </Tags>

        <ColorSetRef>COLOR_SET_BUILDING_DECALS</ColorSetRef>
        <Cost>20</Cost>
    </GameDBObject>

</Database>



















































































