﻿<Database>
   
    <!-- Calculus of ureter -->
    <GameDBMedicalCondition ID="DIA_COU">
        <AbbreviationLocID>DIA_COU_DESCRIPTION</AbbreviationLocID>
        <Duration>2</Duration>
        <OccurrenceRef>OCCURRENCE_KN_UNCOMMON</OccurrenceRef>
        <Symptoms>
            <GameDBSymptomRules>
                <DayOfFirstOccurence>0</DayOfFirstOccurence>
                <ProbabilityPercent>70</ProbabilityPercent>
                <GameDBSymptomRef>SYM_ABDOMINAL_PAIN</GameDBSymptomRef>
            </GameDBSymptomRules>
            <GameDBSymptomRules>
                <DayOfFirstOccurence>0</DayOfFirstOccurence>
                <ProbabilityPercent>50</ProbabilityPercent>
                <GameDBSymptomRef>SYM_DYSURIA</GameDBSymptomRef>
            </GameDBSymptomRules>
            <GameDBSymptomRules>
                <DayOfFirstOccurence>0</DayOfFirstOccurence>
                <ProbabilityPercent>60</ProbabilityPercent>
                <GameDBSymptomRef>SYM_FREQUENT_URINATION</GameDBSymptomRef>
            </GameDBSymptomRules>
            <GameDBSymptomRules>
                <DayOfFirstOccurence>0</DayOfFirstOccurence>
                <ProbabilityPercent>60</ProbabilityPercent>
                <GameDBSymptomRef>SYM_HEMATURIA</GameDBSymptomRef>
            </GameDBSymptomRules>
            <GameDBSymptomRules>
                <DayOfFirstOccurence>0</DayOfFirstOccurence>
                <ProbabilityPercent>50</ProbabilityPercent>
                <GameDBSymptomRef>SYM_WEAKNESS</GameDBSymptomRef>
            </GameDBSymptomRules>
            <GameDBSymptomRules>
                <DayOfFirstOccurence>0</DayOfFirstOccurence>
                <ProbabilityPercent>60</ProbabilityPercent>
                <GameDBSymptomRef>SYM_PAINFUL_URINATION</GameDBSymptomRef>
            </GameDBSymptomRules>
            <GameDBSymptomRules>
                <DayOfFirstOccurence>0</DayOfFirstOccurence>
                <ProbabilityPercent>70</ProbabilityPercent>
                <GameDBSymptomRef>SYM_CLOUDY_URINE</GameDBSymptomRef>
            </GameDBSymptomRules>
            <GameDBSymptomRules>
                <ProbabilityPercent>100</ProbabilityPercent>
                <GameDBSymptomRef>SYM_URETHRAL_STONES_DETECTED</GameDBSymptomRef>
            </GameDBSymptomRules>
        </Symptoms>
        <Examinations>
            <ExaminationRef>EXM_INTERVIEW</ExaminationRef>
            <ExaminationRef>EXM_ABDOMINAL_PALPATION</ExaminationRef>
            <ExaminationRef>EXM_PHYSICAL_AND_VISUAL_EXAMINATION</ExaminationRef>
            <ExaminationRef>EXM_URINE_SAMPLE_ANALYSIS_SAMPLING</ExaminationRef>
            <ExaminationRef>EXM_USG</ExaminationRef>
            <ExaminationRef>EXM_DIFFERENTIAL_DIAGNOSIS</ExaminationRef>
        </Examinations>
        <Treatments>
            <TreatmentRef>TRT_SHOCK_WAVE_LITHOTRIPSY</TreatmentRef>
            <TreatmentRef>TRT_ANALGESICS</TreatmentRef>
            <TreatmentRef>TRT_REHYDRATION</TreatmentRef>
            <TreatmentRef>TRT_HOME_TREATMENT</TreatmentRef>
        </Treatments>
        <IconIndex>1109</IconIndex>
        <DepartmentRef>DPT_URKN</DepartmentRef>
        <InsurancePayment>700</InsurancePayment>
        <Tags>
            <Tag>disease</Tag>
        </Tags>
    </GameDBMedicalCondition>

    <!-- Calculus in bladder -->
    <GameDBMedicalCondition ID="DIA_CIB">
        <AbbreviationLocID>DIA_CIB_DESCRIPTION</AbbreviationLocID>
        <Duration>2</Duration>
        <OccurrenceRef>OCCURRENCE_KN_UNCOMMON</OccurrenceRef>
        <Symptoms>
            <GameDBSymptomRules>
                <DayOfFirstOccurence>0</DayOfFirstOccurence>
                <ProbabilityPercent>70</ProbabilityPercent>
                <GameDBSymptomRef>SYM_ABDOMINAL_PAIN</GameDBSymptomRef>
            </GameDBSymptomRules>
            <GameDBSymptomRules>
                <DayOfFirstOccurence>0</DayOfFirstOccurence>
                <ProbabilityPercent>50</ProbabilityPercent>
                <GameDBSymptomRef>SYM_DYSURIA</GameDBSymptomRef>
            </GameDBSymptomRules>
            <GameDBSymptomRules>
                <DayOfFirstOccurence>0</DayOfFirstOccurence>
                <ProbabilityPercent>60</ProbabilityPercent>
                <GameDBSymptomRef>SYM_FREQUENT_URINATION</GameDBSymptomRef>
            </GameDBSymptomRules>
            <GameDBSymptomRules>
                <DayOfFirstOccurence>0</DayOfFirstOccurence>
                <ProbabilityPercent>60</ProbabilityPercent>
                <GameDBSymptomRef>SYM_STRONG-SMELLING_URINE</GameDBSymptomRef>
            </GameDBSymptomRules>
            <GameDBSymptomRules>
                <DayOfFirstOccurence>0</DayOfFirstOccurence>
                <ProbabilityPercent>60</ProbabilityPercent>
                <GameDBSymptomRef>SYM_HEMATURIA</GameDBSymptomRef>
            </GameDBSymptomRules>
            <GameDBSymptomRules>
                <DayOfFirstOccurence>0</DayOfFirstOccurence>
                <ProbabilityPercent>60</ProbabilityPercent>
                <GameDBSymptomRef>SYM_PAINFUL_URINATION</GameDBSymptomRef>
            </GameDBSymptomRules>
            <GameDBSymptomRules>
                <DayOfFirstOccurence>0</DayOfFirstOccurence>
                <ProbabilityPercent>70</ProbabilityPercent>
                <GameDBSymptomRef>SYM_CLOUDY_URINE</GameDBSymptomRef>
            </GameDBSymptomRules>
            <GameDBSymptomRules>
                <ProbabilityPercent>100</ProbabilityPercent>
                <GameDBSymptomRef>SYM_BLADDER_STONES_DETECTED</GameDBSymptomRef>
            </GameDBSymptomRules>
        </Symptoms>
        <Examinations>
            <ExaminationRef>EXM_INTERVIEW</ExaminationRef>
            <ExaminationRef>EXM_ABDOMINAL_PALPATION</ExaminationRef>
            <ExaminationRef>EXM_PHYSICAL_AND_VISUAL_EXAMINATION</ExaminationRef>
            <ExaminationRef>EXM_URINE_SAMPLE_ANALYSIS_SAMPLING</ExaminationRef>
            <ExaminationRef>EXM_USG</ExaminationRef>
            <ExaminationRef>EXM_DIFFERENTIAL_DIAGNOSIS</ExaminationRef>
        </Examinations>
        <Treatments>
            <TreatmentRef>TRT_SHOCK_WAVE_LITHOTRIPSY</TreatmentRef>
            <TreatmentRef>TRT_ANALGESICS</TreatmentRef>
            <TreatmentRef>TRT_REHYDRATION</TreatmentRef>
            <TreatmentRef>TRT_HOME_TREATMENT</TreatmentRef>
        </Treatments>
        <IconIndex>1109</IconIndex>
        <DepartmentRef>DPT_URKN</DepartmentRef>
        <InsurancePayment>400</InsurancePayment>
        <Tags>
            <Tag>disease</Tag>
        </Tags>
    </GameDBMedicalCondition>

    <!-- Acute cystitis -->
    <GameDBMedicalCondition ID="DIA_ACS">
        <AbbreviationLocID>DIA_ACS_DESCRIPTION</AbbreviationLocID>
        <Duration>2</Duration>
        <OccurrenceRef>OCCURRENCE_KN_UNCOMMON</OccurrenceRef>
        <Symptoms>
            <GameDBSymptomRules>
                <DayOfFirstOccurence>0</DayOfFirstOccurence>
                <ProbabilityPercent>70</ProbabilityPercent>
                <GameDBSymptomRef>SYM_PERSISTENT_URGE_TO_URINATE</GameDBSymptomRef>
            </GameDBSymptomRules>
            <GameDBSymptomRules>
                <DayOfFirstOccurence>0</DayOfFirstOccurence>
                <ProbabilityPercent>60</ProbabilityPercent>
                <GameDBSymptomRef>SYM_DYSURIA</GameDBSymptomRef>
            </GameDBSymptomRules>
            <GameDBSymptomRules>
                <DayOfFirstOccurence>0</DayOfFirstOccurence>
                <ProbabilityPercent>60</ProbabilityPercent>
                <GameDBSymptomRef>SYM_FREQUENT_URINATION</GameDBSymptomRef>
            </GameDBSymptomRules>
            <GameDBSymptomRules>
                <DayOfFirstOccurence>0</DayOfFirstOccurence>
                <ProbabilityPercent>60</ProbabilityPercent>
                <GameDBSymptomRef>SYM_CLOUDY_URINE</GameDBSymptomRef>
            </GameDBSymptomRules>
            <GameDBSymptomRules>
                <DayOfFirstOccurence>0</DayOfFirstOccurence>
                <ProbabilityPercent>60</ProbabilityPercent>
                <GameDBSymptomRef>SYM_STRONG-SMELLING_URINE</GameDBSymptomRef>
            </GameDBSymptomRules>
            <GameDBSymptomRules>
                <DayOfFirstOccurence>0</DayOfFirstOccurence>
                <ProbabilityPercent>60</ProbabilityPercent>
                <GameDBSymptomRef>SYM_HEMATURIA</GameDBSymptomRef>
            </GameDBSymptomRules>
            <GameDBSymptomRules>
                <DayOfFirstOccurence>0</DayOfFirstOccurence>
                <ProbabilityPercent>60</ProbabilityPercent>
                <GameDBSymptomRef>SYM_FEVER</GameDBSymptomRef>
            </GameDBSymptomRules>
            <GameDBSymptomRules>
                <DayOfFirstOccurence>0</DayOfFirstOccurence>
                <ProbabilityPercent>50</ProbabilityPercent>
                <GameDBSymptomRef>SYM_CHILLS</GameDBSymptomRef>
            </GameDBSymptomRules>
            <GameDBSymptomRules>
                <ProbabilityPercent>100</ProbabilityPercent>
                <GameDBSymptomRef>SYM_BLADDER_INFECTION</GameDBSymptomRef>
            </GameDBSymptomRules>
        </Symptoms>
        <Examinations>
            <ExaminationRef>EXM_INTERVIEW</ExaminationRef>
            <ExaminationRef>EXM_PHYSICAL_AND_VISUAL_EXAMINATION</ExaminationRef>
            <ExaminationRef>EXM_TEMPERATURE_MEASUREMENT</ExaminationRef>
            <ExaminationRef>EXM_URINE_SAMPLE_ANALYSIS_SAMPLING</ExaminationRef>
            <ExaminationRef>EXM_BACTERIA_CULTIVATION_SAMPLING</ExaminationRef>
            <ExaminationRef>EXM_DIFFERENTIAL_DIAGNOSIS</ExaminationRef>
        </Examinations>
        <Treatments>
            <TreatmentRef>TRT_ANTIBIOTICS</TreatmentRef>
            <TreatmentRef>TRT_NSAIDS</TreatmentRef>
            <TreatmentRef>TRT_REHYDRATION</TreatmentRef>
            <TreatmentRef>TRT_REST</TreatmentRef>
            <TreatmentRef>TRT_HOME_TREATMENT</TreatmentRef>
            <TreatmentRef>TRT_ANTIPYRETICS</TreatmentRef> <!--ADDITIONAL-->
        </Treatments>
        <IconIndex>1111</IconIndex>
        <DepartmentRef>DPT_URKN</DepartmentRef>
        <InsurancePayment>400</InsurancePayment>
        <Tags>
            <Tag>disease</Tag>
            <Tag>clinic</Tag>
        </Tags>
    </GameDBMedicalCondition>

    <!-- Interstitial cystitis -->
    <GameDBMedicalCondition ID="DIA_INC">
        <AbbreviationLocID>DIA_INC_DESCRIPTION</AbbreviationLocID>
        <Duration>2</Duration>
        <OccurrenceRef>OCCURRENCE_KN_UNCOMMON</OccurrenceRef>
        <Symptoms>
            <GameDBSymptomRules>
                <DayOfFirstOccurence>0</DayOfFirstOccurence>
                <ProbabilityPercent>60</ProbabilityPercent>
                <GameDBSymptomRef>SYM_PERSISTENT_URGE_TO_URINATE</GameDBSymptomRef>
            </GameDBSymptomRules>
            <GameDBSymptomRules>
                <DayOfFirstOccurence>0</DayOfFirstOccurence>
                <ProbabilityPercent>70</ProbabilityPercent>
                <GameDBSymptomRef>SYM_FREQUENT_URINATION</GameDBSymptomRef>
            </GameDBSymptomRules>
            <GameDBSymptomRules>
                <DayOfFirstOccurence>0</DayOfFirstOccurence>
                <ProbabilityPercent>70</ProbabilityPercent>
                <GameDBSymptomRef>SYM_ABDOMINAL_PAIN</GameDBSymptomRef>
            </GameDBSymptomRules>
            <GameDBSymptomRules>
                <ProbabilityPercent>100</ProbabilityPercent>
                <GameDBSymptomRef>SYM_BLADDER_LINING_DEFECTED</GameDBSymptomRef>
            </GameDBSymptomRules>
        </Symptoms>
        <Examinations>
            <ExaminationRef>EXM_INTERVIEW</ExaminationRef>
            <ExaminationRef>EXM_PHYSICAL_AND_VISUAL_EXAMINATION</ExaminationRef>
            <ExaminationRef>EXM_ABDOMINAL_PALPATION</ExaminationRef>
            <ExaminationRef>EXM_BIOPSY_SAMPLING</ExaminationRef>
            <ExaminationRef>EXM_DIFFERENTIAL_DIAGNOSIS</ExaminationRef>
        </Examinations>
        <Treatments>
            <TreatmentRef>TRT_NSAIDS</TreatmentRef>
            <TreatmentRef>TRT_ANALGESICS</TreatmentRef>
            <TreatmentRef>TRT_HOME_TREATMENT</TreatmentRef>
        </Treatments>
        <IconIndex>1111</IconIndex>
        <DepartmentRef>DPT_URKN</DepartmentRef>
        <InsurancePayment>300</InsurancePayment>
        <Tags>
            <Tag>disease</Tag>
            <Tag>clinic</Tag>
        </Tags>
    </GameDBMedicalCondition>

    <!-- ================================================== TRAUMAS ================================================== -->

    <!-- ===================================== NEW DIAGNOSES ===================================== -->
</Database>