<Database>
	
	  <GameDBExamination ID="EXM_URINE_SAMPLE_ANALYSIS_SAMPLING">
        <AbbreviationLocID>EXM_URINE_SAMPLE_ANALYSIS_SAMPLING_DESCRIPTION_1_1</AbbreviationLocID>
        <DiscomfortLevel>Low</DiscomfortLevel>
        <Procedure>
            <StaffSelectionRules>REQUIRED_ROOM_OR_DEFAULT_ROOM</StaffSelectionRules>
            <RequiredDoctorQualificationList>
                <SkillRef>SKILL_DOC_QUALIF_GENERAL_MEDICINE</SkillRef>
            </RequiredDoctorQualificationList>
            <RequiredEquipmentList>
                <RequiredEquipment>
                    <Tag>sit_exam</Tag>
                </RequiredEquipment>
                <RequiredEquipment>
                    <Tag>doc_equipment</Tag>
                </RequiredEquipment>
                <RequiredEquipment>
                    <Tag>clean_hands</Tag>
                </RequiredEquipment>
            </RequiredEquipmentList>
            
            <!--RequiredRoomTypeList>
                <RequiredRoomTypeRef>ROOM_TYPE_DOCTORS_OFFICE</RequiredRoomTypeRef>
                <RequiredRoomTypeRef>ROOM_TYPE_ER_OBSERVATION_ROOM</RequiredRoomTypeRef>
                <RequiredRoomTypeRef>ROOM_TYPE_INTENSIVE_CARE_UNIT</RequiredRoomTypeRef>
                <RequiredRoomTypeRef>ROOM_TYPE_TRAUMA_CENTER</RequiredRoomTypeRef>
                <RequiredRoomTypeRef>ROOM_TYPE_GENERAL_SURGERY_OFFICE</RequiredRoomTypeRef>
                <RequiredRoomTypeRef>ROOM_TYPE_INPATIENT_GS_OFFICE</RequiredRoomTypeRef>
                <RequiredRoomTypeRef>ROOM_TYPE_INTERNAL_MEDICINE_OFFICE</RequiredRoomTypeRef>
                <RequiredRoomTypeRef>ROOM_TYPE_INPATIENT_IM_OFFICE</RequiredRoomTypeRef>
                <RequiredRoomTypeRef>ROOM_TYPE_CARDIOLOGY_OFFICE</RequiredRoomTypeRef>
                <RequiredRoomTypeRef>ROOM_TYPE_INPATIENT_CARDIOLOGY_OFFICE</RequiredRoomTypeRef>
            </RequiredRoomTypeList-->
            
            <RequiredRoomTags>
                <Tag>emergency_doctors_office</Tag>
                <Tag>trauma_center</Tag>
                <Tag>observation</Tag>
                <Tag>general_surgery_office</Tag>
                <Tag>internal_medicine_office</Tag>
                <Tag>cardiology_office</Tag>
                <Tag>icu</Tag>
				<Tag>urology_office</Tag>
            </RequiredRoomTags>
            
            <ProcedureScript>ProcedureScriptExaminationUrineAnalysis</ProcedureScript>
            <AnimationSetupLying>
                <AnimationNameIn>stand_examination_in</AnimationNameIn>
                <AnimationNameIdle>stand_examination_idle</AnimationNameIdle>
                <AnimationNameOut>stand_examination_out</AnimationNameOut>
            </AnimationSetupLying>
            <AnimationSetupSitting>
                <AnimationNameOut>stand_urine_sampling</AnimationNameOut> <!-- THIS exists? -->
            </AnimationSetupSitting>
            <DressLevel>FULL</DressLevel>
            <Biohazard>true</Biohazard>
            <Priority>20</Priority>
        </Procedure>
        <Cost>50</Cost>
        <IconIndex>1691</IconIndex>
        <DurationHours>0</DurationHours>
        <LabTestingExaminationRef>EXM_URINE_SAMPLE_ANALYSIS_TESTING</LabTestingExaminationRef>
    </GameDBExamination>
	
	<GameDBExamination ID="EXM_OPHTHALMOSCOPY">
        <AbbreviationLocID>EXM_OPHTHALMOSCOPY_DESCRIPTION</AbbreviationLocID>
        <DiscomfortLevel>None</DiscomfortLevel>
        <Procedure>
            <StaffSelectionRules>REQUIRED_ROOM_OR_DEFAULT_ROOM</StaffSelectionRules>
            <RequiredDoctorQualificationList>
                <SkillRef>SKILL_DOC_SPEC_ACUTE_MEDICINE</SkillRef>
                <SkillRef>SKILL_DOC_SPEC_INTERNAL_MEDICINE</SkillRef>
                <SkillRef>SKILL_DOC_SPEC_NEUROLOGY</SkillRef>
                <SkillRef>SKILL_DOC_SPEC_CRITICAL_CARE</SkillRef>
				<SkillRef>SKILL_DOC_SPEC_UR</SkillRef>
            </RequiredDoctorQualificationList>
            <RequiredEquipmentList>
                <RequiredEquipment>
                    <Tag>sit_exam</Tag>
                </RequiredEquipment>
                <RequiredEquipment>
                    <Tag>doc_equipment</Tag>
                </RequiredEquipment>
            </RequiredEquipmentList>
            
            <!--RequiredRoomTypeList>
                <RequiredRoomTypeRef>ROOM_TYPE_DOCTORS_OFFICE</RequiredRoomTypeRef>
                <RequiredRoomTypeRef>ROOM_TYPE_ER_OBSERVATION_ROOM</RequiredRoomTypeRef>
                <RequiredRoomTypeRef>ROOM_TYPE_TRAUMA_CENTER</RequiredRoomTypeRef>
                <RequiredRoomTypeRef>ROOM_TYPE_INTENSIVE_CARE_UNIT</RequiredRoomTypeRef>
                <RequiredRoomTypeRef>ROOM_TYPE_INTERNAL_MEDICINE_OFFICE</RequiredRoomTypeRef>
                <RequiredRoomTypeRef>ROOM_TYPE_INPATIENT_IM_OFFICE</RequiredRoomTypeRef>
                <RequiredRoomTypeRef>ROOM_TYPE_NEUROLOGY_OFFICE</RequiredRoomTypeRef>
                <RequiredRoomTypeRef>ROOM_TYPE_INPATIENT_NEUROLOGY_OFFICE</RequiredRoomTypeRef>
            </RequiredRoomTypeList-->
            
            <RequiredRoomTags>
                <Tag>emergency_doctors_office</Tag>
                <Tag>observation</Tag>
                <Tag>trauma_center</Tag>
                <Tag>icu</Tag>
                <Tag>internal_medicine_office</Tag>
                <Tag>neurology_office</Tag>
				<Tag>urology_office</Tag>
            </RequiredRoomTags>
            
            <ProcedureScript>ProcedureScriptExaminationGeneralEquipment</ProcedureScript>
            <AnimationSetupSitting>
                <AnimationNameIn>stand_look_in</AnimationNameIn>        <!--todo make new animation-->
                <AnimationNameIdle>stand_look_idle</AnimationNameIdle>
                <AnimationNameOut>stand_look_out</AnimationNameOut>
            </AnimationSetupSitting>
            <AnimationSetupLying>
                <AnimationNameIn>stand_examination_in</AnimationNameIn>
                <AnimationNameIdle>stand_examination_idle</AnimationNameIdle>
                <AnimationNameOut>stand_examination_out</AnimationNameOut>
            </AnimationSetupLying>
            <DressLevel>FULL</DressLevel>
            <Biohazard>false</Biohazard>
            <Priority>30</Priority>
        </Procedure>
        <ExaminationType>EXAMINATION</ExaminationType>
        <Cost>50</Cost>
        <IconIndex>1687</IconIndex>
        <DurationHours>0</DurationHours>
    </GameDBExamination>
	
	<GameDBExamination ID="EXM_STOOL_ANALYSIS_SAMPLING">
        <AbbreviationLocID>EXM_STOOL_ANALYSIS_SAMPLING_DESCRIPTION_1_1</AbbreviationLocID>
        <DiscomfortLevel>Medium</DiscomfortLevel>
        <Procedure>
            <StaffSelectionRules>REQUIRED_ROOM_OR_DEFAULT_ROOM</StaffSelectionRules>
            <RequiredDoctorQualificationList>
                <SkillRef>SKILL_DOC_QUALIF_GENERAL_MEDICINE</SkillRef>
            </RequiredDoctorQualificationList>
            <RequiredEquipmentList>
                <RequiredEquipment>
                    <Tag>sit_exam</Tag>
                </RequiredEquipment>
                <RequiredEquipment>
                    <Tag>doc_equipment</Tag>
                </RequiredEquipment>
                <RequiredEquipment>
                    <Tag>clean_hands</Tag>
                </RequiredEquipment>
            </RequiredEquipmentList>
            
            <!--RequiredRoomTypeList>
                <RequiredRoomTypeRef>ROOM_TYPE_DOCTORS_OFFICE</RequiredRoomTypeRef>
                <RequiredRoomTypeRef>ROOM_TYPE_ER_OBSERVATION_ROOM</RequiredRoomTypeRef>
                <RequiredRoomTypeRef>ROOM_TYPE_INTENSIVE_CARE_UNIT</RequiredRoomTypeRef>
                <RequiredRoomTypeRef>ROOM_TYPE_GENERAL_SURGERY_OFFICE</RequiredRoomTypeRef>
                <RequiredRoomTypeRef>ROOM_TYPE_INPATIENT_GS_OFFICE</RequiredRoomTypeRef>
                <RequiredRoomTypeRef>ROOM_TYPE_INTERNAL_MEDICINE_OFFICE</RequiredRoomTypeRef>
                <RequiredRoomTypeRef>ROOM_TYPE_INPATIENT_IM_OFFICE</RequiredRoomTypeRef>
                <RequiredRoomTypeRef>ROOM_TYPE_TRAUMA_CENTER</RequiredRoomTypeRef>
            </RequiredRoomTypeList-->
            
            <RequiredRoomTags>
                <Tag>emergency_doctors_office</Tag>
                <Tag>observation</Tag>
                <Tag>trauma_center</Tag>
                <Tag>icu</Tag>
                <Tag>general_surgery_office</Tag>
                <Tag>internal_medicine_office</Tag>
				<Tag>urology_office</Tag>
            </RequiredRoomTags>
            
            <ProcedureScript>ProcedureScriptExaminationUrineAnalysis</ProcedureScript>
            <AnimationSetupLying>
                <AnimationNameIn>stand_examination_in</AnimationNameIn>
                <AnimationNameIdle>stand_examination_idle</AnimationNameIdle>
                <AnimationNameOut>stand_examination_out</AnimationNameOut>
            </AnimationSetupLying>            
            <AnimationSetupSitting>
                <AnimationNameOut>stand_urine_sampling</AnimationNameOut>
            </AnimationSetupSitting>
            <DressLevel>FULL</DressLevel>
            <Biohazard>true</Biohazard>
            <Priority>20</Priority>
        </Procedure>
        <Cost>50</Cost>
        <IconIndex>1643</IconIndex>
        <DurationHours>0</DurationHours>
        <LabTestingExaminationRef>EXM_STOOL_ANALYSIS_TESTING</LabTestingExaminationRef>
    </GameDBExamination>
	
	<GameDBExamination ID="EXM_KN_INORCHIECTOMY">
        <AbbreviationLocID>EXM_KN_INORCHIECTOMY_DESC</AbbreviationLocID>
        <DiscomfortLevel>High</DiscomfortLevel>
        <Procedure>
            <StaffSelectionRules>REQUIRED_ROOM_OR_DEFAULT_ROOM</StaffSelectionRules>
            <RequiredDoctorQualificationList>
                <SkillRef>SKILL_DOC_SPEC_UR</SkillRef>
            </RequiredDoctorQualificationList>
            <RequiredEquipmentList>
                <RequiredEquipment>
                    <Tag>sit_exam</Tag>
                </RequiredEquipment>
                <RequiredEquipment>
                    <Tag>doc_equipment</Tag>
                </RequiredEquipment>
                <RequiredEquipment>
                    <Tag>clean_hands</Tag>
                </RequiredEquipment>
            </RequiredEquipmentList>
            
            <!--RequiredRoomTypeList>
                <RequiredRoomTypeRef>ROOM_TYPE_INPATIENT_GS_OFFICE</RequiredRoomTypeRef>
                <RequiredRoomTypeRef>ROOM_TYPE_INPATIENT_OT_OFFICE</RequiredRoomTypeRef>
                <RequiredRoomTypeRef>ROOM_TYPE_INPATIENT_NEUROLOGY_OFFICE</RequiredRoomTypeRef>
                <RequiredRoomTypeRef>ROOM_TYPE_INPATIENT_CARDIOLOGY_OFFICE</RequiredRoomTypeRef>
                <RequiredRoomTypeRef>ROOM_TYPE_DOCTORS_OFFICE</RequiredRoomTypeRef>
                <RequiredRoomTypeRef>ROOM_TYPE_ER_OBSERVATION_ROOM</RequiredRoomTypeRef>
                <RequiredRoomTypeRef>ROOM_TYPE_INTENSIVE_CARE_UNIT</RequiredRoomTypeRef>
                <RequiredRoomTypeRef>ROOM_TYPE_GENERAL_SURGERY_OFFICE</RequiredRoomTypeRef>
                <RequiredRoomTypeRef>ROOM_TYPE_ORTHOPAEDICS_OFFICE</RequiredRoomTypeRef>
                <RequiredRoomTypeRef>ROOM_TYPE_NEUROLOGY_OFFICE</RequiredRoomTypeRef>
                <RequiredRoomTypeRef>ROOM_TYPE_CARDIOLOGY_OFFICE</RequiredRoomTypeRef>
                <RequiredRoomTypeRef>ROOM_TYPE_TRAUMA_CENTER</RequiredRoomTypeRef>
            </RequiredRoomTypeList-->
            <RequiredRoomTags>
				<Tag>observation</Tag>
                <Tag>urology_office</Tag>
				<Tag>any_inpatient_office</Tag>
            </RequiredRoomTags>
            
            <ProcedureScript>ProcedureScriptExaminationGeneralEquipment</ProcedureScript>
			<ProcedureAnimationState>LYING</ProcedureAnimationState>
            <AnimationSetupSitting>
                <AnimationNameIn>stand_examination_in</AnimationNameIn>
                <AnimationNameIdle>stand_examination_idle</AnimationNameIdle>
                <AnimationNameOut>stand_examination_out</AnimationNameOut>
            </AnimationSetupSitting>
            <AnimationSetupLying>
                <AnimationNameIn>stand_examination_in</AnimationNameIn>
                <AnimationNameIdle>stand_examination_idle</AnimationNameIdle>
                <AnimationNameOut>stand_examination_out</AnimationNameOut>
            </AnimationSetupLying>
            <DressLevel>HALF</DressLevel>
            <Biohazard>true</Biohazard>
            <Priority>20</Priority>
        </Procedure>
        <ExaminationType>EXAMINATION</ExaminationType>
        <Cost>250</Cost>
        <IconIndex>1945</IconIndex>
        <DurationHours>2</DurationHours>
		
        <LabTestingExaminationRef>EXM_KN_INORCHIECTOMY_TEST</LabTestingExaminationRef>
    </GameDBExamination>

    <GameDBExamination ID="EXM_KN_INORCHIECTOMY_TEST">
        <AbbreviationLocID>EXM_KN_INORCHIECTOMY_TEST_DESC</AbbreviationLocID>
        <DiscomfortLevel>None</DiscomfortLevel>
        <Procedure>
            <StaffSelectionRules>REQUIRED_ROOM_IGNORE_DOCTOR</StaffSelectionRules>
            <RequiredSkillsToPrescribe>
                <SkillRef>SKILL_DOC_SPEC_UR</SkillRef>
            </RequiredSkillsToPrescribe>
            <RequiredStatLabQualificationRef>SKILL_LAB_SPECIALIST_QUALIF_SCIENCE_EDUCATION</RequiredStatLabQualificationRef>
            <RequiredEquipmentList>
                <RequiredEquipment>
                    <Tag>stat_lab_exam</Tag>
                    <DurationHours>0.1</DurationHours>
                    <BlocksSpecialist>true</BlocksSpecialist>
                </RequiredEquipment>
                <RequiredEquipment>
                    <Tag>lab_eq</Tag>
                    <DurationHours>0.1</DurationHours>
                    <BlocksSpecialist>false</BlocksSpecialist>
                </RequiredEquipment>
                <RequiredEquipment>
                    <Tag>microscope</Tag>
                    <DurationHours>0.1</DurationHours>
                    <BlocksSpecialist>false</BlocksSpecialist>
                </RequiredEquipment>
                <RequiredEquipment>
                    <Tag>biohazard_trash</Tag>
                    <DurationHours>0.1</DurationHours>
                    <BlocksSpecialist>true</BlocksSpecialist>
                </RequiredEquipment>
                <RequiredEquipment>
                    <Tag>clean_hands</Tag>
                    <DurationHours>0.1</DurationHours>
                    <BlocksSpecialist>true</BlocksSpecialist>
                </RequiredEquipment>
            </RequiredEquipmentList>
            
            <!--RequiredRoomTypeList>
                <RequiredRoomTypeRef>ROOM_TYPE_STAT_LAB</RequiredRoomTypeRef>
                <RequiredRoomTypeRef>ROOM_TYPE_STAT_LAB_GS</RequiredRoomTypeRef>
                <RequiredRoomTypeRef>ROOM_TYPE_STAT_LAB_OT</RequiredRoomTypeRef>
                <RequiredRoomTypeRef>ROOM_TYPE_STAT_LAB_CAR</RequiredRoomTypeRef>
                <RequiredRoomTypeRef>ROOM_TYPE_STAT_LAB_NE</RequiredRoomTypeRef>
                <RequiredRoomTypeRef>ROOM_TYPE_HISTOLOGY_LAB</RequiredRoomTypeRef>
            </RequiredRoomTypeList-->
            <RequiredRoomTags>
                <Tag>deprecated_lab</Tag>
                <Tag>histology_lab</Tag>
            </RequiredRoomTags>
            
            <AnimationSetupSitting>
                <AnimationNameIn>stand_examination_in</AnimationNameIn>
                <AnimationNameIdle>stand_examination_idle</AnimationNameIdle>
                <AnimationNameOut>stand_examination_out</AnimationNameOut>
            </AnimationSetupSitting>
            <AnimationSetupLying>
                <AnimationNameIn>stand_examination_in</AnimationNameIn>
                <AnimationNameIdle>stand_examination_idle</AnimationNameIdle>
                <AnimationNameOut>stand_examination_out</AnimationNameOut>
            </AnimationSetupLying>
            <DressLevel>FULL</DressLevel>
            <Biohazard>true</Biohazard>
            <Priority>20</Priority>
            <FallbackLabDepartmentRef>DPT_LAB</FallbackLabDepartmentRef>
        </Procedure>
        <ExaminationType>EXAMINATION</ExaminationType>
        <Cost>50</Cost>
        <IconIndex>1711</IconIndex>
		
		<CustomIconBigAssetRef>ASSET_CRP_EXM_ICON_011</CustomIconBigAssetRef>
        <CustomIconSmallAssetRef>ASSET_CRP_EXM_ICON_012</CustomIconSmallAssetRef>
		
        <DurationHours>2</DurationHours>
    </GameDBExamination>
	
	<GameDBExamination ID="EXM_KN_TESTIS_PALP">
        <AbbreviationLocID>EXM_KN_TESTIS_PALP_DESC</AbbreviationLocID>
        <DiscomfortLevel>Low</DiscomfortLevel>
        <Procedure>
            <StaffSelectionRules>REQUIRED_ROOM_OR_DEFAULT_ROOM</StaffSelectionRules>
            <RequiredDoctorQualificationList>
                <SkillRef>SKILL_DOC_SPEC_ACUTE_MEDICINE</SkillRef>
                <SkillRef>SKILL_DOC_SPEC_INTERNAL_MEDICINE</SkillRef>
                <SkillRef>SKILL_DOC_SPEC_UR</SkillRef>
                <SkillRef>SKILL_DOC_SPEC_CRITICAL_CARE</SkillRef>
            </RequiredDoctorQualificationList>
            <RequiredEquipmentList>
                <RequiredEquipment>
                    <Tag>sit_exam</Tag>
                </RequiredEquipment>
                <RequiredEquipment>
                    <Tag>doc_equipment</Tag>
                </RequiredEquipment>
            </RequiredEquipmentList>
            
            <!--RequiredRoomTypeList>
                <RequiredRoomTypeRef>ROOM_TYPE_DOCTORS_OFFICE</RequiredRoomTypeRef>
                <RequiredRoomTypeRef>ROOM_TYPE_ER_OBSERVATION_ROOM</RequiredRoomTypeRef>
                <RequiredRoomTypeRef>ROOM_TYPE_TRAUMA_CENTER</RequiredRoomTypeRef>
                <RequiredRoomTypeRef>ROOM_TYPE_INTENSIVE_CARE_UNIT</RequiredRoomTypeRef>
                <RequiredRoomTypeRef>ROOM_TYPE_INTERNAL_MEDICINE_OFFICE</RequiredRoomTypeRef>
                <RequiredRoomTypeRef>ROOM_TYPE_INPATIENT_IM_OFFICE</RequiredRoomTypeRef>
                <RequiredRoomTypeRef>ROOM_TYPE_NEUROLOGY_OFFICE</RequiredRoomTypeRef>
                <RequiredRoomTypeRef>ROOM_TYPE_INPATIENT_NEUROLOGY_OFFICE</RequiredRoomTypeRef>
            </RequiredRoomTypeList-->
            
            <RequiredRoomTags>
                <Tag>emergency_doctors_office</Tag>
                <Tag>observation</Tag>
                <Tag>trauma_center</Tag>
                <Tag>icu</Tag>
                <Tag>internal_medicine_office</Tag>
                <Tag>neurology_office</Tag>
				<Tag>urology_office</Tag>
            </RequiredRoomTags>
            
            <ProcedureScript>ProcedureScriptExaminationGeneral</ProcedureScript>
            <AnimationSetupSitting>
                <AnimationNameIn>stand_look_in</AnimationNameIn>        <!--todo make new animation-->
                <AnimationNameIdle>stand_look_idle</AnimationNameIdle>
                <AnimationNameOut>stand_look_out</AnimationNameOut>
            </AnimationSetupSitting>
            <AnimationSetupLying>
                <AnimationNameIn>stand_examination_in</AnimationNameIn>
                <AnimationNameIdle>stand_examination_idle</AnimationNameIdle>
                <AnimationNameOut>stand_examination_out</AnimationNameOut>
            </AnimationSetupLying>
            <DressLevel>HALF_TOP</DressLevel>
            <Biohazard>true</Biohazard>
            <Priority>40</Priority>
        </Procedure>
        <ExaminationType>EXAMINATION</ExaminationType>
        <Cost>50</Cost>
        <IconIndex>1637</IconIndex>
        <DurationHours>0</DurationHours>
    </GameDBExamination>

</Database>