<Database>
	
	<GameDBStringTable ID="LOC_PTBR_ADDON_URKN_SYMPTOMS">
	<LanguageCode>ptbr</LanguageCode>
	<LanguageNameLocalized>Português do Brasil</LanguageNameLocalized>
	<Contributors>
	<Name>GuerPlatin</Name>
	</Contributors>
	

	<LocalizedStrings>
	
	<GameDBLocalizedString>      
		<LocID>SYM_KN_SWOLLENTESTIS_WP</LocID>                               
		<Text>Testículo inchado doloroso</Text>  
	</GameDBLocalizedString>
            
	<GameDBLocalizedString>      
		<LocID>SYM_KN_SWOLLENTESTIS_WP_DESC</LocID>                   
		<Text>O testículo de um lado está inchado e dolorido</Text>  
	</GameDBLocalizedString>	
	
	<GameDBLocalizedString>      
		<LocID>SYM_KN_SWOLLENTESTIS_WPT</LocID>                               
		<Text>Testículo inchado</Text>  
	</GameDBLocalizedString>
            
	<GameDBLocalizedString>      
		<LocID>SYM_KN_SWOLLENTESTIS_WPT_DESC</LocID>                   
		<Text>O testículo de um lado está inchado, mas não doloroso</Text>  
	</GameDBLocalizedString>
	
	<GameDBLocalizedString>      
		<LocID>SYM_KN_TESTISBlOODFLOW</LocID>                               
		<Text>Falta de fluxo sanguíneo para o testículo</Text>  
	</GameDBLocalizedString>
            
	<GameDBLocalizedString>      
		<LocID>SYM_KN_TESTISBlOODFLOW_DESC</LocID>                   
		<Text>Falta de fluxo sanguíneo para o testículo</Text>  
	</GameDBLocalizedString>
	
	<GameDBLocalizedString>      
		<LocID>SYM_KN_SWOLLENTESTIS</LocID>                               
		<Text>Testículo inchado</Text>  
	</GameDBLocalizedString>
            
	<GameDBLocalizedString>      
		<LocID>SYM_KN_SWOLLENTESTIS_DESC</LocID>                   
		<Text>O testículo está inchado</Text>  
	</GameDBLocalizedString>
	
	<GameDBLocalizedString>      
		<LocID>SYM_KN_TESTICULARINFARCTION</LocID>                               
		<Text>Infarto testicular</Text>  
	</GameDBLocalizedString>
            
	<GameDBLocalizedString>      
		<LocID>SYM_KN_TESTICULARINFARCTION_DESC</LocID>                   
		<Text>O dano testicular ocorre como conseqüência da diminuição do fluxo sanguíneo e, portanto, do suprimento de oxigênio e nutrientes ao testículo. Se o testículo não for viável durante a exploração cirúrgica, ele deve ser removido para evitar mais necrose ou morte do tecido.</Text>  
	</GameDBLocalizedString>
	
	<GameDBLocalizedString>      
		<LocID>SYM_KN_HIGHRIDINGTESTIS</LocID>                               
		<Text>Testículo alto</Text>  
	</GameDBLocalizedString>
            
	<GameDBLocalizedString>      
		<LocID>SYM_KN_HIGHRIDINGTESTIS_DESC</LocID>                   
		<Text>O testículo parece estar mais alto no escroto do que o normal</Text>  
	</GameDBLocalizedString>
	
	<GameDBLocalizedString>      
		<LocID>SYM_KN_ABNORMALLIETESTIS</LocID>                               
		<Text>Posição anormal do testículo</Text>  
	</GameDBLocalizedString>
            
	<GameDBLocalizedString>      
		<LocID>SYM_KN_ABNORMALLIETESTIS_DESC</LocID>                   
		<Text>O testículo parece estar em uma posição anormal</Text>  
	</GameDBLocalizedString>
	
	<GameDBLocalizedString>      
		<LocID>SYM_KN_SWOLLENSCROTUM</LocID>                               
		<Text>Escroto inchado</Text>  
	</GameDBLocalizedString>
            
	<GameDBLocalizedString>      
		<LocID>SYM_KN_SWOLLENSCROTUM_DESC</LocID>                   
		<Text>O escroto está inchado</Text>  
	</GameDBLocalizedString>
	
	<GameDBLocalizedString>      
		<LocID>SYM_KN_SUDDENPAINSCROTUM</LocID>                               
		<Text>Dor súbita no escroto</Text>  
	</GameDBLocalizedString>
            
	<GameDBLocalizedString>      
		<LocID>SYM_KN_SUDDENPAINSCROTUM_DESC</LocID>                   
		<Text>O paciente sentiu uma dor repentina no escroto</Text>  
	</GameDBLocalizedString>
	
	<GameDBLocalizedString>      
		<LocID>SYM_KN_ABCREMASCTICREFLEX</LocID>                               
		<Text>Ausência do reflexo cremamérico</Text>  
	</GameDBLocalizedString>
            
	<GameDBLocalizedString>      
		<LocID>SYM_KN_ABCREMASCTICREFLEX_DESC</LocID>                   
		<Text>O reflexo cremasterico pode estar ausente com torção testicular, distúrbios dos neurônios motores superiores e inferiores, bem como lesão na coluna vertebral de L1-L2. Também pode ocorrer se o nervo ilioinguinal tiver sido acidentalmente cortado durante um reparo de hérnia.</Text>  
	</GameDBLocalizedString>
	
	<GameDBLocalizedString>      
		<LocID>SYM_KN_CREMASCTICREFLEX</LocID>                               
		<Text>O reflexo cremamérico ainda está presente</Text>  
	</GameDBLocalizedString>
            
	<GameDBLocalizedString>      
		<LocID>SYM_KN_CREMASCTICREFLEX_DESC</LocID>                   
		<Text>Esse reflexo é causado pelo toque leve ou cutucando a parte superior e medial da parte interna da coxa - independentemente da direção do golpe. A resposta normal é uma contração imediata do músculo cremaster que puxa o testículo ipsilateralmente no mesmo lado do corpo.</Text>  
	</GameDBLocalizedString>
	
	<GameDBLocalizedString>      
		<LocID>SYM_KN_LUMPTS</LocID>                               
		<Text>Um nódulo ou massa dentro do testículo</Text>  
	</GameDBLocalizedString>
            
	<GameDBLocalizedString>      
		<LocID>SYM_KN_LUMPTS_DESC</LocID>                   
		<Text>Um nódulo ou massa dentro do testículo foi observado durante o exame físico</Text>  
	</GameDBLocalizedString>
	
	<GameDBLocalizedString>      
		<LocID>SYM_KN_HARD_TESTIS</LocID>                               
		<Text>Testículo endurecido</Text>  
	</GameDBLocalizedString>
            
	<GameDBLocalizedString>      
		<LocID>SYM_KN_HARD_TESTIS_DESC</LocID>                   
		<Text>O testículo é mais duro que o normal</Text>  
	</GameDBLocalizedString>
	
	<GameDBLocalizedString>      
		<LocID>SYM_KN_ALFAPRO</LocID>                               
		<Text>Marcador tumoral alfa-fetoproteína</Text>  
	</GameDBLocalizedString>
	
	<GameDBLocalizedString>      
		<LocID>SYM_KN_ALFAPRO_DESC</LocID>                               
		<Text>O marcador tumoral alfa-fetoproteína foi observado na corrente sanguínea</Text>  
	</GameDBLocalizedString>
	
	<GameDBLocalizedString>      
		<LocID>SYM_KN_BETAHCG</LocID>                               
		<Text>Marcador tumoral bèta-HCG</Text>  
	</GameDBLocalizedString>
	
	<GameDBLocalizedString>      
		<LocID>SYM_KN_BETAHCG_DESC</LocID>                               
		<Text>O marcador tumoral bèta-HCG foi observado na corrente sanguínea</Text>  
	</GameDBLocalizedString>
	
	<GameDBLocalizedString>      
		<LocID>SYM_KN_HVSC</LocID>                               
		<Text>Um sentimento frequentemente descrito como "peso" no escroto</Text>  
	</GameDBLocalizedString>
	
	<GameDBLocalizedString>      
		<LocID>SYM_KN_HVSC_DESC</LocID>                               
		<Text>Um sentimento frequentemente descrito como "peso" no escroto</Text>  
	</GameDBLocalizedString>
	
	<GameDBLocalizedString>      
		<LocID>SYM_KN_TSTM</LocID>                               
		<Text>O câncer testicular é detectado através da ultrassonografia.</Text>  
	</GameDBLocalizedString>
	
	<GameDBLocalizedString>      
		<LocID>SYM_KN_TSTM_DESC</LocID>                               
		<Text>O câncer testicular é detectado através da ultrassonografia. O diagnóstico diferencial do câncer de testículo requer o exame da histologia do tecido obtido de uma orquiectomia inguinal. Uma biópsia não deve ser realizada, pois aumenta o risco de espalhar células cancerígenas no escroto.</Text>  
	</GameDBLocalizedString>
		
	<GameDBLocalizedString>      
		<LocID>SYM_KN_SM_TSTM_1</LocID>                               
		<Text>Câncer testicular de seminoma</Text>  
	</GameDBLocalizedString>
	
	<GameDBLocalizedString>      
		<LocID>SYM_KN_SM_TSTM_1_DESC</LocID>                               
		<Text>Após a realização da orquiectomia, o tipo de câncer foi diferenciado. Seminoma significa que é apenas um tipo de cancelamento.</Text>  
	</GameDBLocalizedString>
	
	<GameDBLocalizedString>      
		<LocID>SYM_KN_SM_TSTM_2</LocID>                               
		<Text>Seminoma testicular cancer</Text>  
	</GameDBLocalizedString>
	
	<GameDBLocalizedString>      
		<LocID>SYM_KN_SM_TSTM_2_DESC</LocID>                               
		<Text>Após a realização da orquiectomia, o tipo de câncer foi diferenciado. Seminoma significa que é apenas um tipo de cancelamento.</Text>  
	</GameDBLocalizedString>
	
	<GameDBLocalizedString>      
		<LocID>SYM_KN_SM_TSTM_3</LocID>                               
		<Text>Seminoma testicular cancer</Text>  
	</GameDBLocalizedString>
	
	<GameDBLocalizedString>      
		<LocID>SYM_KN_SM_TSTM_3_DESC</LocID>                               
		<Text>Após a realização da orquiectomia, o tipo de câncer foi diferenciado. Seminoma significa que é apenas um tipo de cancelamento.</Text>  
	</GameDBLocalizedString>
	
	<GameDBLocalizedString>      
		<LocID>SYM_KN_SM_TSTM_4</LocID>                               
		<Text>Seminoma testicular cancer</Text>  
	</GameDBLocalizedString>
	
	<GameDBLocalizedString>      
		<LocID>SYM_KN_SM_TSTM_4_DESC</LocID>                               
		<Text>Após a realização da orquiectomia, o tipo de câncer foi diferenciado. Seminoma significa que é apenas um tipo de cancelamento.</Text>  
	</GameDBLocalizedString>


	<GameDBLocalizedString>      
		<LocID>SYM_KN_NSM_TSTM_1</LocID>                               
		<Text>Câncer testicular sem seminoma</Text>  
	</GameDBLocalizedString>
	
	<GameDBLocalizedString>      
		<LocID>SYM_KN_NSM_TSTM_1_DESC</LocID>                               
		<Text>Após a realização da orquiectomia, o tipo de câncer foi diferenciado. Seminoma significa que é apenas um tipo de cancelamento.</Text>  
	</GameDBLocalizedString>
	
	<GameDBLocalizedString>      
		<LocID>SYM_KN_NSM_TSTM_2</LocID>                               
		<Text>Câncer testicular sem seminoma</Text>  
	</GameDBLocalizedString>
	
	<GameDBLocalizedString>      
		<LocID>SYM_KN_NSM_TSTM_2_DESC</LocID>                               
		<Text>Após a realização da orquiectomia, o tipo de câncer foi diferenciado. Não-seminoma significa que é mais de um tipo de célula cancerígena.</Text>  
	</GameDBLocalizedString>
	
	<GameDBLocalizedString>      
		<LocID>SYM_KN_NSM_TSTM_3</LocID>                               
		<Text>Câncer testicular sem seminoma</Text>  
	</GameDBLocalizedString>
	
	<GameDBLocalizedString>      
		<LocID>SYM_KN_NSM_TSTM_3_DESC</LocID>                               
		<Text>Após a realização da orquiectomia, o tipo de câncer foi diferenciado. Não-seminoma significa que é mais de um tipo de célula cancerígena.</Text>  
	</GameDBLocalizedString>
	
	<GameDBLocalizedString>      
		<LocID>SYM_KN_NSM_TSTM_4</LocID>                               
		<Text>Câncer testicular sem seminoma</Text>  
	</GameDBLocalizedString>
	
	<GameDBLocalizedString>      
		<LocID>SYM_KN_NSM_TSTM_4_DESC</LocID>                               
		<Text>Após a realização da orquiectomia, o tipo de câncer foi diferenciado. Não-seminoma significa que é mais de um tipo de célula cancerígena.</Text>  
	</GameDBLocalizedString>
	
	<GameDBLocalizedString>      
		<LocID>SYM_KN_ENLSM_PRO_1</LocID>                               
		<Text>Próstata aumentada simétrica e lisa.</Text>  
	</GameDBLocalizedString>
	
	<GameDBLocalizedString>      
		<LocID>SYM_KN_ENLSM_PRO_1_DESC</LocID>                               
		<Text>Uma próstata aumentada no exame retal, simétrica e lisa, suporta o diagnóstico de HBP.</Text>  
	</GameDBLocalizedString>
	
	<GameDBLocalizedString>      
		<LocID>SYM_KN_BPH_DETC_1</LocID>                               
		<Text>Hiperplasia prostática benigna</Text>  
	</GameDBLocalizedString>
	
	<GameDBLocalizedString>      
		<LocID>SYM_KN_BPH_DETC_1_DESC</LocID>                               
		<Text>A hiperplasia prostática benigna foi detectada através de uma biópsia</Text>  
	</GameDBLocalizedString>
	
	<GameDBLocalizedString>      
		<LocID>SYM_KN_DHT</LocID>                               
		<Text>Altos níveis de di-hidrotestosterona</Text>  
	</GameDBLocalizedString>
	
	<GameDBLocalizedString>      
		<LocID>SYM_KN_DHT_DESC</LocID>                               
		<Text>Altos níveis de diidrotestosterona foram detectados na corrente sanguínea</Text>  
	</GameDBLocalizedString>
	
	<GameDBLocalizedString>      
		<LocID>SYM_KN_ENLSM_PRO_2</LocID>                               
		<Text>Próstata aumentada simétrica e lisa.</Text>  
	</GameDBLocalizedString>
	
	<GameDBLocalizedString>      
		<LocID>SYM_KN_ENLSM_PRO_2_DESC</LocID>                               
		<Text>Uma próstata aumentada no exame retal, simétrica e lisa, suporta o diagnóstico de HBP.</Text>  
	</GameDBLocalizedString>
	
	<GameDBLocalizedString>      
		<LocID>SYM_KN_BPH_DETC_2</LocID>                               
		<Text>Hiperplasia prostática benigna</Text>  
	</GameDBLocalizedString>
	
	<GameDBLocalizedString>       
		<LocID>SYM_KN_BPH_DETC_2_DESC</LocID>                               
		<Text>A hiperplasia prostática benigna foi detectada através de uma biópsia. No entanto, a próstata aumentada não reagiu aos bloqueadores α1 seletivos, portanto, a cirurgia invasiva mínima é necessária.</Text>  
	</GameDBLocalizedString>
	
	<GameDBLocalizedString>      
		<LocID>SYM_KN_RETRO_EJAC</LocID>                               
		<Text>Ejaculação retrógrada</Text>  
	</GameDBLocalizedString>
	
	<GameDBLocalizedString>      
		<LocID>SYM_KN_RETRO_EJAC_DESC</LocID>                               
		<Text>A ejaculação retrógrada ocorre quando o sêmen que seria ejaculado pela uretra é redirecionado para a bexiga urinária. Normalmente, o esfíncter da bexiga se contrai antes da ejaculação, selando a bexiga que, além de inibir a liberação da urina, também evita o refluxo de fluidos seminais na bexiga masculina durante a ejaculação. O sêmen é forçado a sair pela uretra, o caminho de menor resistência. Quando o esfíncter da bexiga não funciona adequadamente, pode ocorrer ejaculação retrógrada.</Text>  
	</GameDBLocalizedString>
	
	<GameDBLocalizedString>      
		<LocID>SYM_KN_EREC_DYS</LocID>                               
		<Text>Disfunção erétil</Text>  
	</GameDBLocalizedString>
	
	<GameDBLocalizedString>      
		<LocID>SYM_KN_EREC_DYS_DESC</LocID>                               
		<Text>Disfunção erétil</Text>  
	</GameDBLocalizedString> 
	
	<GameDBLocalizedString>      
		<LocID>SYM_KN_URIN_INCO</LocID>                               
		<Text>Incontinencia urinaria</Text>  
	</GameDBLocalizedString>
	
	<GameDBLocalizedString>      
		<LocID>SYM_KN_URIN_INCO_DESC</LocID>                               
		<Text>Incontinência urinária, também conhecida como micção involuntária, é qualquer vazamento descontrolado de urina.</Text>  
	</GameDBLocalizedString> 
	
	<GameDBLocalizedString>      
		<LocID>SYM_KN_SWOLLENEPIDIDYMIS</LocID>                               
		<Text>Epidídimo inchado e sensível</Text>  
	</GameDBLocalizedString>
	
	<GameDBLocalizedString>      
		<LocID>SYM_KN_SWOLLENEPIDIDYMIS_DESC</LocID>                               
		<Text>O epidídimo, o tubo que conecta um testículo a um ducto deferente no sistema reprodutor masculino, está inchado e sensível ao toque.</Text>  
	</GameDBLocalizedString> 
	
	<GameDBLocalizedString>      
		<LocID>SYM_KN_EPI_DETC</LocID>                               
		<Text>Epididimite detectada</Text>  
	</GameDBLocalizedString>
	
	<GameDBLocalizedString>      
		<LocID>SYM_KN_EPI_DETC_DESC</LocID>                               
		<Text>Epididimite detectada</Text>  
	</GameDBLocalizedString> 
	
	<GameDBLocalizedString>      
		<LocID>SYM_KN_INGUINAL_LYMPH_NODES</LocID>                               
		<Text>Linfonodos Inguinais</Text>  
	</GameDBLocalizedString>
	
	<GameDBLocalizedString>      
		<LocID>SYM_KN_PENIS_DISCHARGE</LocID>                               
		<Text>Corrimento peniano</Text>  
	</GameDBLocalizedString>
	
	<GameDBLocalizedString>      
		<LocID>SYM_KN_PENIS_DISCHARGE_DESC</LocID>                               
		<Text>Corrimento peniano</Text>  
	</GameDBLocalizedString> 
	
	<GameDBLocalizedString>      
		<LocID>SYM_KN_EPI_ORCH_DETC</LocID>                               
		<Text>É detectada orquite por epididimite</Text>  
	</GameDBLocalizedString>
	
	<GameDBLocalizedString>      
		<LocID>SYM_KN_EPI_ORCH_DETC_DESC</LocID>                               
		<Text>É detectada orquite por epididimite</Text>  
	</GameDBLocalizedString> 
	
	<GameDBLocalizedString>      
		<LocID>SYM_KIDNEY_TISSUE_BADLY_DAMAGED</LocID>                               
		<Text>O rim está muito danificado</Text>  
	</GameDBLocalizedString>
	
	<GameDBLocalizedString>      
		<LocID>SYM_KIDNEY_TISSUE_BADLY_DAMAGED_DESC</LocID>                               
		<Text>O rim está muito danificado</Text>  
	</GameDBLocalizedString>

	<GameDBLocalizedString>      
		<LocID>SYM_KN_IMMUN_REACT</LocID>                               
		<Text>O sistema imunológico reage ao novo órgão</Text>  
	</GameDBLocalizedString>
	
	<GameDBLocalizedString>      
		<LocID>SYM_KN_IMMUN_REACT_DESC</LocID>                               
		<Text>O sistema imunológico reage ao novo órgão</Text>  
	</GameDBLocalizedString> 	
	
	<GameDBLocalizedString>      
		<LocID>SYM_KN_ACUTE_ORG_REJEC</LocID>                               
		<Text>O corpo está rejeitando o novo órgão</Text>  
	</GameDBLocalizedString>
	
	<GameDBLocalizedString>      
		<LocID>SYM_KN_ACUTE_ORG_REJEC_DESC</LocID>                               
		<Text>O corpo está rejeitando o novo órgão</Text>  
	</GameDBLocalizedString> 
	
	<GameDBLocalizedString>      
		<LocID>SYM_WEEKLY_DIALYSIS</LocID>                               
		<Text>Consulta semanal de diálise</Text>  
	</GameDBLocalizedString>
	
	<GameDBLocalizedString>      
		<LocID>SYM_WEEKLY_DIALYSIS_DESC</LocID>                               
		<Text>Consulta semanal de diálise</Text>  
	</GameDBLocalizedString> 
	
	<GameDBLocalizedString>      
		<LocID>SYM_STERILIZATION_WISH</LocID>                               
		<Text>Sterilization wish</Text>  
	</GameDBLocalizedString>
	
	<GameDBLocalizedString>      
		<LocID>SYM_STERILIZATION_WISH_DESC</LocID>                               
		<Text>The wish to have sterilization.</Text>  
	</GameDBLocalizedString>
	
	<GameDBLocalizedString>      
		<LocID>SYM_KN_NEEDS_UROLOGY</LocID>                               
		<Text>The condition needs Urology</Text>  
	</GameDBLocalizedString>
	
	<GameDBLocalizedString>      
		<LocID>SYM_KN_NEEDS_UROLOGY_DESC</LocID>                               
		<Text>The condition needs monitoring of an Urologist</Text>  
	</GameDBLocalizedString>
	
	<!-- IN GAME -->

	
	<GameDBLocalizedString>      
		<LocID>SYM_KN_URETHRAL_STONES_DETECTED</LocID>                       
		<Text>Pedra de ureter detectada</Text>  
	</GameDBLocalizedString>
	
	<GameDBLocalizedString>     
		<LocID>SYM_KN_BLADDER_STONES_DETECTED</LocID>                         
		<Text>Pedras na bexiga detectadas</Text>  
	</GameDBLocalizedString>
	
	<GameDBLocalizedString>      
		<LocID>SYM_KN_BLADDER_INFECTION</LocID>                              
		<Text>Infecção da bexiga</Text>  
	</GameDBLocalizedString>
	
	<GameDBLocalizedString>      
		<LocID>SYM_KN_BLADDER_LINING_DEFECTED</LocID>                        
		<Text>Defeito no revestimento da bexiga</Text>
	</GameDBLocalizedString>
	
	<GameDBLocalizedString>      
		<LocID>SYM_KN_KIDNEY_TISSUE_INFLAMMED</LocID>                    
		<Text>Tecido renal inflamado</Text> 
	</GameDBLocalizedString>
	
	<GameDBLocalizedString>      
		<LocID>SYM_KN_TUBULUS_INFLAMMED</LocID>                               
		<Text>Inflamação tubular</Text>
	</GameDBLocalizedString>
	
	<GameDBLocalizedString>      
		<LocID>SYM_KN_KIDNEY_INTERSTITIUM_ABSCESS</LocID>                    
		<Text>Abscesso interstício renal</Text>  
	</GameDBLocalizedString>
	
	<GameDBLocalizedString>     
		<LocID>SYM_KN_KIDNEY_TISSUE_DAMAGED</LocID>                        
		<Text>Tecido renal danificado</Text> 
	</GameDBLocalizedString>
	
	<GameDBLocalizedString>     
		<LocID>SYM_KN_KIDNEY_PROGRESSIVE_DAMAGE</LocID>                      
		<Text>Danos progressivos do rim</Text>  
	</GameDBLocalizedString>
	
	<GameDBLocalizedString>     
		<LocID>SYM_KN_KIDNEY_STONES_DISCOVERED</LocID>                        
		<Text>Pedras nos rins descobertas</Text>  
	</GameDBLocalizedString> 
	
	<GameDBLocalizedString>     
		<LocID>SYM_KN_E_COLI_TOXIN_DETECTED</LocID>                     
		<Text>Toxina de E. coli detectada</Text>  
	</GameDBLocalizedString>
	
	<GameDBLocalizedString>      
		<LocID>SYM_KN_BLUNT_KIDNEY_CONTUSION</LocID>                         
		<Text>Contusão renal contusa</Text> 
	</GameDBLocalizedString> 
	
	<GameDBLocalizedString>     
		<LocID>SYM_KN_BACSCRO</LocID>                     
		<Text>Bactérias foram encontradas no escroto</Text>  
	</GameDBLocalizedString>
	
	<GameDBLocalizedString>      
		<LocID>SYM_KN_BACSCRO_DESC</LocID>                         
		<Text>Bactérias foram encontradas no escroto</Text> 
	</GameDBLocalizedString>
	
	<GameDBLocalizedString>     
		<LocID>SYM_KN_UNPL_ODOR</LocID>                     
		<Text>Odor desagradável</Text>  
	</GameDBLocalizedString>
	
	<GameDBLocalizedString>      
		<LocID>SYM_KN_UNPL_ODOR_DESC</LocID>                         
		<Text>Um odor desagradável pode ser sentido em torno do paciente</Text> 
	</GameDBLocalizedString>
	
	<GameDBLocalizedString>      
		<LocID>SYM_KN_RCC_7</LocID>                               
		<Text>Um câncer de células renais com menos de 7 centímetros foi detectado em uma tomografia computadorizada.</Text>  
	</GameDBLocalizedString>
	
	<GameDBLocalizedString>      
		<LocID>SYM_KN_RCC_7_DESC</LocID>                               
		<Text>Um câncer de células renais foi detectado em uma tomografia computadorizada. O tumor parece ser menor que 7 centímetros.</Text>  
	</GameDBLocalizedString>
	
	<GameDBLocalizedString>      
		<LocID>SYM_KN_RCC_8</LocID>                               
		<Text>Câncer de células renais com mais de 7 centímetros foi detectado em uma tomografia computadorizada.</Text>  
	</GameDBLocalizedString>
	
	<GameDBLocalizedString>      
		<LocID>SYM_KN_RCC_8_DESC</LocID>                               
		<Text>Um câncer de células renais foi detectado em uma tomografia computadorizada. O tumor parece ser maior do que 7 centímetros.</Text>  
	</GameDBLocalizedString>
	
	<GameDBLocalizedString>     
		<LocID>SYM_KN_CCRCC_1</LocID>                     
		<Text>Carcinoma de células renais de células claras foi detectado</Text>  
	</GameDBLocalizedString>
	
	<GameDBLocalizedString>      
		<LocID>SYM_KN_CCRCC_1_DESC</LocID>                         
		<Text>Carcinoma de células renais de células claras foi detectado</Text> 
	</GameDBLocalizedString>
	
	<GameDBLocalizedString>     
		<LocID>SYM_KN_CCRCC_21</LocID>                     
		<Text>Carcinoma de células renais de células claras foi detectado</Text>  
	</GameDBLocalizedString>
	
	<GameDBLocalizedString>      
		<LocID>SYM_KN_CCRCC_2_DESC</LocID>                         
		<Text>Carcinoma de células renais de células claras foi detectado</Text> 
	</GameDBLocalizedString>
	
	<GameDBLocalizedString>     
		<LocID>SYM_KN_CCRCC_31</LocID>                     
		<Text>Carcinoma de células renais de células claras foi detectado</Text>  
	</GameDBLocalizedString>
	
	<GameDBLocalizedString>     
		<LocID>SYM_KN_CCRCC_32</LocID>                     
		<Text>Carcinoma de células renais de células claras foi detectado</Text>  
	</GameDBLocalizedString>
	
	<GameDBLocalizedString>      
		<LocID>SYM_KN_CCRCC_3_DESC</LocID>                         
		<Text>Carcinoma de células renais de células claras foi detectado</Text> 
	</GameDBLocalizedString>
	
	<GameDBLocalizedString>     
		<LocID>SYM_KN_CCRCC_4</LocID>                     
		<Text>Carcinoma de células renais de células claras foi detectado</Text>  
	</GameDBLocalizedString>
	
	<GameDBLocalizedString>      
		<LocID>SYM_KN_CCRCC_4_DESC</LocID>                         
		<Text>Carcinoma de células renais de células claras foi detectado</Text> 
	</GameDBLocalizedString>
	
	<GameDBLocalizedString>     
		<LocID>SYM_KN_FLANK_PAIN</LocID>                     
		<Text>Dor no flanco</Text>  
	</GameDBLocalizedString>
	
	<GameDBLocalizedString>      
		<LocID>SYM_KN_FLANK_PAIN_DESC</LocID>                         
		<Text>Dor no flanco: dor na lateral do corpo entre o quadril e as costelas.</Text> 
	</GameDBLocalizedString>
	
	<GameDBLocalizedString>     
		<LocID>SYM_KN_DEPR_ERYTHR</LocID>                     
		<Text>Depressão de eritropoietina</Text>  
	</GameDBLocalizedString>
	
	<GameDBLocalizedString>      
		<LocID>SYM_KN_DEPR_ERYTHR_DESC</LocID>                         
		<Text>A eritropoietina estimula a produção de glóbulos vermelhos (eritropoiese) na medula óssea. Uma depressão da eritropoietina causa anemia.</Text> 
	</GameDBLocalizedString>
	
	<GameDBLocalizedString>      
		<LocID>SYM_UR_HYPERCALCEMIA</LocID>                               
		<Text>Hipercalcemia</Text>  
	</GameDBLocalizedString>
            
	<GameDBLocalizedString>      
		<LocID>SYM_UR_HYPERCALCEMIA_DESC</LocID>                   
		<Text>A hipercalcemia é uma condição em que o nível de cálcio no sangue está acima do normal. A hipercalcemia é mais frequentemente causada por hiperatividade nas quatro minúsculas glândulas do pescoço (glândulas paratireoides) ou por câncer. O cálcio extra no sangue afeta muitos sistemas corporais.</Text>  
	</GameDBLocalizedString>
	
	<GameDBLocalizedString>      
		<LocID>SYM_KN_BLUNT_BLCONT</LocID>                               
		<Text>Lesão contusa da bexiga</Text>  
	</GameDBLocalizedString>
            
	<GameDBLocalizedString>      
		<LocID>SYM_KN_BLUNT_BLCONT_DESC</LocID>                   
		<Text>Lesão contusa da bexiga</Text>  
	</GameDBLocalizedString>
	
	<GameDBLocalizedString>      
		<LocID>SYM_KN_BLOODY_URINE</LocID>                               
		<Text>Coágulos de sangue na urina</Text>  
	</GameDBLocalizedString>
            
	<GameDBLocalizedString>      
		<LocID>SYM_KN_BLOODY_URINE_DESC</LocID>                   
		<Text>Se houver excesso de sangue na urina, coágulos podem ser formados. O coágulo pode bloquear completamente o fluxo de urina, causando dor extrema repentina e incapacidade de urinar. O sangramento grave o suficiente para causar esse coágulo geralmente é causado por uma lesão no trato urinário..</Text>  
	</GameDBLocalizedString>
	
	<GameDBLocalizedString>      
		<LocID>SYM_KN_RCC_INF_VENACAVA_DESC</LocID>                               
		<Text>Tumor metastizado na veia cava inferior</Text>  
	</GameDBLocalizedString>
            
	<GameDBLocalizedString>      
		<LocID>SYM_KN_RCC_INF_VENACAVA</LocID>                   
		<Text>Tumor metastizado na veia cava inferior. A veia cava inferior (ou VCI) é uma grande veia que transporta o sangue desoxigenado do corpo inferior e médio para o átrio direito do coração. É formado pela união das veias ilíacas comuns direita e esquerda, geralmente ao nível da quinta vértebra lombar.</Text>  
	</GameDBLocalizedString>
	
	<GameDBLocalizedString>      
		<LocID>SYM_KN_IP_RUP</LocID>                               
		<Text>Ruptura intraperitoneal da Bexiga</Text>  
	</GameDBLocalizedString>
            
	<GameDBLocalizedString>      
		<LocID>SYM_KN_IP_RUP_DESC</LocID>                   
		<Text>Ruptura intraperitoneal da Bexiga</Text>  
	</GameDBLocalizedString> 
	
	<GameDBLocalizedString>      
		<LocID>SYM_KN_EX_RUP_1</LocID>                               
		<Text>Ruptura extraperitoneal da Bexiga</Text>  
	</GameDBLocalizedString>
            
	<GameDBLocalizedString>      
		<LocID>SYM_KN_EX_RUP_1_DESC</LocID>                   
		<Text>Ruptura extraperitoneal da Bexiga</Text>  
	</GameDBLocalizedString>
	
	<GameDBLocalizedString>      
		<LocID>SYM_KN_EX_RUP_2</LocID>                               
		<Text>Ruptura extraperitoneal complexa da Bexiga</Text>  
	</GameDBLocalizedString>
            
	<GameDBLocalizedString>      
		<LocID>SYM_KN_EX_RUP_2_DESC</LocID>                   
		<Text>Ruptura extraperitoneal complexa da Bexiga</Text>  
	</GameDBLocalizedString>
	
	<GameDBLocalizedString>      
		<LocID>SYM_KN_PEN_RUP_1</LocID>                               
		<Text>Ruptura Penetrante da Bexiga</Text>  
	</GameDBLocalizedString>
            
	<GameDBLocalizedString>      
		<LocID>SYM_KN_PEN_RUP_1_DESC</LocID>                   
		<Text>Ruptura Penetrante da Bexiga</Text>  
	</GameDBLocalizedString>
		
	<GameDBLocalizedString>      
		<LocID>SYM_KN_URIN_INCO_VAG</LocID>                               
		<Text>Perda de urina pela vagina</Text>  
	</GameDBLocalizedString>
            
	<GameDBLocalizedString>      
		<LocID>SYM_KN_URIN_INCO_VAG_DESC</LocID>                   
		<Text>Perda de urina pela vagina</Text>  
	</GameDBLocalizedString>
  	
	</LocalizedStrings>
	</GameDBStringTable>	
</Database>