<Database>

<GameDBStringTable ID="LOC_ES_ADDON_UR_BUILDING_MODE">
<LanguageCode>es</LanguageCode>
<LanguageNameLocalized>Español</LanguageNameLocalized>
<Contributors>
<Name>Srmojon</Name>
</Contributors>

<LocalizedStrings>
	<GameDBLocalizedString>      
		<LocID>OBJECT_DECAL_MOD_UR</LocID>       			
		<Text>Urología</Text>  
	</GameDBLocalizedString>
			
    <GameDBLocalizedString>      
		<LocID>OBJECT_DECAL_MOD_DESC</LocID>       
		<Text>Calcomanía de la pared</Text>  
	</GameDBLocalizedString>
	
	<GameDBLocalizedString>      
		<LocID>ROOM_TYPE_UR_OFFICE</LocID>                          	
		<Text>Oficina de Urología</Text>   
	</GameDBLocalizedString>
	<GameDBLocalizedString>      
		<LocID>ROOM_TYPE_UR_OFFICE_DESC</LocID>              	
		<Text>Consultorio médico especializado en Urología. Requerimientos de personal:\n1x Doctor</Text>  
	</GameDBLocalizedString>

	<GameDBLocalizedString>      
		<LocID>ROOM_TYPE_NF_OFFICE</LocID>                          	
		<Text>Oficina de Nefrología</Text>   
	</GameDBLocalizedString>
	<GameDBLocalizedString>      
		<LocID>ROOM_TYPE_NF_OFFICE_DESC</LocID>              	
		<Text>Consultorio médico especializado en Nefrología. Requerimientos de personal:\n1x Doctor</Text>  
	</GameDBLocalizedString>
	
	<GameDBLocalizedString>      
		<LocID>ROOM_TYPE_DIA_WARD</LocID>                          	
		<Text>Sala de diálisis</Text>   
	</GameDBLocalizedString>
	<GameDBLocalizedString>      
		<LocID>ROOM_TYPE_DIA_WARD_DESC</LocID>              	
		<Text>Sala de diálisis para pacientes de Urología que requieran diálisis. \n\nMin. Requisitos de personal: \n1x Doctor \n1x Enfermera \n(Personal de sala de guardia y personal de enfermería)</Text>  
	</GameDBLocalizedString>
	
</LocalizedStrings>
</GameDBStringTable>
</Database>