<Database>

   	<!-- Orchiopexy -->	
	<GameDBTreatment ID="TRT_KN_ORCHIOPEXY"> <!-- $500 -->
        <AbbreviationLocID>TRT_KN_ORCHIOPEXY_DESC</AbbreviationLocID>
        <DiscomfortLevel>High</DiscomfortLevel>
        <Procedure>
            <StaffSelectionRules>DEFAULT_ROOMS</StaffSelectionRules>
            <RequiredSkillsToPrescribe>
                <SkillRef>SKILL_DOC_SPEC_UR</SkillRef>
            </RequiredSkillsToPrescribe>

            <RequiredDoctorQualificationList>
                <SkillRef>SKILL_DOC_SPEC_UR_SURGERY</SkillRef>
                <SkillRef>SKILL_DOC_SPEC_ANESTHESIOLOGY</SkillRef>

                <!-- needs to be last so the anesthesiologist doesn't get selected as assistant-->
                <SkillRef>SKILL_DOC_SPEC_UR</SkillRef>
            </RequiredDoctorQualificationList>

            <RequiredDoctorRoles>
                <RoleRef>EMPL_ROLE_SURGERY</RoleRef>
                <RoleRef>EMPL_ROLE_SURGERY_ANESTHESIOLOGY</RoleRef>
                <RoleRef>EMPL_ROLE_SURGERY_ASSIST</RoleRef>
            </RequiredDoctorRoles>
			
			<FallbackDoctorDepartments>
                <DepartmentRef>DPT_DEFAULT</DepartmentRef>
                <DepartmentRef>DPT_ICU</DepartmentRef>
                <DepartmentRef>DPT_DEFAULT</DepartmentRef>
            </FallbackDoctorDepartments>

            <RequiredNurseQualificationList>
                <SkillRef>SKILL_NURSE_SPEC_MEDICAL_SURGERY</SkillRef>
                <SkillRef>SKILL_NURSE_SPEC_MEDICAL_SURGERY</SkillRef>
            </RequiredNurseQualificationList>

            <RequiredNurseRoles>
                <RoleRef>EMPL_ROLE_SURGERY_NURSE</RoleRef>
                <RoleRef>EMPL_ROLE_SURGERY_NURSE</RoleRef>
            </RequiredNurseRoles>

            <RequiredRoomTags>
                <Tag>operating_room</Tag>
            </RequiredRoomTags>

            <BedPositionsStaff>
                <MainSurgeonPosition>BODY_LEFT</MainSurgeonPosition>
                <SurgeonAsistantPosition>BODY_RIGHT</SurgeonAsistantPosition>
                <AnesthesiologistPosition>NONE</AnesthesiologistPosition>
                <SurgeryNursePosition>FEET_LEFT</SurgeryNursePosition>
                <AssistantNursePosition>FEET_RIGHT</AssistantNursePosition>
            </BedPositionsStaff>

            <Complications> 
                <Complication>
                    <SymptomRef>SYM_WOUND_INFECTION</SymptomRef>
                    <ProbabilityPercent>6</ProbabilityPercent>
                    <ProbabilityPercentMaxSkillLevel>2</ProbabilityPercentMaxSkillLevel>
                </Complication>
				<Complication>
                    <SymptomRef>SYM_BLEEDING_FROM_THE_WOUND</SymptomRef>
                    <ProbabilityPercent>8</ProbabilityPercent>
                    <ProbabilityPercentMaxSkillLevel>3</ProbabilityPercentMaxSkillLevel>
                </Complication>
				<Complication>
                    <SymptomRef>SYM_KN_RETRO_EJAC</SymptomRef>
                    <ProbabilityPercent>6</ProbabilityPercent>
                    <ProbabilityPercentMaxSkillLevel>2</ProbabilityPercentMaxSkillLevel>
                </Complication>
				<Complication>
                    <SymptomRef>SYM_KN_EREC_DYS</SymptomRef>
                    <ProbabilityPercent>6</ProbabilityPercent>
                    <ProbabilityPercentMaxSkillLevel>2</ProbabilityPercentMaxSkillLevel>
                </Complication>
				<Complication>
                    <SymptomRef>SYM_KN_URIN_INCO</SymptomRef>
                    <ProbabilityPercent>6</ProbabilityPercent>
                    <ProbabilityPercentMaxSkillLevel>2</ProbabilityPercentMaxSkillLevel>
                </Complication>
            </Complications>

            <RequiredEquipmentList>
                <RequiredEquipment>
                    <Tag>operating_table_head</Tag><!--0-->
                </RequiredEquipment>
                <RequiredEquipment>
                    <Tag>operating_table_legs</Tag><!--1-->
                </RequiredEquipment>
                <RequiredEquipment>
                    <Tag>scrubbing_sink</Tag><!--2-->
                </RequiredEquipment>
                <RequiredEquipment>
                    <Tag>scrubbing_sink</Tag><!--3-->
                </RequiredEquipment>
                <RequiredEquipment>
                    <Tag>scrubbing_sink</Tag><!--4-->
                </RequiredEquipment>
                <RequiredEquipment>
                    <Tag>scrubs_shelf</Tag><!--5-->
                </RequiredEquipment>
                <RequiredEquipment>
                    <Tag>scrubs_shelf</Tag><!--6-->
                </RequiredEquipment>
                <RequiredEquipment>
                    <Tag>scrubs_shelf</Tag><!--7-->
                </RequiredEquipment>
                <RequiredEquipment>
                    <Tag>warming_cabinet</Tag><!--8-->
                </RequiredEquipment>
                <RequiredEquipment>
                    <Tag>doc_equipment</Tag><!--9-->
                </RequiredEquipment>
                <RequiredEquipment>
                    <Tag>surgery_instruments</Tag><!--10-->
                </RequiredEquipment>
                <RequiredEquipment>
                    <Tag>electrocautery_machine</Tag><!--11-->
                </RequiredEquipment>
                <RequiredEquipment>
                    <Tag>stool</Tag><!--12-->
                </RequiredEquipment>
                <RequiredEquipment>
                    <Tag>anesthetic_machine</Tag><!--13-->
                </RequiredEquipment>
                <RequiredEquipment>
                    <Tag>defibrillator</Tag><!--14-->
                </RequiredEquipment>
                <RequiredEquipment>
                    <Tag>succion_machine</Tag><!--15-->
                </RequiredEquipment>
            </RequiredEquipmentList>

            <ProcedureScript>ProcedureScriptTreatmentSurgery</ProcedureScript>
            <SpeechBubbleRef>BUBBLE_PLACEHOLDER</SpeechBubbleRef>
            <EquipmentFromAnyDepartment>true</EquipmentFromAnyDepartment>
        </Procedure>
        <TreatmentType>SURGERY</TreatmentType>
        <Cost>200</Cost>
        <IconIndex>1945</IconIndex>
        <HospitalizationTreatmentRef>TRT_HOSPITALIZATION_NORMAL</HospitalizationTreatmentRef>
    </GameDBTreatment>
	
	<!-- Orchiectomy -->
	<GameDBTreatment ID="TRT_KN_ORCHIECTOMY"> <!-- $500 -->
        <AbbreviationLocID>TRT_KN_ORCHIECTOMY_DESC</AbbreviationLocID>
        <DiscomfortLevel>High</DiscomfortLevel>
        <Procedure>
            <StaffSelectionRules>DEFAULT_ROOMS</StaffSelectionRules>
            <RequiredSkillsToPrescribe>
                <SkillRef>SKILL_DOC_SPEC_UR</SkillRef>
            </RequiredSkillsToPrescribe>

            <RequiredDoctorQualificationList>
                <SkillRef>SKILL_DOC_SPEC_UR_SURGERY</SkillRef>
                <SkillRef>SKILL_DOC_SPEC_ANESTHESIOLOGY</SkillRef>

                <!-- needs to be last so the anesthesiologist doesn't get selected as assistant-->
                <SkillRef>SKILL_DOC_SPEC_UR</SkillRef>
            </RequiredDoctorQualificationList>

            <RequiredDoctorRoles>
                <RoleRef>EMPL_ROLE_SURGERY</RoleRef>
                <RoleRef>EMPL_ROLE_SURGERY_ANESTHESIOLOGY</RoleRef>
                <RoleRef>EMPL_ROLE_SURGERY_ASSIST</RoleRef>
            </RequiredDoctorRoles>
			
			<FallbackDoctorDepartments>
                <DepartmentRef>DPT_DEFAULT</DepartmentRef>
                <DepartmentRef>DPT_ICU</DepartmentRef>
                <DepartmentRef>DPT_DEFAULT</DepartmentRef>
            </FallbackDoctorDepartments>

            <RequiredNurseQualificationList>
                <SkillRef>SKILL_NURSE_SPEC_MEDICAL_SURGERY</SkillRef>
                <SkillRef>SKILL_NURSE_SPEC_MEDICAL_SURGERY</SkillRef>
            </RequiredNurseQualificationList>

            <RequiredNurseRoles>
                <RoleRef>EMPL_ROLE_SURGERY_NURSE</RoleRef>
                <RoleRef>EMPL_ROLE_SURGERY_NURSE</RoleRef>
            </RequiredNurseRoles>

            <RequiredRoomTags>
                <Tag>operating_room</Tag>
            </RequiredRoomTags>

            <BedPositionsStaff>
                <MainSurgeonPosition>BODY_LEFT</MainSurgeonPosition>
                <SurgeonAsistantPosition>BODY_RIGHT</SurgeonAsistantPosition>
                <AnesthesiologistPosition>NONE</AnesthesiologistPosition>
                <SurgeryNursePosition>FEET_LEFT</SurgeryNursePosition>
                <AssistantNursePosition>FEET_RIGHT</AssistantNursePosition>
            </BedPositionsStaff>

            <Complications> 
                <Complication>
                    <SymptomRef>SYM_WOUND_INFECTION</SymptomRef>
                    <ProbabilityPercent>6</ProbabilityPercent>
                    <ProbabilityPercentMaxSkillLevel>2</ProbabilityPercentMaxSkillLevel>
                </Complication>
				<Complication>
                    <SymptomRef>SYM_BLEEDING_FROM_THE_WOUND</SymptomRef>
                    <ProbabilityPercent>8</ProbabilityPercent>
                    <ProbabilityPercentMaxSkillLevel>3</ProbabilityPercentMaxSkillLevel>
                </Complication>
				<Complication>
                    <SymptomRef>SYM_KN_RETRO_EJAC</SymptomRef>
                    <ProbabilityPercent>5</ProbabilityPercent>
                    <ProbabilityPercentMaxSkillLevel>3</ProbabilityPercentMaxSkillLevel>
                </Complication>
				<Complication>
                    <SymptomRef>SYM_KN_EREC_DYS</SymptomRef>
                    <ProbabilityPercent>5</ProbabilityPercent>
                    <ProbabilityPercentMaxSkillLevel>3</ProbabilityPercentMaxSkillLevel>
                </Complication>
				<Complication>
                    <SymptomRef>SYM_KN_URIN_INCO</SymptomRef>
                    <ProbabilityPercent>5</ProbabilityPercent>
                    <ProbabilityPercentMaxSkillLevel>3</ProbabilityPercentMaxSkillLevel>
                </Complication>
            </Complications>

            <RequiredEquipmentList>
                <RequiredEquipment>
                    <Tag>operating_table_head</Tag><!--0-->
                </RequiredEquipment>
                <RequiredEquipment>
                    <Tag>operating_table_legs</Tag><!--1-->
                </RequiredEquipment>
                <RequiredEquipment>
                    <Tag>scrubbing_sink</Tag><!--2-->
                </RequiredEquipment>
                <RequiredEquipment>
                    <Tag>scrubbing_sink</Tag><!--3-->
                </RequiredEquipment>
                <RequiredEquipment>
                    <Tag>scrubbing_sink</Tag><!--4-->
                </RequiredEquipment>
                <RequiredEquipment>
                    <Tag>scrubs_shelf</Tag><!--5-->
                </RequiredEquipment>
                <RequiredEquipment>
                    <Tag>scrubs_shelf</Tag><!--6-->
                </RequiredEquipment>
                <RequiredEquipment>
                    <Tag>scrubs_shelf</Tag><!--7-->
                </RequiredEquipment>
                <RequiredEquipment>
                    <Tag>warming_cabinet</Tag><!--8-->
                </RequiredEquipment>
                <RequiredEquipment>
                    <Tag>doc_equipment</Tag><!--9-->
                </RequiredEquipment>
                <RequiredEquipment>
                    <Tag>surgery_instruments</Tag><!--10-->
                </RequiredEquipment>
                <RequiredEquipment>
                    <Tag>electrocautery_machine</Tag><!--11-->
                </RequiredEquipment>
                <RequiredEquipment>
                    <Tag>stool</Tag><!--12-->
                </RequiredEquipment>
                <RequiredEquipment>
                    <Tag>anesthetic_machine</Tag><!--13-->
                </RequiredEquipment>
                <RequiredEquipment>
                    <Tag>defibrillator</Tag><!--14-->
                </RequiredEquipment>
                <RequiredEquipment>
                    <Tag>succion_machine</Tag><!--15-->
                </RequiredEquipment>
            </RequiredEquipmentList>

            <ProcedureScript>ProcedureScriptTreatmentSurgery</ProcedureScript>
            <SpeechBubbleRef>BUBBLE_PLACEHOLDER</SpeechBubbleRef>
            <EquipmentFromAnyDepartment>true</EquipmentFromAnyDepartment>
        </Procedure>
        <TreatmentType>SURGERY</TreatmentType>
        <Cost>200</Cost>
        <IconIndex>1945</IconIndex>
        <HospitalizationTreatmentRef>TRT_HOSPITALIZATION_NORMAL</HospitalizationTreatmentRef>
    </GameDBTreatment>
	
	
		<!-- Transurethral resection of the prostate -->
	<GameDBTreatment ID="TRT_KN_TURP"> <!-- $500 -->
        <AbbreviationLocID>TRT_KN_TURP_DESC</AbbreviationLocID>
        <DiscomfortLevel>High</DiscomfortLevel>
        <Procedure>
            <StaffSelectionRules>DEFAULT_ROOMS</StaffSelectionRules>
            <RequiredSkillsToPrescribe>
                <SkillRef>SKILL_DOC_SPEC_UR</SkillRef>
            </RequiredSkillsToPrescribe>

            <RequiredDoctorQualificationList>
                <SkillRef>SKILL_DOC_SPEC_UR_SURGERY</SkillRef>
                <SkillRef>SKILL_DOC_SPEC_ANESTHESIOLOGY</SkillRef>

                <!-- needs to be last so the anesthesiologist doesn't get selected as assistant-->
                <SkillRef>SKILL_DOC_SPEC_UR</SkillRef>
            </RequiredDoctorQualificationList>

            <RequiredDoctorRoles>
                <RoleRef>EMPL_ROLE_SURGERY</RoleRef>
                <RoleRef>EMPL_ROLE_SURGERY_ANESTHESIOLOGY</RoleRef>
                <RoleRef>EMPL_ROLE_SURGERY_ASSIST</RoleRef>
            </RequiredDoctorRoles>
			
			<FallbackDoctorDepartments>
                <DepartmentRef>DPT_DEFAULT</DepartmentRef>
                <DepartmentRef>DPT_ICU</DepartmentRef>
                <DepartmentRef>DPT_DEFAULT</DepartmentRef>
            </FallbackDoctorDepartments>

            <RequiredNurseQualificationList>
                <SkillRef>SKILL_NURSE_SPEC_MEDICAL_SURGERY</SkillRef>
                <SkillRef>SKILL_NURSE_SPEC_MEDICAL_SURGERY</SkillRef>
            </RequiredNurseQualificationList>

            <RequiredNurseRoles>
                <RoleRef>EMPL_ROLE_SURGERY_NURSE</RoleRef>
                <RoleRef>EMPL_ROLE_SURGERY_NURSE</RoleRef>
            </RequiredNurseRoles>

            <RequiredRoomTags>
                <Tag>operating_room</Tag>
            </RequiredRoomTags>

            <BedPositionsStaff>
                <MainSurgeonPosition>BODY_LEFT</MainSurgeonPosition>
                <SurgeonAsistantPosition>BODY_RIGHT</SurgeonAsistantPosition>
                <AnesthesiologistPosition>NONE</AnesthesiologistPosition>
                <SurgeryNursePosition>FEET_LEFT</SurgeryNursePosition>
                <AssistantNursePosition>FEET_RIGHT</AssistantNursePosition>
            </BedPositionsStaff>

            <Complications> 
                <Complication>
                    <SymptomRef>SYM_WOUND_INFECTION</SymptomRef>
                    <ProbabilityPercent>6</ProbabilityPercent>
                    <ProbabilityPercentMaxSkillLevel>2</ProbabilityPercentMaxSkillLevel>
                </Complication>
				<Complication>
                    <SymptomRef>SYM_BLEEDING_FROM_THE_WOUND</SymptomRef>
                    <ProbabilityPercent>8</ProbabilityPercent>
                    <ProbabilityPercentMaxSkillLevel>3</ProbabilityPercentMaxSkillLevel>
                </Complication>
				<Complication>
                    <SymptomRef>SYM_KN_RETRO_EJAC</SymptomRef>
                    <ProbabilityPercent>15</ProbabilityPercent>
                    <ProbabilityPercentMaxSkillLevel>10</ProbabilityPercentMaxSkillLevel>
                </Complication>
				<Complication>
                    <SymptomRef>SYM_KN_EREC_DYS</SymptomRef>
                    <ProbabilityPercent>15</ProbabilityPercent>
                    <ProbabilityPercentMaxSkillLevel>10</ProbabilityPercentMaxSkillLevel>
                </Complication>
				<Complication>
                    <SymptomRef>SYM_KN_URIN_INCO</SymptomRef>
                    <ProbabilityPercent>15</ProbabilityPercent>
                    <ProbabilityPercentMaxSkillLevel>10</ProbabilityPercentMaxSkillLevel>
                </Complication>
            </Complications>

            <RequiredEquipmentList>
                <RequiredEquipment>
                    <Tag>operating_table_head</Tag><!--0-->
                </RequiredEquipment>
                <RequiredEquipment>
                    <Tag>operating_table_legs</Tag><!--1-->
                </RequiredEquipment>
                <RequiredEquipment>
                    <Tag>scrubbing_sink</Tag><!--2-->
                </RequiredEquipment>
                <RequiredEquipment>
                    <Tag>scrubbing_sink</Tag><!--3-->
                </RequiredEquipment>
                <RequiredEquipment>
                    <Tag>scrubbing_sink</Tag><!--4-->
                </RequiredEquipment>
                <RequiredEquipment>
                    <Tag>scrubs_shelf</Tag><!--5-->
                </RequiredEquipment>
                <RequiredEquipment>
                    <Tag>scrubs_shelf</Tag><!--6-->
                </RequiredEquipment>
                <RequiredEquipment>
                    <Tag>scrubs_shelf</Tag><!--7-->
                </RequiredEquipment>
                <RequiredEquipment>
                    <Tag>warming_cabinet</Tag><!--8-->
                </RequiredEquipment>
                <RequiredEquipment>
                    <Tag>doc_equipment</Tag><!--9-->
                </RequiredEquipment>
                <RequiredEquipment>
                    <Tag>surgery_instruments</Tag><!--10-->
                </RequiredEquipment>
                <RequiredEquipment>
                    <Tag>electrocautery_machine</Tag><!--11-->
                </RequiredEquipment>
                <RequiredEquipment>
                    <Tag>stool</Tag><!--12-->
                </RequiredEquipment>
                <RequiredEquipment>
                    <Tag>anesthetic_machine</Tag><!--13-->
                </RequiredEquipment>
                <RequiredEquipment>
                    <Tag>defibrillator</Tag><!--14-->
                </RequiredEquipment>
                <RequiredEquipment>
                    <Tag>succion_machine</Tag><!--15-->
                </RequiredEquipment>
            </RequiredEquipmentList>

            <ProcedureScript>ProcedureScriptTreatmentSurgery</ProcedureScript>
            <SpeechBubbleRef>BUBBLE_PLACEHOLDER</SpeechBubbleRef>
            <EquipmentFromAnyDepartment>true</EquipmentFromAnyDepartment>
        </Procedure>
        <TreatmentType>SURGERY</TreatmentType>
        <Cost>200</Cost>
        <IconIndex>1945</IconIndex>
        <HospitalizationTreatmentRef>TRT_HOSPITALIZATION_NORMAL</HospitalizationTreatmentRef>
    </GameDBTreatment>
	
	<!-- Kidney Transplantation -->
	<GameDBTreatment ID="TRT_KIDN_TRANS">
        <AbbreviationLocID>TRT_KIDN_TRANS_DESC</AbbreviationLocID>
        <DiscomfortLevel>High</DiscomfortLevel>
        <Procedure>
            <StaffSelectionRules>DEFAULT_ROOMS</StaffSelectionRules>
            <RequiredSkillsToPrescribe>
                <SkillRef>SKILL_DOC_SPEC_UR</SkillRef>
            </RequiredSkillsToPrescribe>

            <RequiredDoctorQualificationList>
                <SkillRef>SKILL_DOC_SPEC_UR_SURGERY</SkillRef>
                <SkillRef>SKILL_DOC_SPEC_ANESTHESIOLOGY</SkillRef>

                <!-- needs to be last so the anesthesiologist doesn't get selected as assistant-->
                <SkillRef>SKILL_DOC_SPEC_UR</SkillRef>
            </RequiredDoctorQualificationList>

            <RequiredDoctorRoles>
                <RoleRef>EMPL_ROLE_SURGERY</RoleRef>
                <RoleRef>EMPL_ROLE_SURGERY_ANESTHESIOLOGY</RoleRef>
                <RoleRef>EMPL_ROLE_SURGERY_ASSIST</RoleRef>
            </RequiredDoctorRoles>

            <RequiredNurseQualificationList>
                <SkillRef>SKILL_NURSE_SPEC_MEDICAL_SURGERY</SkillRef>
                <SkillRef>SKILL_NURSE_SPEC_MEDICAL_SURGERY</SkillRef>
            </RequiredNurseQualificationList>

            <RequiredNurseRoles>
                <RoleRef>EMPL_ROLE_SURGERY_NURSE</RoleRef>
                <RoleRef>EMPL_ROLE_SURGERY_NURSE</RoleRef>
            </RequiredNurseRoles>

           <RequiredRoomTags>
                <Tag>operating_room</Tag>
            </RequiredRoomTags>

            <BedPositionsStaff>
                <MainSurgeonPosition>BODY_LEFT</MainSurgeonPosition>
                <SurgeonAsistantPosition>BODY_RIGHT</SurgeonAsistantPosition>
                <AnesthesiologistPosition>NONE</AnesthesiologistPosition>
                <SurgeryNursePosition>FEET_LEFT</SurgeryNursePosition>
                <AssistantNursePosition>FEET_RIGHT</AssistantNursePosition>
            </BedPositionsStaff>

            <Complications>
                <Complication>
                    <SymptomRef>SYM_ABSCESS</SymptomRef>
                    <ProbabilityPercent>10</ProbabilityPercent>
                </Complication>
                <Complication>
                    <SymptomRef>SYM_WOUND_INFECTION</SymptomRef>
                    <ProbabilityPercent>10</ProbabilityPercent>
                </Complication>
                <Complication>
                    <SymptomRef>SYM_ALVEOLAR_COLLAPSE</SymptomRef>
                    <ProbabilityPercent>10</ProbabilityPercent>
                </Complication>
                <Complication>
                    <SymptomRef>SYM_SEPSIS</SymptomRef> 
                    <ProbabilityPercent>10</ProbabilityPercent>
                </Complication>
				<Complication>
                    <SymptomRef>SYM_KN_ACUTE_ORG_REJEC</SymptomRef> 
                    <ProbabilityPercent>4</ProbabilityPercent>
                </Complication>
				<Complication>
                    <SymptomRef>SYM_KN_IMMUN_REACT</SymptomRef> 
                    <ProbabilityPercent>100</ProbabilityPercent>
                </Complication>
            </Complications>

            <RequiredEquipmentList>
                <RequiredEquipment>
                    <Tag>operating_table_head</Tag><!--0-->
                </RequiredEquipment>
                <RequiredEquipment>
                    <Tag>operating_table_legs</Tag><!--1-->
                </RequiredEquipment>
                <RequiredEquipment>
                    <Tag>scrubbing_sink</Tag><!--2-->
                </RequiredEquipment>
                <RequiredEquipment>
                    <Tag>scrubbing_sink</Tag><!--3-->
                </RequiredEquipment>
                <RequiredEquipment>
                    <Tag>scrubbing_sink</Tag><!--4-->
                </RequiredEquipment>
                <RequiredEquipment>
                    <Tag>scrubs_shelf</Tag><!--5-->
                </RequiredEquipment>
                <RequiredEquipment>
                    <Tag>scrubs_shelf</Tag><!--6-->
                </RequiredEquipment>
                <RequiredEquipment>
                    <Tag>scrubs_shelf</Tag><!--7-->
                </RequiredEquipment>
                <RequiredEquipment>
                    <Tag>warming_cabinet</Tag><!--8-->
                </RequiredEquipment>
                <RequiredEquipment>
                    <Tag>doc_equipment</Tag><!--9-->
                </RequiredEquipment>
                <RequiredEquipment>
                    <Tag>surgery_instruments</Tag><!--10-->
                </RequiredEquipment>
                <RequiredEquipment>
                    <Tag>electrocautery_machine</Tag><!--11-->
                </RequiredEquipment>
                <RequiredEquipment>
                    <Tag>stool</Tag><!--12-->
                </RequiredEquipment>
                <RequiredEquipment>
                    <Tag>anesthetic_machine</Tag><!--13-->
                </RequiredEquipment>
                <RequiredEquipment>
                    <Tag>defibrillator</Tag><!--14-->
                </RequiredEquipment>
                <RequiredEquipment>
                    <Tag>succion_machine</Tag><!--15-->
                </RequiredEquipment>
            </RequiredEquipmentList>

            <ProcedureScript>ProcedureScriptTreatmentSurgery</ProcedureScript>
            <SpeechBubbleRef>BUBBLE_PLACEHOLDER</SpeechBubbleRef>
            <EquipmentFromAnyDepartment>true</EquipmentFromAnyDepartment>
        </Procedure>
        <TreatmentType>SURGERY</TreatmentType>
        <Cost>1000</Cost>
        <IconIndex>1945</IconIndex>
        <HospitalizationTreatmentRef>TRT_HOSPITALIZATION_HIGH_PRIORITY</HospitalizationTreatmentRef>

    </GameDBTreatment> 
	
		<!-- Vasectomy -->
     <GameDBTreatment ID="TRT_KN_VASECTOMY">
        <AbbreviationLocID>TRT_KN_VASECTOMY_DESC</AbbreviationLocID>
        <DiscomfortLevel>Medium</DiscomfortLevel>
        <Procedure>
            <StaffSelectionRules>DEFAULT_ROOMS</StaffSelectionRules>
            <RequiredSkillsToPrescribe>
                <SkillRef>SKILL_DOC_SPEC_UR</SkillRef>
            </RequiredSkillsToPrescribe>

            <RequiredDoctorQualificationList>
                <SkillRef>SKILL_DOC_SPEC_UR_SURGERY</SkillRef>
                <SkillRef>SKILL_DOC_SPEC_ANESTHESIOLOGY</SkillRef>

                <!-- needs to be last so the anesthesiologist doesn't get selected as assistant-->
                <SkillRef>SKILL_DOC_SPEC_UR</SkillRef>
            </RequiredDoctorQualificationList>

            <RequiredDoctorRoles>
                <RoleRef>EMPL_ROLE_SURGERY</RoleRef>
                <RoleRef>EMPL_ROLE_SURGERY_ANESTHESIOLOGY</RoleRef>
                <RoleRef>EMPL_ROLE_SURGERY_ASSIST</RoleRef>
            </RequiredDoctorRoles>

            <RequiredNurseQualificationList>
                <SkillRef>SKILL_NURSE_SPEC_MEDICAL_SURGERY</SkillRef>
                <SkillRef>SKILL_NURSE_SPEC_MEDICAL_SURGERY</SkillRef>
            </RequiredNurseQualificationList>

            <RequiredNurseRoles>
                <RoleRef>EMPL_ROLE_SURGERY_NURSE</RoleRef>
                <RoleRef>EMPL_ROLE_SURGERY_NURSE</RoleRef>
            </RequiredNurseRoles>

           <RequiredRoomTags>
                <Tag>operating_room</Tag>
            </RequiredRoomTags>

            <BedPositionsStaff>
                <MainSurgeonPosition>BODY_LEFT</MainSurgeonPosition>
                <SurgeonAsistantPosition>BODY_RIGHT</SurgeonAsistantPosition>
                <AnesthesiologistPosition>NONE</AnesthesiologistPosition>
                <SurgeryNursePosition>FEET_LEFT</SurgeryNursePosition>
                <AssistantNursePosition>FEET_RIGHT</AssistantNursePosition>
            </BedPositionsStaff>

            <Complications>
                <Complication>
                    <SymptomRef>SYM_ABSCESS</SymptomRef>
                    <ProbabilityPercent>3</ProbabilityPercent>
					<ProbabilityPercentMaxSkillLevel>0</ProbabilityPercentMaxSkillLevel>
                </Complication>
                <Complication>
                    <SymptomRef>SYM_WOUND_INFECTION</SymptomRef>
                    <ProbabilityPercent>3</ProbabilityPercent>                    
					<ProbabilityPercentMaxSkillLevel>1</ProbabilityPercentMaxSkillLevel>
                </Complication>
            </Complications>

            <RequiredEquipmentList>
                <RequiredEquipment>
                    <Tag>operating_table_head</Tag><!--0-->
                </RequiredEquipment>
                <RequiredEquipment>
                    <Tag>operating_table_legs</Tag><!--1-->
                </RequiredEquipment>
                <RequiredEquipment>
                    <Tag>scrubbing_sink</Tag><!--2-->
                </RequiredEquipment>
                <RequiredEquipment>
                    <Tag>scrubbing_sink</Tag><!--3-->
                </RequiredEquipment>
                <RequiredEquipment>
                    <Tag>scrubbing_sink</Tag><!--4-->
                </RequiredEquipment>
                <RequiredEquipment>
                    <Tag>scrubs_shelf</Tag><!--5-->
                </RequiredEquipment>
                <RequiredEquipment>
                    <Tag>scrubs_shelf</Tag><!--6-->
                </RequiredEquipment>
                <RequiredEquipment>
                    <Tag>scrubs_shelf</Tag><!--7-->
                </RequiredEquipment>
                <RequiredEquipment>
                    <Tag>warming_cabinet</Tag><!--8-->
                </RequiredEquipment>
                <RequiredEquipment>
                    <Tag>doc_equipment</Tag><!--9-->
                </RequiredEquipment>
                <RequiredEquipment>
                    <Tag>surgery_instruments</Tag><!--10-->
                </RequiredEquipment>
                <RequiredEquipment>
                    <Tag>electrocautery_machine</Tag><!--11-->
                </RequiredEquipment>
                <RequiredEquipment>
                    <Tag>stool</Tag><!--12-->
                </RequiredEquipment>
                <RequiredEquipment>
                    <Tag>anesthetic_machine</Tag><!--13-->
                </RequiredEquipment>
                <RequiredEquipment>
                    <Tag>defibrillator</Tag><!--14-->
                </RequiredEquipment>
                <RequiredEquipment>
                    <Tag>succion_machine</Tag><!--15-->
                </RequiredEquipment>
            </RequiredEquipmentList>

            <ProcedureScript>ProcedureScriptTreatmentSurgery</ProcedureScript>
            <SpeechBubbleRef>BUBBLE_PLACEHOLDER</SpeechBubbleRef>
            <EquipmentFromAnyDepartment>true</EquipmentFromAnyDepartment>
        </Procedure>
        <TreatmentType>SURGERY</TreatmentType>
        <Cost>100</Cost>
        <IconIndex>1945</IconIndex>
        <HospitalizationTreatmentRef>TRT_HOSPITALIZATION_NORMAL</HospitalizationTreatmentRef>
    </GameDBTreatment>
	
	<!-- Partial nephrectomy -->
	<GameDBTreatment ID="TRT_KN_PARTNEPH"> <!-- $500 -->
        <AbbreviationLocID>TRT_KN_PARTNEPH_DESC</AbbreviationLocID>
        <DiscomfortLevel>High</DiscomfortLevel>
        <Procedure>
            <StaffSelectionRules>DEFAULT_ROOMS</StaffSelectionRules>
            <RequiredSkillsToPrescribe>
                <SkillRef>SKILL_DOC_SPEC_UR</SkillRef>
            </RequiredSkillsToPrescribe>

            <RequiredDoctorQualificationList>
                <SkillRef>SKILL_DOC_SPEC_UR_SURGERY</SkillRef>
                <SkillRef>SKILL_DOC_SPEC_ANESTHESIOLOGY</SkillRef>

                <!-- needs to be last so the anesthesiologist doesn't get selected as assistant-->
                <SkillRef>SKILL_DOC_SPEC_UR</SkillRef>
            </RequiredDoctorQualificationList>

            <RequiredDoctorRoles>
                <RoleRef>EMPL_ROLE_SURGERY</RoleRef>
                <RoleRef>EMPL_ROLE_SURGERY_ANESTHESIOLOGY</RoleRef>
                <RoleRef>EMPL_ROLE_SURGERY_ASSIST</RoleRef>
            </RequiredDoctorRoles>
			
			<FallbackDoctorDepartments>
                <DepartmentRef>DPT_DEFAULT</DepartmentRef>
                <DepartmentRef>DPT_ICU</DepartmentRef>
                <DepartmentRef>DPT_DEFAULT</DepartmentRef>
            </FallbackDoctorDepartments>

            <RequiredNurseQualificationList>
                <SkillRef>SKILL_NURSE_SPEC_MEDICAL_SURGERY</SkillRef>
                <SkillRef>SKILL_NURSE_SPEC_MEDICAL_SURGERY</SkillRef>
            </RequiredNurseQualificationList>

            <RequiredNurseRoles>
                <RoleRef>EMPL_ROLE_SURGERY_NURSE</RoleRef>
                <RoleRef>EMPL_ROLE_SURGERY_NURSE</RoleRef>
            </RequiredNurseRoles>

            <RequiredRoomTags>
                <Tag>operating_room</Tag>
            </RequiredRoomTags>

            <BedPositionsStaff>
                <MainSurgeonPosition>BODY_LEFT</MainSurgeonPosition>
                <SurgeonAsistantPosition>BODY_RIGHT</SurgeonAsistantPosition>
                <AnesthesiologistPosition>NONE</AnesthesiologistPosition>
                <SurgeryNursePosition>FEET_LEFT</SurgeryNursePosition>
                <AssistantNursePosition>FEET_RIGHT</AssistantNursePosition>
            </BedPositionsStaff>

            <Complications> 
                <Complication>
                    <SymptomRef>SYM_WOUND_INFECTION</SymptomRef>
                    <ProbabilityPercent>6</ProbabilityPercent>
                    <ProbabilityPercentMaxSkillLevel>2</ProbabilityPercentMaxSkillLevel>
                </Complication>
				<Complication>
                    <SymptomRef>SYM_BLEEDING_FROM_THE_WOUND</SymptomRef>
                    <ProbabilityPercent>8</ProbabilityPercent>
                    <ProbabilityPercentMaxSkillLevel>3</ProbabilityPercentMaxSkillLevel>
                </Complication>
            </Complications>

            <RequiredEquipmentList>
                <RequiredEquipment>
                    <Tag>operating_table_head</Tag><!--0-->
                </RequiredEquipment>
                <RequiredEquipment>
                    <Tag>operating_table_legs</Tag><!--1-->
                </RequiredEquipment>
                <RequiredEquipment>
                    <Tag>scrubbing_sink</Tag><!--2-->
                </RequiredEquipment>
                <RequiredEquipment>
                    <Tag>scrubbing_sink</Tag><!--3-->
                </RequiredEquipment>
                <RequiredEquipment>
                    <Tag>scrubbing_sink</Tag><!--4-->
                </RequiredEquipment>
                <RequiredEquipment>
                    <Tag>scrubs_shelf</Tag><!--5-->
                </RequiredEquipment>
                <RequiredEquipment>
                    <Tag>scrubs_shelf</Tag><!--6-->
                </RequiredEquipment>
                <RequiredEquipment>
                    <Tag>scrubs_shelf</Tag><!--7-->
                </RequiredEquipment>
                <RequiredEquipment>
                    <Tag>warming_cabinet</Tag><!--8-->
                </RequiredEquipment>
                <RequiredEquipment>
                    <Tag>doc_equipment</Tag><!--9-->
                </RequiredEquipment>
                <RequiredEquipment>
                    <Tag>surgery_instruments</Tag><!--10-->
                </RequiredEquipment>
                <RequiredEquipment>
                    <Tag>electrocautery_machine</Tag><!--11-->
                </RequiredEquipment>
                <RequiredEquipment>
                    <Tag>stool</Tag><!--12-->
                </RequiredEquipment>
                <RequiredEquipment>
                    <Tag>anesthetic_machine</Tag><!--13-->
                </RequiredEquipment>
                <RequiredEquipment>
                    <Tag>defibrillator</Tag><!--14-->
                </RequiredEquipment>
                <RequiredEquipment>
                    <Tag>succion_machine</Tag><!--15-->
                </RequiredEquipment>
            </RequiredEquipmentList>

            <ProcedureScript>ProcedureScriptTreatmentSurgery</ProcedureScript>
            <SpeechBubbleRef>BUBBLE_PLACEHOLDER</SpeechBubbleRef>
            <EquipmentFromAnyDepartment>true</EquipmentFromAnyDepartment>
        </Procedure>
        <TreatmentType>SURGERY</TreatmentType>
        <Cost>500</Cost>
        <IconIndex>1945</IconIndex>
        <HospitalizationTreatmentRef>TRT_HOSPITALIZATION_NORMAL</HospitalizationTreatmentRef>
    </GameDBTreatment>
	
		<!-- Radical nephrectomy -->
	<GameDBTreatment ID="TRT_KN_RADNEPH"> <!-- $500 -->
        <AbbreviationLocID>TRT_KN_RADNEPH_DESC</AbbreviationLocID>
        <DiscomfortLevel>High</DiscomfortLevel>
        <Procedure>
            <StaffSelectionRules>DEFAULT_ROOMS</StaffSelectionRules>
            <RequiredSkillsToPrescribe>
                <SkillRef>SKILL_DOC_SPEC_UR</SkillRef>
            </RequiredSkillsToPrescribe>

            <RequiredDoctorQualificationList>
                <SkillRef>SKILL_DOC_SPEC_UR_SURGERY</SkillRef>
                <SkillRef>SKILL_DOC_SPEC_ANESTHESIOLOGY</SkillRef>

                <!-- needs to be last so the anesthesiologist doesn't get selected as assistant-->
                <SkillRef>SKILL_DOC_SPEC_UR</SkillRef>
            </RequiredDoctorQualificationList>

            <RequiredDoctorRoles>
                <RoleRef>EMPL_ROLE_SURGERY</RoleRef>
                <RoleRef>EMPL_ROLE_SURGERY_ANESTHESIOLOGY</RoleRef>
                <RoleRef>EMPL_ROLE_SURGERY_ASSIST</RoleRef>
            </RequiredDoctorRoles>
			
			<FallbackDoctorDepartments>
                <DepartmentRef>DPT_DEFAULT</DepartmentRef>
                <DepartmentRef>DPT_ICU</DepartmentRef>
                <DepartmentRef>DPT_DEFAULT</DepartmentRef>
            </FallbackDoctorDepartments>

            <RequiredNurseQualificationList>
                <SkillRef>SKILL_NURSE_SPEC_MEDICAL_SURGERY</SkillRef>
                <SkillRef>SKILL_NURSE_SPEC_MEDICAL_SURGERY</SkillRef>
            </RequiredNurseQualificationList>

            <RequiredNurseRoles>
                <RoleRef>EMPL_ROLE_SURGERY_NURSE</RoleRef>
                <RoleRef>EMPL_ROLE_SURGERY_NURSE</RoleRef>
            </RequiredNurseRoles>

            <RequiredRoomTags>
                <Tag>operating_room</Tag>
            </RequiredRoomTags>

            <BedPositionsStaff>
                <MainSurgeonPosition>BODY_LEFT</MainSurgeonPosition>
                <SurgeonAsistantPosition>BODY_RIGHT</SurgeonAsistantPosition>
                <AnesthesiologistPosition>NONE</AnesthesiologistPosition>
                <SurgeryNursePosition>FEET_LEFT</SurgeryNursePosition>
                <AssistantNursePosition>FEET_RIGHT</AssistantNursePosition>
            </BedPositionsStaff>

            <Complications> 
                <Complication>
                    <SymptomRef>SYM_WOUND_INFECTION</SymptomRef>
                    <ProbabilityPercent>10</ProbabilityPercent>
                    <ProbabilityPercentMaxSkillLevel>2</ProbabilityPercentMaxSkillLevel>
                </Complication>
				<Complication>
                    <SymptomRef>SYM_BLEEDING_FROM_THE_WOUND</SymptomRef>
                    <ProbabilityPercent>10</ProbabilityPercent>
                    <ProbabilityPercentMaxSkillLevel>3</ProbabilityPercentMaxSkillLevel>
                </Complication>
				<Complication>
                    <SymptomRef>SYM_UNSTABLE_BLOOD_PRESSURE</SymptomRef>
                    <ProbabilityPercent>10</ProbabilityPercent>
                    <ProbabilityPercentMaxSkillLevel>5</ProbabilityPercentMaxSkillLevel>
                </Complication>
            </Complications>

            <RequiredEquipmentList>
                <RequiredEquipment>
                    <Tag>operating_table_head</Tag><!--0-->
                </RequiredEquipment>
                <RequiredEquipment>
                    <Tag>operating_table_legs</Tag><!--1-->
                </RequiredEquipment>
                <RequiredEquipment>
                    <Tag>scrubbing_sink</Tag><!--2-->
                </RequiredEquipment>
                <RequiredEquipment>
                    <Tag>scrubbing_sink</Tag><!--3-->
                </RequiredEquipment>
                <RequiredEquipment>
                    <Tag>scrubbing_sink</Tag><!--4-->
                </RequiredEquipment>
                <RequiredEquipment>
                    <Tag>scrubs_shelf</Tag><!--5-->
                </RequiredEquipment>
                <RequiredEquipment>
                    <Tag>scrubs_shelf</Tag><!--6-->
                </RequiredEquipment>
                <RequiredEquipment>
                    <Tag>scrubs_shelf</Tag><!--7-->
                </RequiredEquipment>
                <RequiredEquipment>
                    <Tag>warming_cabinet</Tag><!--8-->
                </RequiredEquipment>
                <RequiredEquipment>
                    <Tag>doc_equipment</Tag><!--9-->
                </RequiredEquipment>
                <RequiredEquipment>
                    <Tag>surgery_instruments</Tag><!--10-->
                </RequiredEquipment>
                <RequiredEquipment>
                    <Tag>electrocautery_machine</Tag><!--11-->
                </RequiredEquipment>
                <RequiredEquipment>
                    <Tag>stool</Tag><!--12-->
                </RequiredEquipment>
                <RequiredEquipment>
                    <Tag>anesthetic_machine</Tag><!--13-->
                </RequiredEquipment>
                <RequiredEquipment>
                    <Tag>defibrillator</Tag><!--14-->
                </RequiredEquipment>
                <RequiredEquipment>
                    <Tag>succion_machine</Tag><!--15-->
                </RequiredEquipment>
            </RequiredEquipmentList>

            <ProcedureScript>ProcedureScriptTreatmentSurgery</ProcedureScript>
            <SpeechBubbleRef>BUBBLE_PLACEHOLDER</SpeechBubbleRef>
            <EquipmentFromAnyDepartment>true</EquipmentFromAnyDepartment>
        </Procedure>
        <TreatmentType>SURGERY</TreatmentType>
        <Cost>800</Cost>
        <IconIndex>1945</IconIndex>
        <HospitalizationTreatmentRef>TRT_HOSPITALIZATION_HIGH_PRIORITY</HospitalizationTreatmentRef>
    </GameDBTreatment>
	
	<!-- Radical nephrectomy with inferior vena cava (IVC) thrombectomy -->
	<GameDBTreatment ID="TRT_KN_RADNEPH_INFVECA"> <!-- $500 -->
        <AbbreviationLocID>TRT_KN_RADNEPH_INFVECA_DESC</AbbreviationLocID>
        <DiscomfortLevel>High</DiscomfortLevel>
        <Procedure>
            <StaffSelectionRules>DEFAULT_ROOMS</StaffSelectionRules>
            <RequiredSkillsToPrescribe>
                <SkillRef>SKILL_DOC_SPEC_UR</SkillRef>
            </RequiredSkillsToPrescribe>

            <RequiredDoctorQualificationList>
                <SkillRef>SKILL_DOC_SPEC_UR_SURGERY</SkillRef>
                <SkillRef>SKILL_DOC_SPEC_ANESTHESIOLOGY</SkillRef>

                <!-- needs to be last so the anesthesiologist doesn't get selected as assistant-->
                <SkillRef>SKILL_DOC_SPEC_UR</SkillRef>
            </RequiredDoctorQualificationList>

            <RequiredDoctorRoles>
                <RoleRef>EMPL_ROLE_SURGERY</RoleRef>
                <RoleRef>EMPL_ROLE_SURGERY_ANESTHESIOLOGY</RoleRef>
                <RoleRef>EMPL_ROLE_SURGERY_ASSIST</RoleRef>
            </RequiredDoctorRoles>
			
			<FallbackDoctorDepartments>
                <DepartmentRef>DPT_DEFAULT</DepartmentRef>
                <DepartmentRef>DPT_ICU</DepartmentRef>
                <DepartmentRef>DPT_DEFAULT</DepartmentRef>
            </FallbackDoctorDepartments>

            <RequiredNurseQualificationList>
                <SkillRef>SKILL_NURSE_SPEC_MEDICAL_SURGERY</SkillRef>
                <SkillRef>SKILL_NURSE_SPEC_MEDICAL_SURGERY</SkillRef>
            </RequiredNurseQualificationList>

            <RequiredNurseRoles>
                <RoleRef>EMPL_ROLE_SURGERY_NURSE</RoleRef>
                <RoleRef>EMPL_ROLE_SURGERY_NURSE</RoleRef>
            </RequiredNurseRoles>

            <RequiredRoomTags>
                <Tag>operating_room</Tag>
            </RequiredRoomTags>

            <BedPositionsStaff>
                <MainSurgeonPosition>BODY_LEFT</MainSurgeonPosition>
                <SurgeonAsistantPosition>BODY_RIGHT</SurgeonAsistantPosition>
                <AnesthesiologistPosition>NONE</AnesthesiologistPosition>
                <SurgeryNursePosition>FEET_LEFT</SurgeryNursePosition>
                <AssistantNursePosition>FEET_RIGHT</AssistantNursePosition>
            </BedPositionsStaff>

            <Complications> 
                <Complication>
                    <SymptomRef>SYM_WOUND_INFECTION</SymptomRef>
                    <ProbabilityPercent>6</ProbabilityPercent>
                    <ProbabilityPercentMaxSkillLevel>2</ProbabilityPercentMaxSkillLevel>
                </Complication>
				<Complication>
                    <SymptomRef>SYM_BLEEDING_FROM_THE_WOUND</SymptomRef>
                    <ProbabilityPercent>8</ProbabilityPercent>
                    <ProbabilityPercentMaxSkillLevel>3</ProbabilityPercentMaxSkillLevel>
                </Complication>
				<Complication>
                    <SymptomRef>SYM_ALVEOLAR_COLLAPSE</SymptomRef>
                    <ProbabilityPercent>10</ProbabilityPercent>
                    <ProbabilityPercentMaxSkillLevel>5</ProbabilityPercentMaxSkillLevel>
                </Complication>
				<Complication>
                    <SymptomRef>SYM_UNSTABLE_BLOOD_PRESSURE</SymptomRef>
                    <ProbabilityPercent>10</ProbabilityPercent>
                    <ProbabilityPercentMaxSkillLevel>5</ProbabilityPercentMaxSkillLevel>
                </Complication>
            </Complications>

            <RequiredEquipmentList>
                <RequiredEquipment>
                    <Tag>operating_table_head</Tag><!--0-->
                </RequiredEquipment>
                <RequiredEquipment>
                    <Tag>operating_table_legs</Tag><!--1-->
                </RequiredEquipment>
                <RequiredEquipment>
                    <Tag>scrubbing_sink</Tag><!--2-->
                </RequiredEquipment>
                <RequiredEquipment>
                    <Tag>scrubbing_sink</Tag><!--3-->
                </RequiredEquipment>
                <RequiredEquipment>
                    <Tag>scrubbing_sink</Tag><!--4-->
                </RequiredEquipment>
                <RequiredEquipment>
                    <Tag>scrubs_shelf</Tag><!--5-->
                </RequiredEquipment>
                <RequiredEquipment>
                    <Tag>scrubs_shelf</Tag><!--6-->
                </RequiredEquipment>
                <RequiredEquipment>
                    <Tag>scrubs_shelf</Tag><!--7-->
                </RequiredEquipment>
                <RequiredEquipment>
                    <Tag>warming_cabinet</Tag><!--8-->
                </RequiredEquipment>
                <RequiredEquipment>
                    <Tag>doc_equipment</Tag><!--9-->
                </RequiredEquipment>
                <RequiredEquipment>
                    <Tag>surgery_instruments</Tag><!--10-->
                </RequiredEquipment>
                <RequiredEquipment>
                    <Tag>electrocautery_machine</Tag><!--11-->
                </RequiredEquipment>
                <RequiredEquipment>
                    <Tag>stool</Tag><!--12-->
                </RequiredEquipment>
                <RequiredEquipment>
                    <Tag>anesthetic_machine</Tag><!--13-->
                </RequiredEquipment>
                <RequiredEquipment>
                    <Tag>defibrillator</Tag><!--14-->
                </RequiredEquipment>
                <RequiredEquipment>
                    <Tag>succion_machine</Tag><!--15-->
                </RequiredEquipment>
            </RequiredEquipmentList>

            <ProcedureScript>ProcedureScriptTreatmentSurgery</ProcedureScript>
            <SpeechBubbleRef>BUBBLE_PLACEHOLDER</SpeechBubbleRef>
            <EquipmentFromAnyDepartment>true</EquipmentFromAnyDepartment>
        </Procedure>
        <TreatmentType>SURGERY</TreatmentType>
        <Cost>1000</Cost>
        <IconIndex>1945</IconIndex>
        <HospitalizationTreatmentRef>TRT_HOSPITALIZATION_HIGH_PRIORITY</HospitalizationTreatmentRef>
    </GameDBTreatment>
	
	<!-- Bladder surgery -->
	<GameDBTreatment ID="TRT_KN_BLAD"> <!-- $500 -->
        <AbbreviationLocID>TRT_KN_BLAD_DESC</AbbreviationLocID>
        <DiscomfortLevel>High</DiscomfortLevel>
        <Procedure>
            <StaffSelectionRules>DEFAULT_ROOMS</StaffSelectionRules>
            <RequiredSkillsToPrescribe>
                <SkillRef>SKILL_DOC_SPEC_UR</SkillRef>
            </RequiredSkillsToPrescribe>

            <RequiredDoctorQualificationList>
                <SkillRef>SKILL_DOC_SPEC_UR_SURGERY</SkillRef>
                <SkillRef>SKILL_DOC_SPEC_ANESTHESIOLOGY</SkillRef>

                <!-- needs to be last so the anesthesiologist doesn't get selected as assistant-->
                <SkillRef>SKILL_DOC_SPEC_UR</SkillRef>
            </RequiredDoctorQualificationList>

            <RequiredDoctorRoles>
                <RoleRef>EMPL_ROLE_SURGERY</RoleRef>
                <RoleRef>EMPL_ROLE_SURGERY_ANESTHESIOLOGY</RoleRef>
                <RoleRef>EMPL_ROLE_SURGERY_ASSIST</RoleRef>
            </RequiredDoctorRoles>
			
			<FallbackDoctorDepartments>
                <DepartmentRef>DPT_DEFAULT</DepartmentRef>
                <DepartmentRef>DPT_ICU</DepartmentRef>
                <DepartmentRef>DPT_DEFAULT</DepartmentRef>
            </FallbackDoctorDepartments>

            <RequiredNurseQualificationList>
                <SkillRef>SKILL_NURSE_SPEC_MEDICAL_SURGERY</SkillRef>
                <SkillRef>SKILL_NURSE_SPEC_MEDICAL_SURGERY</SkillRef>
            </RequiredNurseQualificationList>

            <RequiredNurseRoles>
                <RoleRef>EMPL_ROLE_SURGERY_NURSE</RoleRef>
                <RoleRef>EMPL_ROLE_SURGERY_NURSE</RoleRef>
            </RequiredNurseRoles>

            <RequiredRoomTags>
                <Tag>operating_room</Tag>
            </RequiredRoomTags>

            <BedPositionsStaff>
                <MainSurgeonPosition>BODY_LEFT</MainSurgeonPosition>
                <SurgeonAsistantPosition>BODY_RIGHT</SurgeonAsistantPosition>
                <AnesthesiologistPosition>NONE</AnesthesiologistPosition>
                <SurgeryNursePosition>FEET_LEFT</SurgeryNursePosition>
                <AssistantNursePosition>FEET_RIGHT</AssistantNursePosition>
            </BedPositionsStaff>

            <Complications> 
                <Complication>
                    <SymptomRef>SYM_WOUND_INFECTION</SymptomRef>
                    <ProbabilityPercent>10</ProbabilityPercent>
                    <ProbabilityPercentMaxSkillLevel>2</ProbabilityPercentMaxSkillLevel>
                </Complication>
				<Complication>
                    <SymptomRef>SYM_BLEEDING_FROM_THE_WOUND</SymptomRef>
                    <ProbabilityPercent>10</ProbabilityPercent>
                    <ProbabilityPercentMaxSkillLevel>3</ProbabilityPercentMaxSkillLevel>
                </Complication>
            </Complications>

            <RequiredEquipmentList>
                <RequiredEquipment>
                    <Tag>operating_table_head</Tag><!--0-->
                </RequiredEquipment>
                <RequiredEquipment>
                    <Tag>operating_table_legs</Tag><!--1-->
                </RequiredEquipment>
                <RequiredEquipment>
                    <Tag>scrubbing_sink</Tag><!--2-->
                </RequiredEquipment>
                <RequiredEquipment>
                    <Tag>scrubbing_sink</Tag><!--3-->
                </RequiredEquipment>
                <RequiredEquipment>
                    <Tag>scrubbing_sink</Tag><!--4-->
                </RequiredEquipment>
                <RequiredEquipment>
                    <Tag>scrubs_shelf</Tag><!--5-->
                </RequiredEquipment>
                <RequiredEquipment>
                    <Tag>scrubs_shelf</Tag><!--6-->
                </RequiredEquipment>
                <RequiredEquipment>
                    <Tag>scrubs_shelf</Tag><!--7-->
                </RequiredEquipment>
                <RequiredEquipment>
                    <Tag>warming_cabinet</Tag><!--8-->
                </RequiredEquipment>
                <RequiredEquipment>
                    <Tag>doc_equipment</Tag><!--9-->
                </RequiredEquipment>
                <RequiredEquipment>
                    <Tag>surgery_instruments</Tag><!--10-->
                </RequiredEquipment>
                <RequiredEquipment>
                    <Tag>electrocautery_machine</Tag><!--11-->
                </RequiredEquipment>
                <RequiredEquipment>
                    <Tag>stool</Tag><!--12-->
                </RequiredEquipment>
                <RequiredEquipment>
                    <Tag>anesthetic_machine</Tag><!--13-->
                </RequiredEquipment>
                <RequiredEquipment>
                    <Tag>defibrillator</Tag><!--14-->
                </RequiredEquipment>
                <RequiredEquipment>
                    <Tag>succion_machine</Tag><!--15-->
                </RequiredEquipment>
            </RequiredEquipmentList>

            <ProcedureScript>ProcedureScriptTreatmentSurgery</ProcedureScript>
            <SpeechBubbleRef>BUBBLE_PLACEHOLDER</SpeechBubbleRef>
            <EquipmentFromAnyDepartment>true</EquipmentFromAnyDepartment>
        </Procedure>
        <TreatmentType>SURGERY</TreatmentType>
        <Cost>800</Cost>
        <IconIndex>1945</IconIndex>
        <HospitalizationTreatmentRef>TRT_HOSPITALIZATION_HIGH_PRIORITY</HospitalizationTreatmentRef>
    </GameDBTreatment>
	
	<!-- Trauma nephrectomy -->
	<GameDBTreatment ID="TRT_KN_TRM_NEPH"> <!-- $500 -->
        <AbbreviationLocID>TRT_KN_TRM_NEPH_DESC</AbbreviationLocID>
        <DiscomfortLevel>High</DiscomfortLevel>
        <Procedure>
            <StaffSelectionRules>DEFAULT_ROOMS</StaffSelectionRules>
            <RequiredSkillsToPrescribe>
                <SkillRef>SKILL_DOC_SPEC_UR</SkillRef>
            </RequiredSkillsToPrescribe>

            <RequiredDoctorQualificationList>
                <SkillRef>SKILL_DOC_SPEC_UR_SURGERY</SkillRef>
                <SkillRef>SKILL_DOC_SPEC_ANESTHESIOLOGY</SkillRef>

                <!-- needs to be last so the anesthesiologist doesn't get selected as assistant-->
                <SkillRef>SKILL_DOC_SPEC_UR</SkillRef>
            </RequiredDoctorQualificationList>

            <RequiredDoctorRoles>
                <RoleRef>EMPL_ROLE_SURGERY</RoleRef>
                <RoleRef>EMPL_ROLE_SURGERY_ANESTHESIOLOGY</RoleRef>
                <RoleRef>EMPL_ROLE_SURGERY_ASSIST</RoleRef>
            </RequiredDoctorRoles>
			
			<FallbackDoctorDepartments>
                <DepartmentRef>DPT_DEFAULT</DepartmentRef>
                <DepartmentRef>DPT_ICU</DepartmentRef>
                <DepartmentRef>DPT_DEFAULT</DepartmentRef>
            </FallbackDoctorDepartments>

            <RequiredNurseQualificationList>
                <SkillRef>SKILL_NURSE_SPEC_MEDICAL_SURGERY</SkillRef>
                <SkillRef>SKILL_NURSE_SPEC_MEDICAL_SURGERY</SkillRef>
            </RequiredNurseQualificationList>

            <RequiredNurseRoles>
                <RoleRef>EMPL_ROLE_SURGERY_NURSE</RoleRef>
                <RoleRef>EMPL_ROLE_SURGERY_NURSE</RoleRef>
            </RequiredNurseRoles>

            <RequiredRoomTags>
                <Tag>operating_room</Tag>
            </RequiredRoomTags>

            <BedPositionsStaff>
                <MainSurgeonPosition>BODY_LEFT</MainSurgeonPosition>
                <SurgeonAsistantPosition>BODY_RIGHT</SurgeonAsistantPosition>
                <AnesthesiologistPosition>NONE</AnesthesiologistPosition>
                <SurgeryNursePosition>FEET_LEFT</SurgeryNursePosition>
                <AssistantNursePosition>FEET_RIGHT</AssistantNursePosition>
            </BedPositionsStaff>

            <Complications> 
                <Complication>
                    <SymptomRef>SYM_WOUND_INFECTION</SymptomRef>
                    <ProbabilityPercent>6</ProbabilityPercent>
                    <ProbabilityPercentMaxSkillLevel>2</ProbabilityPercentMaxSkillLevel>
                </Complication>
				<Complication>
                    <SymptomRef>SYM_BLEEDING_FROM_THE_WOUND</SymptomRef>
                    <ProbabilityPercent>8</ProbabilityPercent>
                    <ProbabilityPercentMaxSkillLevel>3</ProbabilityPercentMaxSkillLevel>
                </Complication>
            </Complications>

            <RequiredEquipmentList>
                <RequiredEquipment>
                    <Tag>operating_table_head</Tag><!--0-->
                </RequiredEquipment>
                <RequiredEquipment>
                    <Tag>operating_table_legs</Tag><!--1-->
                </RequiredEquipment>
                <RequiredEquipment>
                    <Tag>scrubbing_sink</Tag><!--2-->
                </RequiredEquipment>
                <RequiredEquipment>
                    <Tag>scrubbing_sink</Tag><!--3-->
                </RequiredEquipment>
                <RequiredEquipment>
                    <Tag>scrubbing_sink</Tag><!--4-->
                </RequiredEquipment>
                <RequiredEquipment>
                    <Tag>scrubs_shelf</Tag><!--5-->
                </RequiredEquipment>
                <RequiredEquipment>
                    <Tag>scrubs_shelf</Tag><!--6-->
                </RequiredEquipment>
                <RequiredEquipment>
                    <Tag>scrubs_shelf</Tag><!--7-->
                </RequiredEquipment>
                <RequiredEquipment>
                    <Tag>warming_cabinet</Tag><!--8-->
                </RequiredEquipment>
                <RequiredEquipment>
                    <Tag>doc_equipment</Tag><!--9-->
                </RequiredEquipment>
                <RequiredEquipment>
                    <Tag>surgery_instruments</Tag><!--10-->
                </RequiredEquipment>
                <RequiredEquipment>
                    <Tag>electrocautery_machine</Tag><!--11-->
                </RequiredEquipment>
                <RequiredEquipment>
                    <Tag>stool</Tag><!--12-->
                </RequiredEquipment>
                <RequiredEquipment>
                    <Tag>anesthetic_machine</Tag><!--13-->
                </RequiredEquipment>
                <RequiredEquipment>
                    <Tag>defibrillator</Tag><!--14-->
                </RequiredEquipment>
                <RequiredEquipment>
                    <Tag>succion_machine</Tag><!--15-->
                </RequiredEquipment>
            </RequiredEquipmentList>

            <ProcedureScript>ProcedureScriptTreatmentSurgery</ProcedureScript>
            <SpeechBubbleRef>BUBBLE_PLACEHOLDER</SpeechBubbleRef>
            <EquipmentFromAnyDepartment>true</EquipmentFromAnyDepartment>
        </Procedure>
        <TreatmentType>SURGERY</TreatmentType>
        <Cost>500</Cost>
        <IconIndex>1945</IconIndex>
        <HospitalizationTreatmentRef>TRT_HOSPITALIZATION_HIGH_PRIORITY</HospitalizationTreatmentRef>
    </GameDBTreatment>
	
</Database>