<Database>

<GameDBSkill ID="SKILL_DOC_SPEC_UR">
	<AbbreviationLocID>SKILL_DOC_SPEC_UR_DESC</AbbreviationLocID>
	<ParentSkill>SKILL_DOC_QUALIF_GENERAL_MEDICINE</ParentSkill>

	<IconIndex>403</IconIndex>

	<CustomIconAssetRef>ASSET_MOD_ICON_UR</CustomIconAssetRef>
	<CustomIconLightBackgroundAssetRef>ASSET_MOD_ICON_UR_DARK</CustomIconLightBackgroundAssetRef>

	<ExtraLevelingPercent>100</ExtraLevelingPercent>
</GameDBSkill>



<GameDBSkill ID="SKILL_DOC_SPEC_UR_SURGERY">
	<AbbreviationLocID>SKILL_DOC_SPEC_UR_SURGERY_DESC</AbbreviationLocID>
	<ParentSkill>SKILL_DOC_QUALIF_GENERAL_MEDICINE</ParentSkill>

	<IconIndex>2388</IconIndex>

	<ExtraLevelingPercent>50</ExtraLevelingPercent>
</GameDBSkill>

</Database>