<Database>
	<GameDBStringTable ID="LOC_RU_ADDON_URKN_SKILLS">
	
	<LanguageCode>ru</LanguageCode>
	<LanguageNameLocalized>Русский</LanguageNameLocalized>
	<Contributors>
		<Name>Anubis</Name>
	</Contributors>
        
	<LocalizedStrings>
            
	<GameDBLocalizedString>      
		<LocID>DPT_URKN</LocID>                                          	
		<Text>Урология и Нефрология</Text>  
	</GameDBLocalizedString>


<!-- ### Skills ### -->

	<GameDBLocalizedString>      
		<LocID>SKILL_DOC_SPEC_UR</LocID>                   
		<Text>Урология</Text>  
	</GameDBLocalizedString>
	
	<GameDBLocalizedString>      
		<LocID>SKILL_DOC_SPEC_UR_DESC</LocID>                   
		<Text>Урология предоставляет доступ к специализированным процедурам для выявления, диагностики и лечения различных форм заболеваний в урологическом отделении.</Text>  
	</GameDBLocalizedString>
	
	<GameDBLocalizedString>      
		<LocID>SKILL_DOC_SPEC_UR_SURGERY</LocID>                   
		<Text>Мочеполовая хирургия</Text>  
	</GameDBLocalizedString>
	
	<GameDBLocalizedString>      
		<LocID>SKILL_DOC_SPEC_UR_SURGERY_DESC</LocID>                   
		<Text>Мочеполовая хирургия позволяет врачу выступать в качестве главного хирурга в урологическом отделении и влияет на то, как часто операции заканчиваются осложнениями.</Text>  
	</GameDBLocalizedString>

	
	</LocalizedStrings>	
	</GameDBStringTable>
</Database>