<Database>
	
	<GameDBStringTable ID="LOC_JA_ADDON_URKN_SYMPTOMS">
	<LanguageCode>ja</LanguageCode>
	<LanguageNameLocalized>Japanese</LanguageNameLocalized>
	<Contributors>
	<Name>Knabbel</Name>
	</Contributors>
	

	<LocalizedStrings>
	
	<GameDBLocalizedString>      
		<LocID>SYM_KN_SWOLLENTESTIS_WP</LocID>                               
		<Text>痛みを伴う腫れた睾丸</Text>  
	</GameDBLocalizedString>
            
	<GameDBLocalizedString>      
		<LocID>SYM_KN_SWOLLENTESTIS_WP_DESC</LocID>                   
		<Text>睾丸が腫れていて痛い</Text>  
	</GameDBLocalizedString>	
	
	<GameDBLocalizedString>      
		<LocID>SYM_KN_SWOLLENTESTIS_WPT</LocID>                               
		<Text>腫れた睾丸</Text>  
	</GameDBLocalizedString>
            
	<GameDBLocalizedString>      
		<LocID>SYM_KN_SWOLLENTESTIS_WPT_DESC</LocID>                   
		<Text>睾丸が腫れているが痛みはない</Text>  
	</GameDBLocalizedString>
	
	<GameDBLocalizedString>      
		<LocID>SYM_KN_TESTISBlOODFLOW</LocID>                               
		<Text>睾丸梗塞</Text>  
	</GameDBLocalizedString>
            
	<GameDBLocalizedString>      
		<LocID>SYM_KN_TESTISBlOODFLOW_DESC</LocID>                   
		<Text>睾丸への血流の欠如</Text>  
	</GameDBLocalizedString>
	
	<GameDBLocalizedString>      
		<LocID>SYM_KN_SWOLLENTESTIS</LocID>                               
		<Text>腫れた精巣</Text>  
	</GameDBLocalizedString>
            
	<GameDBLocalizedString>      
		<LocID>SYM_KN_SWOLLENTESTIS_DESC</LocID>                   
		<Text>精巣が腫れている</Text>  
	</GameDBLocalizedString>
	
	<GameDBLocalizedString>      
		<LocID>SYM_KN_TESTICULARINFARCTION</LocID>                               
		<Text>精巣梗塞</Text>  
	</GameDBLocalizedString>
            
	<GameDBLocalizedString>      
		<LocID>SYM_KN_TESTICULARINFARCTION_DESC</LocID>                   
		<Text>精巣の損傷は、睾丸への血流の減少、したがって酸素と栄養素の供給の減少の結果として発生します。 精巣が外科的探査中に生存できない場合は、壊死や組織死を防ぐために睾丸を取り除く必要があります。</Text>  
	</GameDBLocalizedString>
	
	<GameDBLocalizedString>      
		<LocID>SYM_KN_HIGHRIDINGTESTIS</LocID>                               
		<Text>停留精巣</Text>  
	</GameDBLocalizedString>
            
	<GameDBLocalizedString>      
		<LocID>SYM_KN_HIGHRIDINGTESTIS_DESC</LocID>                   
		<Text>睾丸は陰嚢内で通常よりも高い位置にあるようです</Text>  
	</GameDBLocalizedString>
	
	<GameDBLocalizedString>      
		<LocID>SYM_KN_ABNORMALLIETESTIS</LocID>                               
		<Text>睾丸の異常</Text>  
	</GameDBLocalizedString>
            
	<GameDBLocalizedString>      
		<LocID>SYM_KN_ABNORMALLIETESTIS_DESC</LocID>                   
		<Text>睾丸が異常な位置にあるようです</Text>  
	</GameDBLocalizedString>
	
	<GameDBLocalizedString>      
		<LocID>SYM_KN_SWOLLENSCROTUM</LocID>                               
		<Text>陰嚢の腫れ</Text>  
	</GameDBLocalizedString>
            
	<GameDBLocalizedString>      
		<LocID>SYM_KN_SWOLLENSCROTUM_DESC</LocID>                   
		<Text>陰嚢が腫れています</Text>  
	</GameDBLocalizedString>
	
	<GameDBLocalizedString>      
		<LocID>SYM_KN_SUDDENPAINSCROTUM</LocID>                               
		<Text>陰嚢の痛み</Text>  
	</GameDBLocalizedString>
            
	<GameDBLocalizedString>      
		<LocID>SYM_KN_SUDDENPAINSCROTUM_DESC</LocID>                   
		<Text>陰嚢の突然の痛みを経験した</Text>  
	</GameDBLocalizedString>
	
	<GameDBLocalizedString>      
		<LocID>SYM_KN_ABCREMASCTICREFLEX</LocID>                               
		<Text>挙睾筋反射の欠如</Text>  
	</GameDBLocalizedString>
            
	<GameDBLocalizedString>      
		<LocID>SYM_KN_ABCREMASCTICREFLEX_DESC</LocID>                   
		<Text>精巣挙筋反射は、精巣捻転、上部および下部運動ニューロン障害、ならびにL1-L2の脊椎損傷がない場合があります。 ヘルニア修復中に偶発的な腸骨鼠径神経が誤って切断された場合にも発生します。</Text>  
	</GameDBLocalizedString>
	
	<GameDBLocalizedString>      
		<LocID>SYM_KN_CREMASCTICREFLEX</LocID>                               
		<Text>精巣挙筋反射反射の誘発</Text>  
	</GameDBLocalizedString>
            
	<GameDBLocalizedString>      
		<LocID>SYM_KN_CREMASCTICREFLEX_DESC</LocID>                   
		<Text>この反射は、脳卒中の方向に関係なく、大腿の内側内側部分を軽く撫でたり、つついたりすることで誘発されます。 正常な反応は、精巣挙筋の即時収縮であり、体の同じ側で同側に精巣を引き上げます。</Text>  
	</GameDBLocalizedString>
	
	<GameDBLocalizedString>      
		<LocID>SYM_KN_LUMPTS</LocID>                               
		<Text>精巣内のしこりまたは腫瘤</Text>  
	</GameDBLocalizedString>
            
	<GameDBLocalizedString>      
		<LocID>SYM_KN_LUMPTS_DESC</LocID>                   
		<Text>身体診察中に精巣内のしこりや腫瘤に気づきました。</Text>  
	</GameDBLocalizedString>
	
	<GameDBLocalizedString>      
		<LocID>SYM_KN_HARD_TESTIS</LocID>                               
		<Text>硬化睾丸</Text>  
	</GameDBLocalizedString>
            
	<GameDBLocalizedString>      
		<LocID>SYM_KN_HARD_TESTIS_DESC</LocID>                   
		<Text>睾丸が通常よりも硬い</Text>  
	</GameDBLocalizedString>
	
	<GameDBLocalizedString>      
		<LocID>SYM_KN_ALFAPRO</LocID>                               
		<Text>腫瘍マーカーα-フェトプロテイン</Text>  
	</GameDBLocalizedString>
	
	<GameDBLocalizedString>      
		<LocID>SYM_KN_ALFAPRO_DESC</LocID>                               
		<Text>腫瘍マーカーのα-フェトプロテインが血中で発見されています。</Text>  
	</GameDBLocalizedString>
	
	<GameDBLocalizedString>      
		<LocID>SYM_KN_BETAHCG</LocID>                               
		<Text>腫瘍マーカーbèta-HCG</Text>  
	</GameDBLocalizedString>
	
	<GameDBLocalizedString>      
		<LocID>SYM_KN_BETAHCG_DESC</LocID>                               
		<Text>腫瘍マーカーbeta-HCGが血中で発見されています。</Text>  
	</GameDBLocalizedString>
	
	<GameDBLocalizedString>      
		<LocID>SYM_KN_HVSC</LocID>                               
		<Text>陰嚢に重みを感じる</Text>  
	</GameDBLocalizedString>
	
	<GameDBLocalizedString>      
		<LocID>SYM_KN_HVSC_DESC</LocID>                               
		<Text>陰嚢がしばしば重いと感じる</Text>  
	</GameDBLocalizedString>
	
	<GameDBLocalizedString>      
		<LocID>SYM_KN_TSTM</LocID>                               
		<Text>超音波検査によって精巣腫瘍が検出されます。</Text>  
	</GameDBLocalizedString>
	
	<GameDBLocalizedString>      
		<LocID>SYM_KN_TSTM_DESC</LocID>                               
		<Text>精巣腫瘍は超音波検査によって検出されます。 精巣腫瘍の鑑別診断には、鼠径部精巣摘除術から得られた組織の組織学を調べる必要があります。 生検は、がん細胞が陰嚢内に広がるリスクを高めるため、行わないでください。</Text>  
	</GameDBLocalizedString>
		
	<GameDBLocalizedString>      
		<LocID>SYM_KN_SM_TSTM_1</LocID>                               
		<Text>セミノーマ精巣腫瘍</Text>  
	</GameDBLocalizedString>
	
	<GameDBLocalizedString>      
		<LocID>SYM_KN_SM_TSTM_1_DESC</LocID>                               
		<Text>精巣摘除術が行われた後、がんの種類は区別されました。 セミノーマとは、がん細胞の1種類にすぎないという意味です。</Text>  
	</GameDBLocalizedString>
	
	<GameDBLocalizedString>      
		<LocID>SYM_KN_SM_TSTM_2</LocID>                               
		<Text>セミノーマ精巣腫瘍</Text>  
	</GameDBLocalizedString>
	
	<GameDBLocalizedString>      
		<LocID>SYM_KN_SM_TSTM_2_DESC</LocID>                               
		<Text>精巣摘除術が行われた後、がんの種類は区別されました。 セミノーマとは、がん細胞の1種類にすぎないという意味です。</Text>  
	</GameDBLocalizedString>
	
	<GameDBLocalizedString>      
		<LocID>SYM_KN_SM_TSTM_3</LocID>                               
		<Text>セミノーマ精巣腫瘍</Text>  
	</GameDBLocalizedString>
	
	<GameDBLocalizedString>      
		<LocID>SYM_KN_SM_TSTM_3_DESC</LocID>                               
		<Text>精巣摘除術が行われた後、がんの種類は区別されました。 セミノーマとは、がん細胞の1種類にすぎないという意味です。</Text>  
	</GameDBLocalizedString>
	
	<GameDBLocalizedString>      
		<LocID>SYM_KN_SM_TSTM_4</LocID>                               
		<Text>セミノーマ精巣腫瘍</Text>  
	</GameDBLocalizedString>
	
	<GameDBLocalizedString>      
		<LocID>SYM_KN_SM_TSTM_4_DESC</LocID>                               
		<Text>精巣摘除術が行われた後、がんの種類は区別されました。 セミノーマとは、がん細胞の1種類にすぎないという意味です。</Text>  
	</GameDBLocalizedString>


	<GameDBLocalizedString>      
		<LocID>SYM_KN_NSM_TSTM_1</LocID>                               
		<Text>非セミノーマ精巣腫瘍</Text>  
	</GameDBLocalizedString>
	
	<GameDBLocalizedString>      
		<LocID>SYM_KN_NSM_TSTM_1_DESC</LocID>                               
		<Text>精巣摘除術が行われた後、がんの種類は区別されました。 非セミノーマとは、複数のタイプのがん細胞であることを意味します。</Text>  
	</GameDBLocalizedString>
	
	<GameDBLocalizedString>      
		<LocID>SYM_KN_NSM_TSTM_2</LocID>                               
		<Text>非セミノーマ精巣腫瘍</Text>  
	</GameDBLocalizedString>
	
	<GameDBLocalizedString>      
		<LocID>SYM_KN_NSM_TSTM_2_DESC</LocID>                               
		<Text>精巣摘除術が行われた後、がんの種類は区別されました。 非セミノーマとは、複数のタイプのがん細胞であることを意味します。</Text>  
	</GameDBLocalizedString>
	
	<GameDBLocalizedString>      
		<LocID>SYM_KN_NSM_TSTM_3</LocID>                               
		<Text>非セミノーマ精巣腫瘍</Text>  
	</GameDBLocalizedString>
	
	<GameDBLocalizedString>      
		<LocID>SYM_KN_NSM_TSTM_3_DESC</LocID>                               
		<Text>精巣摘除術が行われた後、がんの種類は区別されました。 非セミノーマとは、複数のタイプのがん細胞であることを意味します。</Text>  
	</GameDBLocalizedString>
	
	<GameDBLocalizedString>      
		<LocID>SYM_KN_NSM_TSTM_4</LocID>                               
		<Text>非セミノーマ精巣腫瘍</Text>  
	</GameDBLocalizedString>
	
	<GameDBLocalizedString>      
		<LocID>SYM_KN_NSM_TSTM_4_DESC</LocID>                               
		<Text>精巣摘除術が行われた後、がんの種類は区別されました。 非セミノーマとは、複数のタイプのがん細胞であることを意味します。</Text>  
	</GameDBLocalizedString>
	
	<GameDBLocalizedString>      
		<LocID>SYM_KN_ENLSM_PRO_1</LocID>                               
		<Text>対称的で滑らかな肥大した前立腺です。</Text>  
	</GameDBLocalizedString>
	
	<GameDBLocalizedString>      
		<LocID>SYM_KN_ENLSM_PRO_1_DESC</LocID>                               
		<Text>対称的で滑らかな直腸診の前立腺肥大は、BPHの診断をサポートします。</Text>  
	</GameDBLocalizedString>
	
	<GameDBLocalizedString>      
		<LocID>SYM_KN_BPH_DETC_1</LocID>                               
		<Text>良性前立腺肥大</Text>  
	</GameDBLocalizedString>
	
	<GameDBLocalizedString>      
		<LocID>SYM_KN_BPH_DETC_1_DESC</LocID>                               
		<Text>生検により良性前立腺肥大が検出された</Text>  
	</GameDBLocalizedString>
	
	<GameDBLocalizedString>      
		<LocID>SYM_KN_DHT</LocID>                               
		<Text>高レベルのDHT</Text>  
	</GameDBLocalizedString>
	
	<GameDBLocalizedString>      
		<LocID>SYM_KN_DHT_DESC</LocID>                               
		<Text>高レベルのジヒドロテストステロン（DHT)が血流で検出されました</Text>  
	</GameDBLocalizedString>
	
	<GameDBLocalizedString>      
		<LocID>SYM_KN_ENLSM_PRO_2</LocID>                               
		<Text>対称的で滑らかな肥大した前立腺です。</Text>  
	</GameDBLocalizedString>
	
	<GameDBLocalizedString>      
		<LocID>SYM_KN_ENLSM_PRO_2_DESC</LocID>                               
		<Text>対称的で滑らかな直腸診の前立腺肥大は、BPHの診断をサポートします。</Text>  
	</GameDBLocalizedString>
	
	<GameDBLocalizedString>      
		<LocID>SYM_KN_BPH_DETC_2</LocID>                               
		<Text>良性前立腺肥大</Text>  
	</GameDBLocalizedString>
	
	<GameDBLocalizedString>       
		<LocID>SYM_KN_BPH_DETC_2_DESC</LocID>                               
		<Text>生検により良性前立腺肥大が検出された。 しかし、肥大した前立腺は選択的なα1遮断薬に反応しなかったため、最小限の侵襲的手術が必要です。</Text>  
	</GameDBLocalizedString>
	
	<GameDBLocalizedString>      
		<LocID>SYM_KN_RETRO_EJAC</LocID>                               
		<Text>逆行性射精</Text>  
	</GameDBLocalizedString>
	
	<GameDBLocalizedString>      
		<LocID>SYM_KN_RETRO_EJAC_DESC</LocID>                               
		<Text> 通常、膀胱の括約筋は射精前に収縮し、尿の放出を抑制することに加えて膀胱を密封することにより、射精中の精液の男性膀胱への逆流も防止されます。 精液は尿道、最も抵抗の少ない経路を経由して強制的に排出されます。 膀胱括約筋が正常に機能しない場合、逆行性射精が起こることがあります。</Text>  
	</GameDBLocalizedString>
	
	<GameDBLocalizedString>      
		<LocID>SYM_KN_EREC_DYS</LocID>                               
		<Text>勃起不全</Text>  
	</GameDBLocalizedString>
	
	<GameDBLocalizedString>      
		<LocID>SYM_KN_EREC_DYS_DESC</LocID>                               
		<Text>勃起不全</Text>  
	</GameDBLocalizedString> 
	
	<GameDBLocalizedString>      
		<LocID>SYM_KN_URIN_INCO</LocID>                               
		<Text>尿失禁</Text>  
	</GameDBLocalizedString>
	
	<GameDBLocalizedString>      
		<LocID>SYM_KN_URIN_INCO_DESC</LocID>                               
		<Text>不随意排尿とも呼ばれ、尿のコントロールされていない漏出です。</Text>  
	</GameDBLocalizedString> 
	
	<GameDBLocalizedString>      
		<LocID>SYM_KN_SWOLLENEPIDIDYMIS</LocID>                               
		<Text>腫れて柔らかな精巣上体</Text>  
	</GameDBLocalizedString>
	
	<GameDBLocalizedString>      
		<LocID>SYM_KN_SWOLLENEPIDIDYMIS_DESC</LocID>                               
		<Text>男性の生殖器系で精巣と精管を接続する管である精巣上体は腫れ、触ると柔らかくなります。</Text>  
	</GameDBLocalizedString> 
	
	<GameDBLocalizedString>      
		<LocID>SYM_KN_EPI_DETC</LocID>                               
		<Text>精巣上体炎の検出</Text>  
	</GameDBLocalizedString>
	
	<GameDBLocalizedString>      
		<LocID>SYM_KN_EPI_DETC_DESC</LocID>                               
		<Text>精巣上体炎が検出された</Text>  
	</GameDBLocalizedString> 
	
	<GameDBLocalizedString>      
		<LocID>SYM_KN_INGUINAL_LYMPH_NODES</LocID>                               
		<Text>鼠径リンパ節</Text>  
	</GameDBLocalizedString>
	
	<GameDBLocalizedString>      
		<LocID>SYM_KN_PENIS_DISCHARGE</LocID>                               
		<Text>陰茎脱</Text>  
	</GameDBLocalizedString>
	
	<GameDBLocalizedString>      
		<LocID>SYM_KN_PENIS_DISCHARGE_DESC</LocID>                               
		<Text>陰茎排出</Text>  
	</GameDBLocalizedString> 
	
	<GameDBLocalizedString>      
		<LocID>SYM_KN_EPI_ORCH_DETC</LocID>                               
		<Text>精巣上体炎精巣炎が検出された</Text>  
	</GameDBLocalizedString>
	
	<GameDBLocalizedString>      
		<LocID>SYM_KN_EPI_ORCH_DETC_DESC</LocID>                               
		<Text>精巣上体炎精巣炎が検出された</Text>  
	</GameDBLocalizedString> 
	
	<GameDBLocalizedString>      
		<LocID>SYM_KIDNEY_TISSUE_BADLY_DAMAGED</LocID>                               
		<Text>腎臓がひどく損傷している</Text>  
	</GameDBLocalizedString>
	
	<GameDBLocalizedString>      
		<LocID>SYM_KIDNEY_TISSUE_BADLY_DAMAGED_DESC</LocID>                               
		<Text>腎臓がひどく損傷している</Text>  
	</GameDBLocalizedString>

	<GameDBLocalizedString>      
		<LocID>SYM_KN_IMMUN_REACT</LocID>                               
		<Text>免疫系は新しい器官に反応します</Text>  
	</GameDBLocalizedString>
	
	<GameDBLocalizedString>      
		<LocID>SYM_KN_IMMUN_REACT_DESC</LocID>                               
		<Text>免疫系は新しい器官に反応します</Text>  
	</GameDBLocalizedString> 	
	
	<GameDBLocalizedString>      
		<LocID>SYM_KN_ACUTE_ORG_REJEC</LocID>                               
		<Text>体は新しい臓器を拒絶している</Text>  
	</GameDBLocalizedString>
	
	<GameDBLocalizedString>      
		<LocID>SYM_KN_ACUTE_ORG_REJEC_DESC</LocID>                               
		<Text>体は新しい臓器を拒絶しています。 行動しなければ致命的です</Text>  
	</GameDBLocalizedString> 
	
	<GameDBLocalizedString>      
		<LocID>SYM_WEEKLY_DIALYSIS</LocID>                               
		<Text>毎週の透析予約</Text>  
	</GameDBLocalizedString>
	
	<GameDBLocalizedString>      
		<LocID>SYM_WEEKLY_DIALYSIS_DESC</LocID>                               
		<Text>毎週の透析予約</Text>  
	</GameDBLocalizedString> 
	
	<GameDBLocalizedString>      
		<LocID>SYM_STERILIZATION_WISH</LocID>                               
		<Text>去勢依頼</Text>  
	</GameDBLocalizedString>
	
	<GameDBLocalizedString>      
		<LocID>SYM_STERILIZATION_WISH_DESC</LocID>                               
		<Text>患者は去勢を求めている</Text>  
	</GameDBLocalizedString>
	
	<GameDBLocalizedString>      
		<LocID>SYM_KN_NEEDS_UROLOGY</LocID>                               
		<Text>泌尿器科が必要です</Text>  
	</GameDBLocalizedString>
	
	<GameDBLocalizedString>      
		<LocID>SYM_KN_NEEDS_UROLOGY_DESC</LocID>                               
		<Text>泌尿器科医の監視が必要です</Text>  
	</GameDBLocalizedString>
	
	<!-- IN GAME -->

	
	<GameDBLocalizedString>      
		<LocID>SYM_KN_URETHRAL_STONES_DETECTED</LocID>                       
		<Text>尿管結石が検出された</Text>  
	</GameDBLocalizedString>
	
	<GameDBLocalizedString>     
		<LocID>SYM_KN_BLADDER_STONES_DETECTED</LocID>                         
		<Text>膀胱結石が検出された</Text>  
	</GameDBLocalizedString>
	
	<GameDBLocalizedString>      
		<LocID>SYM_KN_BLADDER_INFECTION</LocID>                              
		<Text>膀胱感染症</Text>  
	</GameDBLocalizedString>
	
	<GameDBLocalizedString>      
		<LocID>SYM_KN_BLADDER_LINING_DEFECTED</LocID>                        
		<Text>膀胱内膜欠損</Text>
	</GameDBLocalizedString>
	
	<GameDBLocalizedString>      
		<LocID>SYM_KN_KIDNEY_TISSUE_INFLAMMED</LocID>                    
		<Text>腎臓組織の炎症</Text> 
	</GameDBLocalizedString>
	
	<GameDBLocalizedString>      
		<LocID>SYM_KN_TUBULUS_INFLAMMED</LocID>                               
		<Text>尿細管の炎症</Text>
	</GameDBLocalizedString>
	
	<GameDBLocalizedString>      
		<LocID>SYM_KN_KIDNEY_INTERSTITIUM_ABSCESS</LocID>                    
		<Text>腎臓間質膿瘍</Text>  
	</GameDBLocalizedString>
	
	<GameDBLocalizedString>     
		<LocID>SYM_KN_KIDNEY_TISSUE_DAMAGED</LocID>                        
		<Text>腎臓組織の損傷</Text> 
	</GameDBLocalizedString>
	
	<GameDBLocalizedString>     
		<LocID>SYM_KN_KIDNEY_PROGRESSIVE_DAMAGE</LocID>                      
		<Text>腎臓の進行性損傷</Text>  
	</GameDBLocalizedString>
	
	<GameDBLocalizedString>     
		<LocID>SYM_KN_KIDNEY_STONES_DISCOVERED</LocID>                        
		<Text>腎臓結石発見</Text>  
	</GameDBLocalizedString> 
	
	<GameDBLocalizedString>     
		<LocID>SYM_KN_E_COLI_TOXIN_DETECTED</LocID>                     
		<Text>検出された大腸菌毒素</Text>  
	</GameDBLocalizedString>
	
	<GameDBLocalizedString>      
		<LocID>SYM_KN_BLUNT_KIDNEY_CONTUSION</LocID>                         
		<Text>腎外傷</Text> 
	</GameDBLocalizedString> 
	
	<GameDBLocalizedString>     
		<LocID>SYM_KN_BACSCRO</LocID>                     
		<Text>陰嚢から細菌が発見された</Text>  
	</GameDBLocalizedString>
	
	<GameDBLocalizedString>      
		<LocID>SYM_KN_BACSCRO_DESC</LocID>                         
		<Text>陰嚢から細菌が発見された</Text> 
	</GameDBLocalizedString>
	
	<GameDBLocalizedString>     
		<LocID>SYM_KN_UNPL_ODOR</LocID>                     
		<Text>嫌なにおい</Text>  
	</GameDBLocalizedString>
	
	<GameDBLocalizedString>      
		<LocID>SYM_KN_UNPL_ODOR_DESC</LocID>                         
		<Text>患者の周りに不快な臭いがすることがあります</Text> 
	</GameDBLocalizedString>
	
	<GameDBLocalizedString>      
		<LocID>SYM_KN_RCC</LocID>                               
		<Text>7Cm未満の腎細胞がんがCTスキャンで検出されます。</Text>  
	</GameDBLocalizedString>
	
	<GameDBLocalizedString>      
		<LocID>SYM_KN_RCC_DESC</LocID>                               
		<Text>腎細胞がんはCTスキャンで検出されます。 腫瘍は7センチよりも小さいようです。.</Text>  
	</GameDBLocalizedString>
	
	<GameDBLocalizedString>     
		<LocID>SYM_KN_CCRCC_1</LocID>                     
		<Text>明細胞腎細胞癌が検出された</Text>  
	</GameDBLocalizedString>
	
	<GameDBLocalizedString>      
		<LocID>SYM_KN_CCRCC_1_DESC</LocID>                         
		<Text>患者の周りに不快な臭いがすることがあります</Text> 
	</GameDBLocalizedString>
	
	<GameDBLocalizedString>     
		<LocID>SYM_KN_FLANK_PAIN</LocID>                     
		<Text>側腹部痛</Text>  
	</GameDBLocalizedString>
	
	<GameDBLocalizedString>      
		<LocID>SYM_KN_FLANK_PAIN_DESC</LocID>                         
		<Text>股関節と肋骨の間の体側の痛み。</Text> 
	</GameDBLocalizedString>
	
	<GameDBLocalizedString>     
		<LocID>SYM_KN_DEPR_ERYTHR</LocID>                     
		<Text>エリスロポエチンのうつ病</Text>  
	</GameDBLocalizedString>
	
	<GameDBLocalizedString>      
		<LocID>SYM_KN_DEPR_ERYTHR_DESC</LocID>                         
		<Text>エリスロポエチンのうつ病。 エリスロポエチンは、骨髄での赤血球産生（赤血球生成）を刺激します。 エリスロポエチンの低下は貧血を引き起こします。</Text> 
	</GameDBLocalizedString>
	
	<GameDBLocalizedString>      
		<LocID>SYM_UR_HYPERCALCEMIA</LocID>                               
		<Text>高カルシウム血症</Text>  
	</GameDBLocalizedString>
            
	<GameDBLocalizedString>      
		<LocID>SYM_UR_HYPERCALCEMIA_DESC</LocID>                   
		<Text>血中のカルシウム濃度が正常値を超えている状態です。 高カルシウム血症は、ほとんどの場合、首の4つの小さな腺（副甲状腺）の過剰活動またはがんが原因で発生します。 血中の余分なカルシウムは多くの体のシステムに影響を与えます。</Text>  
	</GameDBLocalizedString>
		
	</LocalizedStrings>
	</GameDBStringTable>	
</Database>