<Database>

<GameDBStringTable ID="LOC_DE_ADDON_UR_BUILDING_MODE">
<LanguageCode>de</LanguageCode>
<LanguageNameLocalized>Deutsch</LanguageNameLocalized>
<Contributors>
<Name>TristanTurner</Name>
</Contributors>

<LocalizedStrings>
	<GameDBLocalizedString>      
		<LocID>OBJECT_DECAL_MOD_UR</LocID>       			
		<Text>Urologie</Text>  
	</GameDBLocalizedString>
			
    <GameDBLocalizedString>      
		<LocID>OBJECT_DECAL_MOD_DESC</LocID>       
		<Text>Wand Icon</Text>  
	</GameDBLocalizedString>
	
	<GameDBLocalizedString>      
		<LocID>ROOM_TYPE_UR_OFFICE</LocID>                          	
		<Text>Arztzimmer Urologie</Text>   
	</GameDBLocalizedString>
	<GameDBLocalizedString>      
		<LocID>ROOM_TYPE_UR_OFFICE_DESC</LocID>              	
		<Text>Ein Arztzimmer für ein Urologen. Personal benötigt:\n1x Doctor</Text>  
	</GameDBLocalizedString>

	<GameDBLocalizedString>      
		<LocID>ROOM_TYPE_NF_OFFICE</LocID>                          	
		<Text>Arztzimmer Nephrologie</Text>   
	</GameDBLocalizedString>
	<GameDBLocalizedString>      
		<LocID>ROOM_TYPE_NF_OFFICE_DESC</LocID>              	
		<Text>Ein Arztzimmer für ein Nephrologen. Personal benötigt:\n1x Doctor</Text>  
	</GameDBLocalizedString>
	
	<GameDBLocalizedString>      
		<LocID>ROOM_TYPE_DIA_WARD</LocID>                          	
		<Text>Dialyse (Ambulance)</Text>   
	</GameDBLocalizedString>
	<GameDBLocalizedString>      
		<LocID>ROOM_TYPE_DIA_WARD_DESC</LocID>              	
		<Text>Ambulance der Dialyse. \n\nMin. Personal benötigt: \n1x Doctor \n1x Nurse \n(Personal benötigt in Bereitschaftsraum und Pflegestützpunkt)</Text>  
	</GameDBLocalizedString>
	
</LocalizedStrings>
</GameDBStringTable>
</Database>