<Database>
	<GameDBStringTable ID="LOC_JA_ADDON_URKN_DIAGNOSES">
	<LanguageCode>ja</LanguageCode>
	<LanguageNameLocalized>Japanese</LanguageNameLocalized>
	<Contributors>
	<Name>jackall4125678</Name>
	</Contributors>

	<LocalizedStrings>
		
	<GameDBLocalizedString>      
		<LocID>DIA_KN_TT</LocID>                               
		<Text>精巣捻転</Text>  
	</GameDBLocalizedString>
            
	<GameDBLocalizedString>      
		<LocID>DIA_KN_TT_DESC</LocID>                   
		<Text>精巣のねじれは、精索がねじれるときに発生し、睾丸への血液供給を遮断します</Text>  
	</GameDBLocalizedString>
	
	<GameDBLocalizedString>      
		<LocID>DIA_KN_EPI</LocID>                               
		<Text>精巣上体炎</Text>  
	</GameDBLocalizedString>
            
	<GameDBLocalizedString>      
		<LocID>DIA_KN_EPI_DESC</LocID>                   
		<Text>精巣上体炎は、精子を蓄え、運ぶ精巣の後ろにある精巣上体のコイル管の炎症です。 若い男性ではより一般的ですが、あらゆる年齢の男性が精巣上体炎を起こす可能性があります。</Text>  
	</GameDBLocalizedString>
	
	<GameDBLocalizedString>      
		<LocID>DIA_KN_EPI_ORCH</LocID>                               
		<Text>精巣精巣上体炎</Text>  
	</GameDBLocalizedString>
            
	<GameDBLocalizedString>      
		<LocID>DIA_KN_EPI_ORCH_DESC</LocID>                   
		<Text>精巣上体炎を間違って再度入力したような名前ですが似て違う病気です。精巣上体と精巣の炎症であり、精子と一緒に精子を蓄え、運ぶ炎症であり、しばしば精巣によって引き起こされます。 </Text>  
	</GameDBLocalizedString>
	
	<GameDBLocalizedString>      
		<LocID>DIA_KN_SM_TSTM_1</LocID>                               
		<Text>セミノーマ精巣腫瘍：ステージ1</Text>  
	</GameDBLocalizedString>
            
	<GameDBLocalizedString>      
		<LocID>DIA_KN_SM_TSTM_1_DESC</LocID>                   
		<Text> ステージ1は、がんが精巣に限局していることを意味します。</Text>  
	</GameDBLocalizedString>
	
	<GameDBLocalizedString>      
		<LocID>DIA_KN_SM_TSTM_2</LocID>                               
		<Text>セミノーマ精巣腫瘍：ステージ2</Text>  
	</GameDBLocalizedString>
            
	<GameDBLocalizedString>      
		<LocID>DIA_KN_SM_TSTM_2_DESC</LocID>                   
		<Text> ステージ２は、がんが横隔膜の下のリンパ節の精巣および転移を伴うことを意味します。</Text>  
	</GameDBLocalizedString>
	
	<GameDBLocalizedString>      
		<LocID>DIA_KN_SM_TSTM_3</LocID>                               
		<Text>セミノーマ精巣腫瘍：ステージ3</Text>  
	</GameDBLocalizedString>
            
	<GameDBLocalizedString>      
		<LocID>DIA_KN_SM_TSTM_3_DESC</LocID>                   
		<Text>ステージ3は、がんが横隔膜の下および上にあるリンパ節の精巣および転移を伴うことを意味します。</Text>  
	</GameDBLocalizedString>

	<GameDBLocalizedString>      
		<LocID>DIA_KN_SM_TSTM_4</LocID>                               
		<Text>セミノーマ精巣腫瘍：ステージ4</Text>  
	</GameDBLocalizedString>
            
	<GameDBLocalizedString>      
		<LocID>DIA_KN_SM_TSTM_4_DESC</LocID>                   
		<Text> IV期は、がんが他の臓器に転移していることを意味します。</Text>  
	</GameDBLocalizedString>
	
	
	<GameDBLocalizedString>      
		<LocID>DIA_KN_NSM_TSTM_1</LocID>                               
		<Text>非セミノーマ精巣腫瘍：ステージ1 </Text>  
	</GameDBLocalizedString>
            
	<GameDBLocalizedString>      
		<LocID>DIA_KN_NSM_TSTM_1_DESC</LocID>                   
		<Text>非セミノーマとは、複数のタイプのがん細胞であることを意味します。 I期は、がんが精巣に限局していることを意味します。</Text>  
	</GameDBLocalizedString>
	
	<GameDBLocalizedString>      
		<LocID>DIA_KN_NSM_TSTM_2</LocID>                               
		<Text>非セミノーマ精巣腫瘍：ステージ2</Text>  
	</GameDBLocalizedString>
            
	<GameDBLocalizedString>      
		<LocID>DIA_KN_NSM_TSTM_2_DESC</LocID>                   
		<Text>非セミノーマとは、複数のタイプのがん細胞であることを意味します。 II期は、がんが横隔膜の下のリンパ節の精巣および転移を伴うことを意味します。</Text>  
	</GameDBLocalizedString>
	
	<GameDBLocalizedString>      
		<LocID>DIA_KN_NSM_TSTM_3</LocID>                               
		<Text>非セミノーマ精巣腫瘍：ステージ3</Text>  
	</GameDBLocalizedString>
            
	<GameDBLocalizedString>      
		<LocID>DIA_KN_NSM_TSTM_3_DESC</LocID>                   
		<Text>非セミノーマとは、複数のタイプのがん細胞であることを意味します。 III期は、がんが横隔膜の下および上にあるリンパ節の精巣および転移を伴うことを意味します。</Text>  
	</GameDBLocalizedString>

	<GameDBLocalizedString>      
		<LocID>DIA_KN_NSM_TSTM_4</LocID>                               
		<Text>非セミノーマ精巣腫瘍：ステージ4</Text>  
	</GameDBLocalizedString>
            
	<GameDBLocalizedString>      
		<LocID>DIA_KN_NSM_TSTM_4_DESC</LocID>                   
		<Text>非セミノーマとは、複数のタイプのがん細胞であることを意味します。 IV期は、がんが他の臓器に転移していることを意味します。</Text>  
	</GameDBLocalizedString>
	
	<GameDBLocalizedString>      
		<LocID>DIA_KN_BPH_1</LocID>                               
		<Text>良性前立腺肥大</Text>  
	</GameDBLocalizedString>
            
	<GameDBLocalizedString>      
		<LocID>DIA_KN_BPH_1_DESC</LocID>                   
		<Text>Benign prostatic hyperplasia (BPH), also called prostate enlargement, is a noncancerous increase in size of the prostate gland.</Text>  
	</GameDBLocalizedString>
	
	<GameDBLocalizedString>      
		<LocID>DIA_KN_BPH_2</LocID>                               
		<Text>良性前立腺肥大</Text>  
	</GameDBLocalizedString>
            
	<GameDBLocalizedString>      
		<LocID>DIA_KN_BPH_2_DESC</LocID>                   
		<Text>良性前立腺肥大症（BPH）は、前立腺肥大とも呼ばれ、前立腺のサイズの非癌性の増加です。</Text>  
	</GameDBLocalizedString>
	
	<GameDBLocalizedString>      
		<LocID>DIA_KNUR_ARF</LocID>                               
		<Text>急性腎不全-10％</Text>  
	</GameDBLocalizedString>
	
	<GameDBLocalizedString>      
		<LocID>DIA_KNUR_ARF_DESC</LocID>                               
		<Text>急性腎不全とは、腎機能の突然の喪失を指し、血液をろ過して尿を生成する能力を効果的に捕捉します。 腎臓の機能喪失が10％未満の患者には、腎臓移植が必要です。</Text>  
	</GameDBLocalizedString>
	
	<GameDBLocalizedString>      
		<LocID>DIA_KN_WDIA</LocID>                               
		<Text>毎週の透析予約</Text>  
	</GameDBLocalizedString>
	
	<GameDBLocalizedString>      
		<LocID>DIA_KN_WDIA_DESC</LocID>                               
		<Text>患者は慢性腎不全を患っており、透析のために毎週来なければなりません。</Text>  
	</GameDBLocalizedString>
	
	<GameDBLocalizedString>      
		<LocID>DIA_KN_COU</LocID>                         
		<Text>尿管結石</Text> 
	</GameDBLocalizedString>
            
	<GameDBLocalizedString>    
		<LocID>DIA_KN_COU_DESCRIPTION</LocID>         
		<Text>尿石症としても知られている腎臓結石は、通常、カルシウムのコンクリーションです。 通常、石は尿路をそのまま通過しますが、尿管に詰まることもあり、非常に痛みを伴う状態です。</Text> 
	</GameDBLocalizedString>
	
	<GameDBLocalizedString>  
		<LocID>DIA_KN_CIB</LocID>                      
		<Text>膀胱結石</Text> 
	</GameDBLocalizedString>
	
	<GameDBLocalizedString>      
		<LocID>DIA_KN_CIB_DESCRIPTION</LocID>             
		<Text>濃縮された尿の石灰化により、膀胱に膀胱結石が形成されることがあります。 尿の流れが損なわれた場合にのみ症状が現れます。</Text>  
	</GameDBLocalizedString>
	
	<GameDBLocalizedString>      
		<LocID>DIA_KN_ACS</LocID>                    
		<Text>尿路感染</Text> 
	</GameDBLocalizedString>
           
	<GameDBLocalizedString>     
		<LocID>DIA_KN_ACS_DESCRIPTION</LocID>          
		<Text>UTF、または膀胱炎は、通常は大腸菌による膀胱の感染症です。 胃腸（GI）管で一般的に見られる細菌の一種。 尿路が短いため、女性によく見られる状態の100倍です。</Text>  
	</GameDBLocalizedString>
	
	<GameDBLocalizedString>     
		<LocID>DIA_KN_INC</LocID>                        
		<Text>間質性膀胱炎</Text> 
	</GameDBLocalizedString>
            
	<GameDBLocalizedString>     
		<LocID>DIA_KN_INC_DESCRIPTION</LocID>         
		<Text>間質性膀胱炎は、痛みを伴う膀胱症候群とも呼ばれます。</Text> 
	</GameDBLocalizedString>
	
	<GameDBLocalizedString>     
		<LocID>DIA_KN_ANS</LocID>                     
		<Text>糸球体腎炎</Text>  
	</GameDBLocalizedString>
	
	<GameDBLocalizedString>     
		<LocID>DIA_KN_TIN</LocID>                    
		<Text>間質性腎炎</Text>  
	</GameDBLocalizedString>
	
	<GameDBLocalizedString>      
		<LocID>DIA_KN_PNS</LocID>                        
		<Text>腎盂腎炎</Text>  
	</GameDBLocalizedString>
	
	<GameDBLocalizedString>      
		<LocID>DIA_KN_ARF</LocID>                        
		<Text>急性腎不全</Text>  
	</GameDBLocalizedString>
	
	<GameDBLocalizedString>      
		<LocID>DIA_KN_CKD</LocID>                        
		<Text>慢性腎臓病</Text> 
	</GameDBLocalizedString>
	
	<GameDBLocalizedString>     
		<LocID>DIA_KN_COK</LocID>                     
		<Text>腎臓結石</Text> 
	</GameDBLocalizedString>
	
	<GameDBLocalizedString>     
		<LocID>DIA_KN_047</LocID>          
        <Text>溶血性尿毒症症候群</Text>	
	</GameDBLocalizedString>
	
	<GameDBLocalizedString>     
		<LocID>TRM_KN_KCB</LocID>          
        <Text>腎挫傷</Text>	 
	</GameDBLocalizedString>
	
	<GameDBLocalizedString>     
		<LocID>DIA_KN_STER_WISH</LocID>                     
		<Text>去勢希望</Text> 
	</GameDBLocalizedString>
	
	<GameDBLocalizedString>     
		<LocID>DIA_KN_STER_WISH_DESC</LocID>          
        <Text>意図的に生殖を不可能にする、避妊の多くの医療方法のいずれかです。 滅菌手順は永続的であることが意図されています。 逆転は一般に困難または不可能です。</Text>	
	</GameDBLocalizedString>
	
	<GameDBLocalizedString>     
		<LocID>DIA_KN_FOURGANG</LocID>                     
		<Text>フルニエ壊疽</Text> 
	</GameDBLocalizedString>
	
	<GameDBLocalizedString>     
		<LocID>DIA_KN_FOURGANG_DESC</LocID>          
        <Text>外陰部を中心として急速に進 行する壊死性筋膜炎と定義され，早期の集学的 治療が行われても，死亡率が約20％と予後不良 な疾患である． 壊死組織があり，排膿を認めた．</Text>	
	</GameDBLocalizedString>

	</LocalizedStrings>
	</GameDBStringTable>
</Database>

