<Database>
	<GameDBStringTable ID="LOC_KR_ADDON_URKN_SKILLS">
	
	<LanguageCode>kr</LanguageCode>
	<LanguageNameLocalized>한국어</LanguageNameLocalized>
	<Contributors>
		<Name>LimeCake</Name>
	</Contributors>
        
	<LocalizedStrings>
            
	<GameDBLocalizedString>      
		<LocID>DPT_URKN</LocID>                                          	
		<Text>비뇨기과</Text>  
	</GameDBLocalizedString>


<!-- ### Skills ### -->

	<GameDBLocalizedString>      
		<LocID>SKILL_DOC_SPEC_UR</LocID>                   
		<Text>비뇨의학</Text>  
	</GameDBLocalizedString>
	
	<GameDBLocalizedString>      
		<LocID>SKILL_DOC_SPEC_UR_DESC</LocID>                   
		<Text>비뇨의학은 다양한 형태의 비뇨의학 질병을 발견, 진단, 치료하기 위한 전문적인 절차 지식입니다.</Text>  
	</GameDBLocalizedString>
	
	<GameDBLocalizedString>      
		<LocID>SKILL_DOC_SPEC_UR_SURGERY</LocID>                   
		<Text>비뇨생식수술학</Text>  
	</GameDBLocalizedString>
	
	<GameDBLocalizedString>      
		<LocID>SKILL_DOC_SPEC_UR_SURGERY_DESC</LocID>                   
		<Text>비뇨생식 수술학은 의사가 비뇨기과에서 집도의로 활동할 수 있게 하며, 수술 후 합병증 정도에 영향을 줍니다.</Text>  
	</GameDBLocalizedString>

	
	</LocalizedStrings>	
	</GameDBStringTable>
</Database>