<Database>
	
	<GameDBStringTable ID="LOC_RU_ADDON_URKN_SYMPTOMS">
	<LanguageCode>ru</LanguageCode>
	<LanguageNameLocalized>Русский</LanguageNameLocalized>
	<Contributors>
	<Name>Anubis</Name>
	</Contributors>
	

	<LocalizedStrings>
	
	<GameDBLocalizedString>      
		<LocID>SYM_KN_SWOLLENTESTIS_WP</LocID>                               
		<Text>Болезненное опухшее яичко</Text>  
	</GameDBLocalizedString>
            
	<GameDBLocalizedString>      
		<LocID>SYM_KN_SWOLLENTESTIS_WP_DESC</LocID>                   
		<Text>Яичко с одной стороны опухшее и болезненное</Text>  
	</GameDBLocalizedString>	
	
	<GameDBLocalizedString>      
		<LocID>SYM_KN_SWOLLENTESTIS_WPT</LocID>                               
		<Text>Опухшее яичко</Text>  
	</GameDBLocalizedString>
            
	<GameDBLocalizedString>      
		<LocID>SYM_KN_SWOLLENTESTIS_WPT_DESC</LocID>                   
		<Text>Яичко с одной стороны опухшее, но не болезненное</Text>  
	</GameDBLocalizedString>
	
	<GameDBLocalizedString>      
		<LocID>SYM_KN_TESTISBlOODFLOW</LocID>                               
		<Text>Отсутствие притока крови к яичку</Text>  
	</GameDBLocalizedString>
            
	<GameDBLocalizedString>      
		<LocID>SYM_KN_TESTISBlOODFLOW_DESC</LocID>                   
		<Text>Отсутствие притока крови к яичку</Text>  
	</GameDBLocalizedString>
	
	<GameDBLocalizedString>      
		<LocID>SYM_KN_SWOLLENTESTIS</LocID>                               
		<Text>Опухшее яичко</Text>  
	</GameDBLocalizedString>
            
	<GameDBLocalizedString>      
		<LocID>SYM_KN_SWOLLENTESTIS_DESC</LocID>                   
		<Text>Яичко опухшее</Text>  
	</GameDBLocalizedString>
	
	<GameDBLocalizedString>      
		<LocID>SYM_KN_TESTICULARINFARCTION</LocID>                               
		<Text>Инфаркт яичка</Text>  
	</GameDBLocalizedString>
            
	<GameDBLocalizedString>      
		<LocID>SYM_KN_TESTICULARINFARCTION_DESC</LocID>                   
		<Text>Повреждение яичка происходит как следствие уменьшения кровотока и, следовательно, уменьшения подачи кислорода и питательных веществ в яичко. Если яичко не является жизнеспособным во время хирургического исследования, его необходимо удалить, чтобы предотвратить дальнейший некроз или гибель ткани.</Text>  
	</GameDBLocalizedString>
	
	<GameDBLocalizedString>      
		<LocID>SYM_KN_HIGHRIDINGTESTIS</LocID>                               
		<Text>Высокое положения яичка</Text>  
	</GameDBLocalizedString>
            
	<GameDBLocalizedString>      
		<LocID>SYM_KN_HIGHRIDINGTESTIS_DESC</LocID>                   
		<Text>Яичко в мошонке выше нормы</Text>  
	</GameDBLocalizedString>
	
	<GameDBLocalizedString>      
		<LocID>SYM_KN_ABNORMALLIETESTIS</LocID>                               
		<Text>Ненормальное положение яичка</Text>  
	</GameDBLocalizedString>
            
	<GameDBLocalizedString>      
		<LocID>SYM_KN_ABNORMALLIETESTIS_DESC</LocID>                   
		<Text>Похоже, что яичко находится в ненормальном положении</Text>  
	</GameDBLocalizedString>
	
	<GameDBLocalizedString>      
		<LocID>SYM_KN_SWOLLENSCROTUM</LocID>                               
		<Text>Опухшая мошонка</Text>  
	</GameDBLocalizedString>
            
	<GameDBLocalizedString>      
		<LocID>SYM_KN_SWOLLENSCROTUM_DESC</LocID>                   
		<Text>Мошонка опухшая</Text>  
	</GameDBLocalizedString>
	
	<GameDBLocalizedString>      
		<LocID>SYM_KN_SUDDENPAINSCROTUM</LocID>                               
		<Text>Внезапная боль в мошонке</Text>  
	</GameDBLocalizedString>
            
	<GameDBLocalizedString>      
		<LocID>SYM_KN_SUDDENPAINSCROTUM_DESC</LocID>                   
		<Text>Пациент испытал внезапную боль в мошонке</Text>  
	</GameDBLocalizedString>
	
	<GameDBLocalizedString>      
		<LocID>SYM_KN_ABCREMASCTICREFLEX</LocID>                               
		<Text>Отсутствие кремастерского рефлекса</Text>  
	</GameDBLocalizedString>
            
	<GameDBLocalizedString>      
		<LocID>SYM_KN_ABCREMASCTICREFLEX_DESC</LocID>                   
		<Text>Кремастерский рефлекс может отсутствовать при перекруте яичек, нарушениях верхних и нижних двигательных нейронов, а также при повреждении позвоночника L1-L2. Это также может произойти, если подвздошно-язычный нерв был случайно перерезан во время восстановления грыжи.</Text>  
	</GameDBLocalizedString>
	
	<GameDBLocalizedString>      
		<LocID>SYM_KN_CREMASCTICREFLEX</LocID>                               
		<Text>Кремастерский рефлекс все еще присутствует</Text>  
	</GameDBLocalizedString>
            
	<GameDBLocalizedString>      
		<LocID>SYM_KN_CREMASCTICREFLEX_DESC</LocID>                   
		<Text>Этот рефлекс вызывается легким поглаживанием или тычком верхней и средней внутренней части бедра - независимо от направления удара. Нормальным ответом является немедленное сокращение мышцы кремастера, которая подтягивает яичко в ипсилатеральном направлении на той же стороне тела.</Text>  
	</GameDBLocalizedString>
	
	<GameDBLocalizedString>      
		<LocID>SYM_KN_LUMPTS</LocID>                               
		<Text>Комок или масса внутри яичка</Text>  
	</GameDBLocalizedString>
            
	<GameDBLocalizedString>      
		<LocID>SYM_KN_LUMPTS_DESC</LocID>                   
		<Text>Во время физического осмотра был замечен ком или масса внутри яичка</Text>  
	</GameDBLocalizedString>
	
	<GameDBLocalizedString>      
		<LocID>SYM_KN_HARD_TESTIS</LocID>                               
		<Text>Затвердевшее яичко</Text>  
	</GameDBLocalizedString>
            
	<GameDBLocalizedString>      
		<LocID>SYM_KN_HARD_TESTIS_DESC</LocID>                   
		<Text>Яичко тверже нормального</Text>  
	</GameDBLocalizedString>
	
	<GameDBLocalizedString>      
		<LocID>SYM_KN_ALFAPRO</LocID>                               
		<Text>Опухолевый маркер альфа-фетопротеин</Text>  
	</GameDBLocalizedString>
	
	<GameDBLocalizedString>      
		<LocID>SYM_KN_ALFAPRO_DESC</LocID>                               
		<Text>Опухолевый маркер альфа-фетопротеин был замечен в кровотоке</Text>  
	</GameDBLocalizedString>
	
	<GameDBLocalizedString>      
		<LocID>SYM_KN_BETAHCG</LocID>                               
		<Text>Опухолевый маркер бета ХГЧ</Text>  
	</GameDBLocalizedString>
	
	<GameDBLocalizedString>      
		<LocID>SYM_KN_BETAHCG_DESC</LocID>                               
		<Text>Опухолевый маркер бета-ХГЧ был замечен в кровотоке</Text>  
	</GameDBLocalizedString>
	
	<GameDBLocalizedString>      
		<LocID>SYM_KN_HVSC</LocID>                               
		<Text>Чувство, часто описываемое как «тяжесть» в мошонке</Text>  
	</GameDBLocalizedString>
	
	<GameDBLocalizedString>      
		<LocID>SYM_KN_HVSC_DESC</LocID>                               
		<Text>Чувство, часто описываемое как «тяжесть» в мошонке</Text>  
	</GameDBLocalizedString>
	
	<GameDBLocalizedString>      
		<LocID>SYM_KN_TSTM</LocID>                               
		<Text>Рак яичка обнаружен с помощью УЗИ.</Text>  
	</GameDBLocalizedString>
	
	<GameDBLocalizedString>      
		<LocID>SYM_KN_TSTM_DESC</LocID>                               
		<Text>Рак яичка обнаружен с помощью УЗИ. Дифференциальный диагноз рака яичка требует изучения гистологии ткани, полученной при паховой орхиэктомии. Биопсия не должна выполняться, так как это повышает риск распространения раковых клеток в мошонку.</Text>  
	</GameDBLocalizedString>
		
	<GameDBLocalizedString>      
		<LocID>SYM_KN_SM_TSTM_1</LocID>                               
		<Text>Семинома рака яичка</Text>  
	</GameDBLocalizedString>
	
	<GameDBLocalizedString>      
		<LocID>SYM_KN_SM_TSTM_1_DESC</LocID>                               
		<Text>После выполнения орхиэктомии тип рака был дифференцирован. Семинома означает, что это только один тип раковой клетки.</Text>  
	</GameDBLocalizedString>
	
	<GameDBLocalizedString>      
		<LocID>SYM_KN_SM_TSTM_2</LocID>                               
		<Text>Семинома рака яичка</Text>  
	</GameDBLocalizedString>
	
	<GameDBLocalizedString>      
		<LocID>SYM_KN_SM_TSTM_2_DESC</LocID>                               
		<Text>После выполнения орхиэктомии тип рака был дифференцирован. Семинома означает, что это только один тип раковой клетки.</Text>  
	</GameDBLocalizedString>
	
	<GameDBLocalizedString>      
		<LocID>SYM_KN_SM_TSTM_3</LocID>                               
		<Text>Семинома рака яичка</Text>  
	</GameDBLocalizedString>
	
	<GameDBLocalizedString>      
		<LocID>SYM_KN_SM_TSTM_3_DESC</LocID>                               
		<Text>После выполнения орхиэктомии тип рака был дифференцирован. Семинома означает, что это только один тип раковой клетки.</Text>  
	</GameDBLocalizedString>
	
	<GameDBLocalizedString>      
		<LocID>SYM_KN_SM_TSTM_4</LocID>                               
		<Text>Семинома рака яичка</Text>  
	</GameDBLocalizedString>
	
	<GameDBLocalizedString>      
		<LocID>SYM_KN_SM_TSTM_4_DESC</LocID>                               
		<Text>После выполнения орхиэктомии тип рака был дифференцирован. Семинома означает, что это только один тип раковой клетки.</Text>  
	</GameDBLocalizedString>


	<GameDBLocalizedString>      
		<LocID>SYM_KN_NSM_TSTM_1</LocID>                               
		<Text>Несеминома рака яичка</Text>  
	</GameDBLocalizedString>
	
	<GameDBLocalizedString>      
		<LocID>SYM_KN_NSM_TSTM_1_DESC</LocID>                               
		<Text>После выполнения орхиэктомии тип рака был дифференцирован. Не-семинома означает, что это более одного типа раковых клеток.</Text>  
	</GameDBLocalizedString>
	
	<GameDBLocalizedString>      
		<LocID>SYM_KN_NSM_TSTM_2</LocID>                               
		<Text>Несеминома рака яичка</Text>  
	</GameDBLocalizedString>
	
	<GameDBLocalizedString>      
		<LocID>SYM_KN_NSM_TSTM_2_DESC</LocID>                               
		<Text>После выполнения орхиэктомии тип рака был дифференцирован. Не-семинома означает, что это более одного типа раковых клеток.</Text>  
	</GameDBLocalizedString>
	
	<GameDBLocalizedString>      
		<LocID>SYM_KN_NSM_TSTM_3</LocID>                               
		<Text>Несеминома рака яичка</Text>  
	</GameDBLocalizedString>
	
	<GameDBLocalizedString>      
		<LocID>SYM_KN_NSM_TSTM_3_DESC</LocID>                               
		<Text>После выполнения орхиэктомии тип рака был дифференцирован. Не-семинома означает, что это более одного типа раковых клеток.</Text>  
	</GameDBLocalizedString>
	
	<GameDBLocalizedString>      
		<LocID>SYM_KN_NSM_TSTM_4</LocID>                               
		<Text>Несеминома рака яичка</Text>  
	</GameDBLocalizedString>
	
	<GameDBLocalizedString>      
		<LocID>SYM_KN_NSM_TSTM_4_DESC</LocID>                               
		<Text>После выполнения орхиэктомии тип рака был дифференцирован. Не-семинома означает, что это более одного типа раковых клеток.</Text>  
	</GameDBLocalizedString>
	
	<GameDBLocalizedString>      
		<LocID>SYM_KN_ENLSM_PRO_1</LocID>                               
		<Text>Увеличенная предстательная железа, которая является симметричной и гладкой.</Text>  
	</GameDBLocalizedString>
	
	<GameDBLocalizedString>      
		<LocID>SYM_KN_ENLSM_PRO_1_DESC</LocID>                               
		<Text>Увеличенная предстательная железа при ректальном исследовании, которая является симметричной и гладкой, подтверждает диагноз ДГПЖ.</Text>  
	</GameDBLocalizedString>
	
	<GameDBLocalizedString>      
		<LocID>SYM_KN_BPH_DETC_1</LocID>                               
		<Text>Доброкачественная гиперплазия предстательной железы</Text>  
	</GameDBLocalizedString>
	
	<GameDBLocalizedString>      
		<LocID>SYM_KN_BPH_DETC_1_DESC</LocID>                               
		<Text>Доброкачественная гиперплазия предстательной железы была обнаружена с помощью биопсии</Text>  
	</GameDBLocalizedString>
	
	<GameDBLocalizedString>      
		<LocID>SYM_KN_DHT</LocID>                               
		<Text>Высокий уровень дигидротестостерона</Text>  
	</GameDBLocalizedString>
	
	<GameDBLocalizedString>      
		<LocID>SYM_KN_DHT_DESC</LocID>                               
		<Text>Высокий уровень дигидротестостерона был обнаружен в кровотоке</Text>  
	</GameDBLocalizedString>
	
	<GameDBLocalizedString>      
		<LocID>SYM_KN_ENLSM_PRO_2</LocID>                               
		<Text>Увеличенная предстательная железа, которая является симметричной и гладкой.</Text>  
	</GameDBLocalizedString>
	
	<GameDBLocalizedString>      
		<LocID>SYM_KN_ENLSM_PRO_2_DESC</LocID>                               
		<Text>Увеличенная предстательная железа при ректальном исследовании, которая является симметричной и гладкой, подтверждает диагноз ДГПЖ.</Text>  
	</GameDBLocalizedString>
	
	<GameDBLocalizedString>      
		<LocID>SYM_KN_BPH_DETC_2</LocID>                               
		<Text>Доброкачественная гиперплазия предстательной железы</Text>  
	</GameDBLocalizedString>
	
	<GameDBLocalizedString>       
		<LocID>SYM_KN_BPH_DETC_2_DESC</LocID>                               
		<Text>Доброкачественная гиперплазия предстательной железы была обнаружена с помощью биопсии. Однако увеличенная простата не реагировала на селективные α1-блокаторы, поэтому необходима минимальная инвазивная операция.</Text>  
	</GameDBLocalizedString>
	
	<GameDBLocalizedString>      
		<LocID>SYM_KN_RETRO_EJAC</LocID>                               
		<Text>Ретроградная эякуляция</Text>  
	</GameDBLocalizedString>
	
	<GameDBLocalizedString>      
		<LocID>SYM_KN_RETRO_EJAC_DESC</LocID>                               
		<Text>Ретроградная эякуляция возникает, когда сперма, которая будет эякулирована через мочеиспускательный канал, перенаправляется в мочевой пузырь. Как правило, сфинктер мочевого пузыря сжимается до эякуляции, герметизируя мочевой пузырь, что, помимо ингибирования выделения мочи, также предотвращает рефлюкс семенных жидкостей в мужской мочевой пузырь во время эякуляции. Сперма вынуждена выходить через уретру, путь наименьшего сопротивления. Когда сфинктер мочевого пузыря не функционирует должным образом, может произойти ретроградная эякуляция.</Text>  
	</GameDBLocalizedString>
	
	<GameDBLocalizedString>      
		<LocID>SYM_KN_EREC_DYS</LocID>                               
		<Text>Эректильная дисфункция</Text>  
	</GameDBLocalizedString>
	
	<GameDBLocalizedString>      
		<LocID>SYM_KN_EREC_DYS_DESC</LocID>                               
		<Text>Эректильная дисфункция</Text>  
	</GameDBLocalizedString> 
	
	<GameDBLocalizedString>      
		<LocID>SYM_KN_URIN_INCO</LocID>                               
		<Text>Недержание мочи</Text>  
	</GameDBLocalizedString>
	
	<GameDBLocalizedString>      
		<LocID>SYM_KN_URIN_INCO_DESC</LocID>                               
		<Text>Недержание мочи, также известное как непроизвольное мочеиспускание, является любой неконтролируемой утечкой мочи.</Text>  
	</GameDBLocalizedString> 
	
	<GameDBLocalizedString>      
		<LocID>SYM_KN_SWOLLENEPIDIDYMIS</LocID>                               
		<Text>Опухшие и болезненные придатки яичка</Text>  
	</GameDBLocalizedString>
	
	<GameDBLocalizedString>      
		<LocID>SYM_KN_SWOLLENEPIDIDYMIS_DESC</LocID>                               
		<Text>Эпидидимис, трубка, которая соединяет яичко с семявыносящим протоком в мужской репродуктивной системе, опухла и болезненна.</Text>  
	</GameDBLocalizedString> 
	
	<GameDBLocalizedString>      
		<LocID>SYM_KN_EPI_DETC</LocID>                               
		<Text>Эпидидимит обнаружен</Text>  
	</GameDBLocalizedString>
	
	<GameDBLocalizedString>      
		<LocID>SYM_KN_EPI_DETC_DESC</LocID>                               
		<Text>Эпидидимит обнаружен</Text>  
	</GameDBLocalizedString> 
	
	<GameDBLocalizedString>      
		<LocID>SYM_KN_INGUINAL_LYMPH_NODES</LocID>                               
		<Text>Паховые лимфатические узлы</Text>  
	</GameDBLocalizedString>
	
	<GameDBLocalizedString>      
		<LocID>SYM_KN_PENIS_DISCHARGE</LocID>                               
		<Text>Выделения из полового члена</Text>  
	</GameDBLocalizedString>
	
	<GameDBLocalizedString>      
		<LocID>SYM_KN_PENIS_DISCHARGE_DESC</LocID>                               
		<Text>Выделения из полового члена</Text>  
	</GameDBLocalizedString> 
	
	<GameDBLocalizedString>      
		<LocID>SYM_KN_EPI_ORCH_DETC</LocID>                               
		<Text>Эпидидимит орхит обнаружен</Text>  
	</GameDBLocalizedString>
	
	<GameDBLocalizedString>      
		<LocID>SYM_KN_EPI_ORCH_DETC_DESC</LocID>                               
		<Text>Эпидидимит орхит обнаружен</Text>  
	</GameDBLocalizedString> 
	
	<GameDBLocalizedString>      
		<LocID>SYM_KIDNEY_TISSUE_BADLY_DAMAGED</LocID>                               
		<Text>Почка сильно повреждена</Text>  
	</GameDBLocalizedString>
	
	<GameDBLocalizedString>      
		<LocID>SYM_KIDNEY_TISSUE_BADLY_DAMAGED_DESC</LocID>                               
		<Text>Почка сильно повреждена</Text>  
	</GameDBLocalizedString>

	<GameDBLocalizedString>      
		<LocID>SYM_KN_IMMUN_REACT</LocID>                               
		<Text>Иммунная система реагирует на новый орган</Text>  
	</GameDBLocalizedString>
	
	<GameDBLocalizedString>      
		<LocID>SYM_KN_IMMUN_REACT_DESC</LocID>                               
		<Text>Иммунная система реагирует на новый орган</Text>  
	</GameDBLocalizedString> 	
	
	<GameDBLocalizedString>      
		<LocID>SYM_KN_ACUTE_ORG_REJEC</LocID>                               
		<Text>Тело отвергает новый орган</Text>  
	</GameDBLocalizedString>
	
	<GameDBLocalizedString>      
		<LocID>SYM_KN_ACUTE_ORG_REJEC_DESC</LocID>                               
		<Text>Тело отвергает новый орган. Если не принять меры, отказ будет фатальным</Text>  
	</GameDBLocalizedString> 
	
	<GameDBLocalizedString>      
		<LocID>SYM_WEEKLY_DIALYSIS</LocID>                               
		<Text>Еженедельное посещение диализа</Text>  
	</GameDBLocalizedString>
	
	<GameDBLocalizedString>      
		<LocID>SYM_WEEKLY_DIALYSIS_DESC</LocID>                               
		<Text>Еженедельное посещение диализа</Text>  
	</GameDBLocalizedString> 
		
	<GameDBLocalizedString>      
		<LocID>SYM_STERILIZATION_WISH</LocID>                               
		<Text>Добровольная стерилизация</Text>  
	</GameDBLocalizedString>
	
	<GameDBLocalizedString>      
		<LocID>SYM_STERILIZATION_WISH_DESC</LocID>                               
		<Text>Желание сделать стерилизацию.</Text>  
	</GameDBLocalizedString>
	
	<GameDBLocalizedString>      
		<LocID>SYM_KN_NEEDS_UROLOGY</LocID>                               
		<Text>Состояние нуждается в урологии</Text>  
	</GameDBLocalizedString>
	
	<GameDBLocalizedString>      
		<LocID>SYM_KN_NEEDS_UROLOGY_DESC</LocID>                               
		<Text>Состояние нуждается в мониторинге уролога</Text>  
	</GameDBLocalizedString>
	
	<!-- IN GAME -->

	
	<GameDBLocalizedString>      
		<LocID>SYM_KN_URETHRAL_STONES_DETECTED</LocID>                       
		<Text>Камень в мочеточнике обнаружен</Text>  
	</GameDBLocalizedString>
	
	<GameDBLocalizedString>     
		<LocID>SYM_KN_BLADDER_STONES_DETECTED</LocID>                         
		<Text>Обнаружены камни в мочевом пузыре</Text>  
	</GameDBLocalizedString>
	
	<GameDBLocalizedString>      
		<LocID>SYM_KN_BLADDER_INFECTION</LocID>                              
		<Text>Инфекция мочевого пузыря</Text>  
	</GameDBLocalizedString>
	
	<GameDBLocalizedString>      
		<LocID>SYM_KN_BLADDER_LINING_DEFECTED</LocID>                        
		<Text>Дефект мочевого пузыря</Text>
	</GameDBLocalizedString>
	
	<GameDBLocalizedString>      
		<LocID>SYM_KN_KIDNEY_TISSUE_INFLAMMED</LocID>                    
		<Text>Почечная ткань воспалена</Text> 
	</GameDBLocalizedString>
	
	<GameDBLocalizedString>      
		<LocID>SYM_KN_TUBULUS_INFLAMMED</LocID>                               
		<Text>Воспаление канальцев</Text>
	</GameDBLocalizedString>
	
	<GameDBLocalizedString>      
		<LocID>SYM_KN_KIDNEY_INTERSTITIUM_ABSCESS</LocID>                    
		<Text>Почечный интерстициальный абсцесс</Text>  
	</GameDBLocalizedString>
	
	<GameDBLocalizedString>     
		<LocID>SYM_KN_KIDNEY_TISSUE_DAMAGED</LocID>                        
		<Text>Почечная ткань повреждена</Text> 
	</GameDBLocalizedString>
	
	<GameDBLocalizedString>     
		<LocID>SYM_KN_KIDNEY_PROGRESSIVE_DAMAGE</LocID>                      
		<Text>Прогрессирующее повреждение почек</Text>  
	</GameDBLocalizedString>
	
	<GameDBLocalizedString>     
		<LocID>SYM_KN_KIDNEY_STONES_DISCOVERED</LocID>                        
		<Text>Обнаружены камни в почках</Text>  
	</GameDBLocalizedString>
	
	<GameDBLocalizedString>     
		<LocID>SYM_KN_E_COLI_TOXIN_DETECTED</LocID>                     
		<Text>Обнаружен токсин кишечной палочки</Text>  
	</GameDBLocalizedString>
	
	<GameDBLocalizedString>      
		<LocID>SYM_KN_BLUNT_KIDNEY_CONTUSION</LocID>                         
		<Text>Тупая травма почки</Text> 
	</GameDBLocalizedString>

	<GameDBLocalizedString>     
		<LocID>SYM_KN_BACSCRO</LocID>                     
		<Text>Бактерии были найдены в мошонке</Text>  
	</GameDBLocalizedString>
	
	<GameDBLocalizedString>      
		<LocID>SYM_KN_BACSCRO_DESC</LocID>                         
		<Text>Бактерии были найдены в мошонке</Text> 
	</GameDBLocalizedString>
	
	<GameDBLocalizedString>     
		<LocID>SYM_KN_UNPL_ODOR</LocID>                     
		<Text>Неприятный запах</Text>  
	</GameDBLocalizedString>
	
	<GameDBLocalizedString>      
		<LocID>SYM_KN_UNPL_ODOR_DESC</LocID>                         
		<Text>Вокруг пациента может пахнуть неприятным запахом</Text> 
	</GameDBLocalizedString>

	<GameDBLocalizedString>      
		<LocID>SYM_KN_RCC_7</LocID>                               
		<Text>Почечно-клеточный рак размером менее 7 сантиметров выявляется при компьютерной томографии.</Text>  
	</GameDBLocalizedString>
	
	<GameDBLocalizedString>      
		<LocID>SYM_KN_RCC_7_DESC</LocID>                               
		<Text>Почечно-клеточный рак выявляется при компьютерной томографии. Опухоль, кажется, меньше 7 сантиметров.</Text>  
	</GameDBLocalizedString>
	
	<GameDBLocalizedString>      
		<LocID>SYM_KN_RCC_8</LocID>                               
		<Text>Почечно-клеточный рак размером более 7 сантиметров выявляется при компьютерной томографии.</Text>  
	</GameDBLocalizedString>
	
	<GameDBLocalizedString>      
		<LocID>SYM_KN_RCC_8_DESC</LocID>                               
		<Text>Почечно-клеточный рак выявляется при компьютерной томографии. Опухоль кажется больше 7 сантиметров.</Text>  
	</GameDBLocalizedString>
	
	<GameDBLocalizedString>     
		<LocID>SYM_KN_CCRCC_1</LocID>                     
		<Text>Прозрачная почечно-клеточная карцинома была обнаружена</Text>  
	</GameDBLocalizedString>
	
	<GameDBLocalizedString>      
		<LocID>SYM_KN_CCRCC_1_DESC</LocID>                         
		<Text>Прозрачная почечно-клеточная карцинома была обнаружена</Text> 
	</GameDBLocalizedString>
	
	<GameDBLocalizedString>     
		<LocID>SYM_KN_CCRCC_21</LocID>                     
		<Text>Прозрачная почечно-клеточная карцинома была обнаружена</Text>  
	</GameDBLocalizedString>
	
	<GameDBLocalizedString>      
		<LocID>SYM_KN_CCRCC_2_DESC</LocID>                         
		<Text>Прозрачная почечно-клеточная карцинома была обнаружена</Text> 
	</GameDBLocalizedString>
	
	<GameDBLocalizedString>     
		<LocID>SYM_KN_CCRCC_31</LocID>                     
		<Text>Прозрачная почечно-клеточная карцинома была обнаружена</Text>  
	</GameDBLocalizedString>
	
	<GameDBLocalizedString>     
		<LocID>SYM_KN_CCRCC_32</LocID>                     
		<Text>Прозрачная почечно-клеточная карцинома была обнаружена</Text>  
	</GameDBLocalizedString>
	
	<GameDBLocalizedString>      
		<LocID>SYM_KN_CCRCC_3_DESC</LocID>                         
		<Text>Прозрачная почечно-клеточная карцинома была обнаружена</Text> 
	</GameDBLocalizedString>
	
	<GameDBLocalizedString>     
		<LocID>SYM_KN_CCRCC_4</LocID>                     
		<Text>Прозрачная почечно-клеточная карцинома была обнаружена</Text>  
	</GameDBLocalizedString>
	
	<GameDBLocalizedString>      
		<LocID>SYM_KN_CCRCC_4_DESC</LocID>                         
		<Text>Прозрачная почечно-клеточная карцинома была обнаружена</Text> 
	</GameDBLocalizedString>
	
	<GameDBLocalizedString>     
		<LocID>SYM_KN_FLANK_PAIN</LocID>                     
		<Text>Боль в боку</Text>  
	</GameDBLocalizedString>
	
	<GameDBLocalizedString>      
		<LocID>SYM_KN_FLANK_PAIN_DESC</LocID>                         
		<Text>Боль в боку: боль в области тела между бедром и ребрами.</Text> 
	</GameDBLocalizedString>
	
	<GameDBLocalizedString>     
		<LocID>SYM_KN_DEPR_ERYTHR</LocID>                     
		<Text>Снижение эритропоэтина</Text>  
	</GameDBLocalizedString>
	
	<GameDBLocalizedString>      
		<LocID>SYM_KN_DEPR_ERYTHR_DESC</LocID>                         
		<Text>Снижение эритропоэтина. Эритропоэтин стимулирует выработку эритроцитов (эритропоэз) в костном мозге. Снижение эритропоэтина вызывает анемию.</Text> 
	</GameDBLocalizedString>
	
	<GameDBLocalizedString>      
		<LocID>SYM_UR_HYPERCALCEMIA</LocID>                               
		<Text>Гиперкальциемия</Text>  
	</GameDBLocalizedString>
            
	<GameDBLocalizedString>      
		<LocID>SYM_UR_HYPERCALCEMIA_DESC</LocID>                   
		<Text>Гиперкальциемия - это состояние, при котором уровень кальция в крови выше нормы. Гиперкальциемия чаще всего вызвана повышенной активностью в четырех крошечных железах на шее (околощитовидных железах) или раком. Дополнительный кальций в крови влияет на многие системы организма.</Text>  
	</GameDBLocalizedString>
	
	<GameDBLocalizedString>      
		<LocID>SYM_KN_BLUNT_BLCONT</LocID>                               
		<Text>Тупая ушиб мочевого пузыря</Text>  
	</GameDBLocalizedString>
            
	<GameDBLocalizedString>      
		<LocID>SYM_KN_BLUNT_BLCONT_DESC</LocID>                   
		<Text>Тупая ушиб мочевого пузыря</Text>  
	</GameDBLocalizedString>
	
	<GameDBLocalizedString>      
		<LocID>SYM_KN_BLOODY_URINE</LocID>                               
		<Text>Сгустки крови в моче</Text>  
	</GameDBLocalizedString>
            
	<GameDBLocalizedString>      
		<LocID>SYM_KN_BLOODY_URINE_DESC</LocID>                   
		<Text>Если в моче присутствует достаточное количество крови, кровь может образовывать сгусток. Сгусток может полностью блокировать поток мочи, вызывая внезапную сильную боль и неспособность мочиться. Кровотечение, достаточно сильное, чтобы вызвать такой сгусток, обычно вызвано повреждением мочевыводящих путей.</Text>  
	</GameDBLocalizedString>
	
	<GameDBLocalizedString>      
		<LocID>SYM_KN_RCC_INF_VENACAVA_DESC</LocID>                               
		<Text>Метастазирующая опухоль в нижней полой вене</Text>  
	</GameDBLocalizedString>
            
	<GameDBLocalizedString>      
		<LocID>SYM_KN_RCC_INF_VENACAVA</LocID>                   
		<Text>Метастазированная опухоль в нижней полой вене. Нижняя полая вена (или IVC) - это крупная вена, которая переносит раскисленную кровь из нижней и средней части тела в правое предсердие сердца. Он образован соединением правой и левой общих подвздошных вен, обычно на уровне пятого поясничного позвонка.</Text>  
	</GameDBLocalizedString>
	
	<GameDBLocalizedString>      
		<LocID>SYM_KN_IP_RUP</LocID>                               
		<Text>Разрыв внутрибрюшинного мочевого пузыря</Text>  
	</GameDBLocalizedString>
            
	<GameDBLocalizedString>      
		<LocID>SYM_KN_IP_RUP_DESC</LocID>                   
		<Text>Разрыв внутрибрюшинного мочевого пузыря</Text>  
	</GameDBLocalizedString> 
	
	<GameDBLocalizedString>      
		<LocID>SYM_KN_EX_RUP_1</LocID>                               
		<Text>Разрыв внебрюшинного мочевого пузыря</Text>  
	</GameDBLocalizedString>
            
	<GameDBLocalizedString>      
		<LocID>SYM_KN_EX_RUP_1_DESC</LocID>                   
		<Text>Разрыв внебрюшинного мочевого пузыря</Text>  
	</GameDBLocalizedString>
	
	<GameDBLocalizedString>      
		<LocID>SYM_KN_EX_RUP_2</LocID>                               
		<Text>Осложненный разрыв брюшной полости</Text>  
	</GameDBLocalizedString>
            
	<GameDBLocalizedString>      
		<LocID>SYM_KN_EX_RUP_2_DESC</LocID>                   
		<Text>Осложненный разрыв брюшной полости</Text>  
	</GameDBLocalizedString>
	
	<GameDBLocalizedString>      
		<LocID>SYM_KN_PEN_RUP_1</LocID>                               
		<Text>Проникающий разрыв мочевого пузыря</Text>  
	</GameDBLocalizedString>
            
	<GameDBLocalizedString>      
		<LocID>SYM_KN_PEN_RUP_1_DESC</LocID>                   
		<Text>Проникающий разрыв мочевого пузыря</Text>  
	</GameDBLocalizedString>
		
	<GameDBLocalizedString>      
		<LocID>SYM_KN_URIN_INCO_VAG</LocID>                               
		<Text>Потеря мочи через влагалище</Text>  
	</GameDBLocalizedString>
            
	<GameDBLocalizedString>      
		<LocID>SYM_KN_URIN_INCO_VAG_DESC</LocID>                   
		<Text>Потеря мочи через влагалище</Text>  
	</GameDBLocalizedString>	
		
	</LocalizedStrings>
	</GameDBStringTable>	
</Database>