<Database>
	
	<GameDBStringTable ID="LOC_EN_ADDON_URKN_SYMPTOMS">
	<LanguageCode>en</LanguageCode>
	<LanguageNameLocalized>English</LanguageNameLocalized>
	<Contributors>
	<Name>Knabbel</Name>
	</Contributors>
	

	<LocalizedStrings>
	
	<GameDBLocalizedString>      
		<LocID>SYM_KN_SWOLLENTESTIS_WP</LocID>                               
		<Text>Painful swollen testicle</Text>  
	</GameDBLocalizedString>
            
	<GameDBLocalizedString>      
		<LocID>SYM_KN_SWOLLENTESTIS_WP_DESC</LocID>                   
		<Text>The testicle on one side is swollen and painful</Text>  
	</GameDBLocalizedString>	
	
	<GameDBLocalizedString>      
		<LocID>SYM_KN_SWOLLENTESTIS_WPT</LocID>                               
		<Text>Swollen testicle</Text>  
	</GameDBLocalizedString>
            
	<GameDBLocalizedString>      
		<LocID>SYM_KN_SWOLLENTESTIS_WPT_DESC</LocID>                   
		<Text>The testicle on one side is swollen, but not painful</Text>  
	</GameDBLocalizedString>
	
	<GameDBLocalizedString>      
		<LocID>SYM_KN_TESTISBlOODFLOW</LocID>                               
		<Text>Lack of blood flow to the testicle</Text>  
	</GameDBLocalizedString>
            
	<GameDBLocalizedString>      
		<LocID>SYM_KN_TESTISBlOODFLOW_DESC</LocID>                   
		<Text>Lack of blood flow to the testicle</Text>  
	</GameDBLocalizedString>
	
	<GameDBLocalizedString>      
		<LocID>SYM_KN_SWOLLENTESTIS</LocID>                               
		<Text>Swollen testicle</Text>  
	</GameDBLocalizedString>
            
	<GameDBLocalizedString>      
		<LocID>SYM_KN_SWOLLENTESTIS_DESC</LocID>                   
		<Text>The testicle is swollen</Text>  
	</GameDBLocalizedString>
	
	<GameDBLocalizedString>      
		<LocID>SYM_KN_TESTICULARINFARCTION</LocID>                               
		<Text>Testicular infarction</Text>  
	</GameDBLocalizedString>
            
	<GameDBLocalizedString>      
		<LocID>SYM_KN_TESTICULARINFARCTION_DESC</LocID>                   
		<Text>Testicular damage occurs as a consequence of decreased blood flow, and therefore decreased oxygen and nutrient supply, to the testicle. If the testicle is not viable during surgical exploration, it must be removed to prevent further necrosis, or tissue death.</Text>  
	</GameDBLocalizedString>
	
	<GameDBLocalizedString>      
		<LocID>SYM_KN_HIGHRIDINGTESTIS</LocID>                               
		<Text>High-riding testicle</Text>  
	</GameDBLocalizedString>
            
	<GameDBLocalizedString>      
		<LocID>SYM_KN_HIGHRIDINGTESTIS_DESC</LocID>                   
		<Text>The testicle appears to be higher in the scrotum than normal</Text>  
	</GameDBLocalizedString>
	
	<GameDBLocalizedString>      
		<LocID>SYM_KN_ABNORMALLIETESTIS</LocID>                               
		<Text>Abnormal lie of the testicle</Text>  
	</GameDBLocalizedString>
            
	<GameDBLocalizedString>      
		<LocID>SYM_KN_ABNORMALLIETESTIS_DESC</LocID>                   
		<Text>The testicle appears to be in an abnormal position</Text>  
	</GameDBLocalizedString>
	
	<GameDBLocalizedString>      
		<LocID>SYM_KN_SWOLLENSCROTUM</LocID>                               
		<Text>Swollen scrotum</Text>  
	</GameDBLocalizedString>
            
	<GameDBLocalizedString>      
		<LocID>SYM_KN_SWOLLENSCROTUM_DESC</LocID>                   
		<Text>The scrotum is swollen</Text>  
	</GameDBLocalizedString>
	
	<GameDBLocalizedString>      
		<LocID>SYM_KN_SUDDENPAINSCROTUM</LocID>                               
		<Text>Sudden pain in scrotum</Text>  
	</GameDBLocalizedString>
            
	<GameDBLocalizedString>      
		<LocID>SYM_KN_SUDDENPAINSCROTUM_DESC</LocID>                   
		<Text>The patient experienced a sudden pain in the scrotum</Text>  
	</GameDBLocalizedString>
	
	<GameDBLocalizedString>      
		<LocID>SYM_KN_ABCREMASCTICREFLEX</LocID>                               
		<Text>Absence of the cremasteric reflex</Text>  
	</GameDBLocalizedString>
            
	<GameDBLocalizedString>      
		<LocID>SYM_KN_ABCREMASCTICREFLEX_DESC</LocID>                   
		<Text>The cremasteric reflex may be absent with testicular torsion, upper and lower motor neuron disorders, as well as a spine injury of L1-L2. It can also occur if the ilioinguinal nerve has accidentally been cut during a hernia repair.</Text>  
	</GameDBLocalizedString>
	
	<GameDBLocalizedString>      
		<LocID>SYM_KN_CREMASCTICREFLEX</LocID>                               
		<Text>The cremasteric reflex is still present</Text>  
	</GameDBLocalizedString>
            
	<GameDBLocalizedString>      
		<LocID>SYM_KN_CREMASCTICREFLEX_DESC</LocID>                   
		<Text>This reflex is elicited by lightly stroking or poking the superior and medial inner part of the thigh regardless of the direction of stroke. The normal response is an immediate contraction of the cremaster muscle that pulls up the testis ipsilaterally on the same side of the body.</Text>  
	</GameDBLocalizedString>
	
	<GameDBLocalizedString>      
		<LocID>SYM_KN_LUMPTS</LocID>                               
		<Text>A lump or mass inside the testis</Text>  
	</GameDBLocalizedString>
            
	<GameDBLocalizedString>      
		<LocID>SYM_KN_LUMPTS_DESC</LocID>                   
		<Text>A lump or mass inside the testis has been noticed during physical examination.</Text>  
	</GameDBLocalizedString>
	
	<GameDBLocalizedString>      
		<LocID>SYM_KN_HARD_TESTIS</LocID>                               
		<Text>Hardend testicle</Text>  
	</GameDBLocalizedString>
            
	<GameDBLocalizedString>      
		<LocID>SYM_KN_HARD_TESTIS_DESC</LocID>                   
		<Text>The testicle is harder than normal</Text>  
	</GameDBLocalizedString>
	
	<GameDBLocalizedString>      
		<LocID>SYM_KN_ALFAPRO</LocID>                               
		<Text>Tumor marker alpha-fetoprotein</Text>  
	</GameDBLocalizedString>
	
	<GameDBLocalizedString>      
		<LocID>SYM_KN_ALFAPRO_DESC</LocID>                               
		<Text>Tumor marker alpha-fetoprotein has been noticed in the bloodstream</Text>  
	</GameDBLocalizedString>
	
	<GameDBLocalizedString>      
		<LocID>SYM_KN_BETAHCG</LocID>                               
		<Text>Tumor marker bèta-HCG</Text>  
	</GameDBLocalizedString>
	
	<GameDBLocalizedString>      
		<LocID>SYM_KN_BETAHCG_DESC</LocID>                               
		<Text>Tumor marker bèta-HCG has been noticed in the bloodstream</Text>  
	</GameDBLocalizedString>
	
	<GameDBLocalizedString>      
		<LocID>SYM_KN_HVSC</LocID>                               
		<Text>A feeling often described as "heaviness" in the scrotum</Text>  
	</GameDBLocalizedString>
	
	<GameDBLocalizedString>      
		<LocID>SYM_KN_HVSC_DESC</LocID>                               
		<Text>A feeling often described as "heaviness" in the scrotum</Text>  
	</GameDBLocalizedString>
	
	<GameDBLocalizedString>      
		<LocID>SYM_KN_TSTM</LocID>                               
		<Text>Testicular cancer is detected through ultrasonography.</Text>  
	</GameDBLocalizedString>
	
	<GameDBLocalizedString>      
		<LocID>SYM_KN_TSTM_DESC</LocID>                               
		<Text>Testicular cancer is detected through ultrasonography. The differential diagnosis of testicular cancer requires examining the histology of tissue obtained from an inguinal orchiectomy. A biopsy should not be performed, as it raises the risk of spreading cancer cells into the scrotum.</Text>  
	</GameDBLocalizedString>
		
	<GameDBLocalizedString>      
		<LocID>SYM_KN_SM_TSTM_1</LocID>                               
		<Text>Seminoma testicular cancer</Text>  
	</GameDBLocalizedString>
	
	<GameDBLocalizedString>      
		<LocID>SYM_KN_SM_TSTM_1_DESC</LocID>                               
		<Text>After orchiectomy was performed, the type of cancer has been differentiated. Seminoma means it's only one type of cancercell.</Text>  
	</GameDBLocalizedString>
	
	<GameDBLocalizedString>      
		<LocID>SYM_KN_SM_TSTM_2</LocID>                               
		<Text>Seminoma testicular cancer</Text>  
	</GameDBLocalizedString>
	
	<GameDBLocalizedString>      
		<LocID>SYM_KN_SM_TSTM_2_DESC</LocID>                               
		<Text>After orchiectomy was performed, the type of cancer has been differentiated. Seminoma means it's only one type of cancercell.</Text>  
	</GameDBLocalizedString>
	
	<GameDBLocalizedString>      
		<LocID>SYM_KN_SM_TSTM_3</LocID>                               
		<Text>Seminoma testicular cancer</Text>  
	</GameDBLocalizedString>
	
	<GameDBLocalizedString>      
		<LocID>SYM_KN_SM_TSTM_3_DESC</LocID>                               
		<Text>After orchiectomy was performed, the type of cancer has been differentiated. Seminoma means it's only one type of cancercell.</Text>  
	</GameDBLocalizedString>
	
	<GameDBLocalizedString>      
		<LocID>SYM_KN_SM_TSTM_4</LocID>                               
		<Text>Seminoma testicular cancer</Text>  
	</GameDBLocalizedString>
	
	<GameDBLocalizedString>      
		<LocID>SYM_KN_SM_TSTM_4_DESC</LocID>                               
		<Text>After orchiectomy was performed, the type of cancer has been differentiated. Seminoma means it's only one type of cancercell.</Text>  
	</GameDBLocalizedString>


	<GameDBLocalizedString>      
		<LocID>SYM_KN_NSM_TSTM_1</LocID>                               
		<Text>Non-seminoma testicular cancer</Text>  
	</GameDBLocalizedString>
	
	<GameDBLocalizedString>      
		<LocID>SYM_KN_NSM_TSTM_1_DESC</LocID>                               
		<Text>After orchiectomy was performed, the type of cancer has been differentiated. Non-seminoma means it's more than one type of cancercell.</Text>  
	</GameDBLocalizedString>
	
	<GameDBLocalizedString>      
		<LocID>SYM_KN_NSM_TSTM_2</LocID>                               
		<Text>Non-seminoma testicular cancer</Text>  
	</GameDBLocalizedString>
	
	<GameDBLocalizedString>      
		<LocID>SYM_KN_NSM_TSTM_2_DESC</LocID>                               
		<Text>After orchiectomy was performed, the type of cancer has been differentiated. Non-seminoma means it's more than one type of cancercell.</Text>  
	</GameDBLocalizedString>
	
	<GameDBLocalizedString>      
		<LocID>SYM_KN_NSM_TSTM_3</LocID>                               
		<Text>Non-seminoma testicular cancer</Text>  
	</GameDBLocalizedString>
	
	<GameDBLocalizedString>      
		<LocID>SYM_KN_NSM_TSTM_3_DESC</LocID>                               
		<Text>After orchiectomy was performed, the type of cancer has been differentiated. Non-seminoma means it's more than one type of cancercell.</Text>  
	</GameDBLocalizedString>
	
	<GameDBLocalizedString>      
		<LocID>SYM_KN_NSM_TSTM_4</LocID>                               
		<Text>Non-seminoma testicular cancer</Text>  
	</GameDBLocalizedString>
	
	<GameDBLocalizedString>      
		<LocID>SYM_KN_NSM_TSTM_4_DESC</LocID>                               
		<Text>After orchiectomy was performed, the type of cancer has been differentiated. Non-seminoma means it's more than one type of cancercell.</Text>  
	</GameDBLocalizedString>
	
	<GameDBLocalizedString>      
		<LocID>SYM_KN_ENLSM_PRO_1</LocID>                               
		<Text>An enlarged prostate gland that is symmetric and smooth.</Text>  
	</GameDBLocalizedString>
	
	<GameDBLocalizedString>      
		<LocID>SYM_KN_ENLSM_PRO_1_DESC</LocID>                               
		<Text>An enlarged prostate gland on rectal examination that is symmetric and smooth supports a diagnosis of BPH.</Text>  
	</GameDBLocalizedString>
	
	<GameDBLocalizedString>      
		<LocID>SYM_KN_BPH_DETC_1</LocID>                               
		<Text>Benign prostatic hyperplasia</Text>  
	</GameDBLocalizedString>
	
	<GameDBLocalizedString>      
		<LocID>SYM_KN_BPH_DETC_1_DESC</LocID>                               
		<Text>Benign prostatic hyperplasia was detected through a biopsy</Text>  
	</GameDBLocalizedString>
	
	<GameDBLocalizedString>      
		<LocID>SYM_KN_DHT</LocID>                               
		<Text>High levels of Dihydrotestosterone</Text>  
	</GameDBLocalizedString>
	
	<GameDBLocalizedString>      
		<LocID>SYM_KN_DHT_DESC</LocID>                               
		<Text>High levels of Dihydrotestosterone was detected in the bloodstream</Text>  
	</GameDBLocalizedString>
	
	<GameDBLocalizedString>      
		<LocID>SYM_KN_ENLSM_PRO_2</LocID>                               
		<Text>An enlarged prostate gland that is symmetric and smooth.</Text>  
	</GameDBLocalizedString>
	
	<GameDBLocalizedString>      
		<LocID>SYM_KN_ENLSM_PRO_2_DESC</LocID>                               
		<Text>An enlarged prostate gland on rectal examination that is symmetric and smooth supports a diagnosis of BPH.</Text>  
	</GameDBLocalizedString>
	
	<GameDBLocalizedString>      
		<LocID>SYM_KN_BPH_DETC_2</LocID>                               
		<Text>Benign prostatic hyperplasia</Text>  
	</GameDBLocalizedString>
	
	<GameDBLocalizedString>       
		<LocID>SYM_KN_BPH_DETC_2_DESC</LocID>                               
		<Text>Benign prostatic hyperplasia was detected through a biopsy. However the enlarged prostate didn't react to selective α1-blockers so the minimal invasive surgery is necessary.</Text>  
	</GameDBLocalizedString>
	
	<GameDBLocalizedString>      
		<LocID>SYM_KN_RETRO_EJAC</LocID>                               
		<Text>Retrograde ejaculation</Text>  
	</GameDBLocalizedString>
	
	<GameDBLocalizedString>      
		<LocID>SYM_KN_RETRO_EJAC_DESC</LocID>                               
		<Text>Retrograde ejaculation occurs when semen which would be ejaculated via the urethra is redirected to the urinary bladder. Normally, the sphincter of the bladder contracts before ejaculation, sealing the bladder which besides inhibiting the release of urine also prevents a reflux of seminal fluids into the male bladder during ejaculation. The semen is forced to exit via the urethra, the path of least resistance. When the bladder sphincter does not function properly, retrograde ejaculation may occur.</Text>  
	</GameDBLocalizedString>
	
	<GameDBLocalizedString>      
		<LocID>SYM_KN_EREC_DYS</LocID>                               
		<Text>Erectile dysfunction</Text>  
	</GameDBLocalizedString>
	
	<GameDBLocalizedString>      
		<LocID>SYM_KN_EREC_DYS_DESC</LocID>                               
		<Text>Erectile dysfunction</Text>  
	</GameDBLocalizedString> 
	
	<GameDBLocalizedString>      
		<LocID>SYM_KN_URIN_INCO</LocID>                               
		<Text>Urinary incontinence</Text>  
	</GameDBLocalizedString>
	
	<GameDBLocalizedString>      
		<LocID>SYM_KN_URIN_INCO_DESC</LocID>                               
		<Text>Urinary incontinence, also known as involuntary urination, is any uncontrolled leakage of urine.</Text>  
	</GameDBLocalizedString> 
	
	<GameDBLocalizedString>      
		<LocID>SYM_KN_SWOLLENEPIDIDYMIS</LocID>                               
		<Text>Swollen and tender Epididymis</Text>  
	</GameDBLocalizedString>
	
	<GameDBLocalizedString>      
		<LocID>SYM_KN_SWOLLENEPIDIDYMIS_DESC</LocID>                               
		<Text>The Epididymis, the tube that connects a testicle to a vas deferens in the male reproductive system, is swollen and is tender uppon touching.</Text>  
	</GameDBLocalizedString> 
	
	<GameDBLocalizedString>      
		<LocID>SYM_KN_EPI_DETC</LocID>                               
		<Text>Epididymitis detected</Text>  
	</GameDBLocalizedString>
	
	<GameDBLocalizedString>      
		<LocID>SYM_KN_EPI_DETC_DESC</LocID>                               
		<Text>Epididymitis is detected</Text>  
	</GameDBLocalizedString> 
	
	<GameDBLocalizedString>      
		<LocID>SYM_KN_INGUINAL_LYMPH_NODES</LocID>                               
		<Text>Inguinal Lymph Nodes</Text>  
	</GameDBLocalizedString>
	
	<GameDBLocalizedString>      
		<LocID>SYM_KN_PENIS_DISCHARGE</LocID>                               
		<Text>Penis discharge</Text>  
	</GameDBLocalizedString>
	
	<GameDBLocalizedString>      
		<LocID>SYM_KN_PENIS_DISCHARGE_DESC</LocID>                               
		<Text>Penis discharge</Text>  
	</GameDBLocalizedString> 
	
	<GameDBLocalizedString>      
		<LocID>SYM_KN_EPI_ORCH_DETC</LocID>                               
		<Text>Epididymitis orchitis is detected</Text>  
	</GameDBLocalizedString>
	
	<GameDBLocalizedString>      
		<LocID>SYM_KN_EPI_ORCH_DETC_DESC</LocID>                               
		<Text>Epididymitis orchitis is detected</Text>  
	</GameDBLocalizedString> 
	
	<GameDBLocalizedString>      
		<LocID>SYM_KIDNEY_TISSUE_BADLY_DAMAGED</LocID>                               
		<Text>The kidney is badly damaged</Text>  
	</GameDBLocalizedString>
	
	<GameDBLocalizedString>      
		<LocID>SYM_KIDNEY_TISSUE_BADLY_DAMAGED_DESC</LocID>                               
		<Text>The kidney is badly damaged</Text>  
	</GameDBLocalizedString>

	<GameDBLocalizedString>      
		<LocID>SYM_KN_IMMUN_REACT</LocID>                               
		<Text>The immunesystem reacts to the new organ</Text>  
	</GameDBLocalizedString>
	
	<GameDBLocalizedString>      
		<LocID>SYM_KN_IMMUN_REACT_DESC</LocID>                               
		<Text>The immunesystem reacts to the new organ</Text>  
	</GameDBLocalizedString> 	
	
	<GameDBLocalizedString>      
		<LocID>SYM_KN_ACUTE_ORG_REJEC</LocID>                               
		<Text>The body is rejecting the new organ</Text>  
	</GameDBLocalizedString>
	
	<GameDBLocalizedString>      
		<LocID>SYM_KN_ACUTE_ORG_REJEC_DESC</LocID>                               
		<Text>The body is rejecting the new organ. If not acted uppon, the rejection will be fatal</Text>  
	</GameDBLocalizedString> 
	
	<GameDBLocalizedString>      
		<LocID>SYM_WEEKLY_DIALYSIS</LocID>                               
		<Text>Weekly dialysis apointment</Text>  
	</GameDBLocalizedString>
	
	<GameDBLocalizedString>      
		<LocID>SYM_WEEKLY_DIALYSIS_DESC</LocID>                               
		<Text>Weekly dialysis apointment</Text>  
	</GameDBLocalizedString> 
	
	<GameDBLocalizedString>      
		<LocID>SYM_STERILIZATION_WISH</LocID>                               
		<Text>Sterilization wish</Text>  
	</GameDBLocalizedString>
	
	<GameDBLocalizedString>      
		<LocID>SYM_STERILIZATION_WISH_DESC</LocID>                               
		<Text>The wish to have sterilization.</Text>  
	</GameDBLocalizedString>
	
	<GameDBLocalizedString>      
		<LocID>SYM_KN_NEEDS_UROLOGY</LocID>                               
		<Text>The condition needs Urology</Text>  
	</GameDBLocalizedString>
	
	<GameDBLocalizedString>      
		<LocID>SYM_KN_NEEDS_UROLOGY_DESC</LocID>                               
		<Text>The condition needs monitoring of an Urologist</Text>  
	</GameDBLocalizedString>
	
	<!-- IN GAME -->

	
	<GameDBLocalizedString>      
		<LocID>SYM_KN_URETHRAL_STONES_DETECTED</LocID>                       
		<Text>Ureter stone detected</Text>  
	</GameDBLocalizedString>
	
	<GameDBLocalizedString>     
		<LocID>SYM_KN_BLADDER_STONES_DETECTED</LocID>                         
		<Text>Bladder stones detected</Text>  
	</GameDBLocalizedString>
	
	<GameDBLocalizedString>      
		<LocID>SYM_KN_BLADDER_INFECTION</LocID>                              
		<Text>Bladder infection</Text>  
	</GameDBLocalizedString>
	
	<GameDBLocalizedString>      
		<LocID>SYM_KN_BLADDER_LINING_DEFECTED</LocID>                        
		<Text>Bladder lining defect</Text>
	</GameDBLocalizedString>
	
	<GameDBLocalizedString>      
		<LocID>SYM_KN_KIDNEY_TISSUE_INFLAMMED</LocID>                    
		<Text>Kidney tissue inflamed</Text> 
	</GameDBLocalizedString>
	
	<GameDBLocalizedString>      
		<LocID>SYM_KN_TUBULUS_INFLAMMED</LocID>                               
		<Text>Tubulus inflammation</Text>
	</GameDBLocalizedString>
	
	<GameDBLocalizedString>      
		<LocID>SYM_KN_KIDNEY_INTERSTITIUM_ABSCESS</LocID>                    
		<Text>Kidney interstitium abscess</Text>  
	</GameDBLocalizedString>
	
	<GameDBLocalizedString>     
		<LocID>SYM_KN_KIDNEY_TISSUE_DAMAGED</LocID>                        
		<Text>Kidney tissue damaged</Text> 
	</GameDBLocalizedString>
	
	<GameDBLocalizedString>     
		<LocID>SYM_KN_KIDNEY_PROGRESSIVE_DAMAGE</LocID>                      
		<Text>Kidney progressive damage</Text>  
	</GameDBLocalizedString>
	
	<GameDBLocalizedString>     
		<LocID>SYM_KN_KIDNEY_STONES_DISCOVERED</LocID>                        
		<Text>Kidney stones discovered</Text>  
	</GameDBLocalizedString> 
	
	<GameDBLocalizedString>     
		<LocID>SYM_KN_E_COLI_TOXIN_DETECTED</LocID>                     
		<Text>E. coli toxin detected</Text>  
	</GameDBLocalizedString>
	
	<GameDBLocalizedString>      
		<LocID>SYM_KN_BLUNT_KIDNEY_CONTUSION</LocID>                         
		<Text>Blunt Kidney contusion</Text> 
	</GameDBLocalizedString> 
	
	<GameDBLocalizedString>     
		<LocID>SYM_KN_BACSCRO</LocID>                     
		<Text>Bacteria have been found in the scrotum</Text>  
	</GameDBLocalizedString>
	
	<GameDBLocalizedString>      
		<LocID>SYM_KN_BACSCRO_DESC</LocID>                         
		<Text>Bacteria have been found in the scrotum</Text> 
	</GameDBLocalizedString>
	
	<GameDBLocalizedString>     
		<LocID>SYM_KN_UNPL_ODOR</LocID>                     
		<Text>Unpleasant odor</Text>  
	</GameDBLocalizedString>
	
	<GameDBLocalizedString>      
		<LocID>SYM_KN_UNPL_ODOR_DESC</LocID>                         
		<Text>An unpleasant odor can be smelled around the patient</Text> 
	</GameDBLocalizedString>
	
	<GameDBLocalizedString>      
		<LocID>SYM_KN_RCC_7</LocID>                               
		<Text>Renal cell cancer smaller than 7 centimeters is detected on a CT-scan.</Text>  
	</GameDBLocalizedString>
	
	<GameDBLocalizedString>      
		<LocID>SYM_KN_RCC_7_DESC</LocID>                               
		<Text>Renal cell cancer is detected on a CT-scan. The tumor appears to be is smaller than 7 centimeters.</Text>  
	</GameDBLocalizedString>
	
	<GameDBLocalizedString>      
		<LocID>SYM_KN_RCC_8</LocID>                               
		<Text>Renal cell cancer larger than 7 centimeters is detected on a CT-scan.</Text>  
	</GameDBLocalizedString>
	
	<GameDBLocalizedString>      
		<LocID>SYM_KN_RCC_8_DESC</LocID>                               
		<Text>Renal cell cancer is detected on a CT-scan. The tumor appears to be is larger than 7 centimeters.</Text>  
	</GameDBLocalizedString>
	
	<GameDBLocalizedString>     
		<LocID>SYM_KN_CCRCC_1</LocID>                     
		<Text>Clear cell renal cell carcinoma was detected</Text>  
	</GameDBLocalizedString>
	
	<GameDBLocalizedString>      
		<LocID>SYM_KN_CCRCC_1_DESC</LocID>                         
		<Text>Clear cell renal cell carcinoma was detected</Text> 
	</GameDBLocalizedString>
	
	<GameDBLocalizedString>     
		<LocID>SYM_KN_CCRCC_21</LocID>                     
		<Text>Clear cell renal cell carcinoma was detected</Text>  
	</GameDBLocalizedString>
	
	<GameDBLocalizedString>      
		<LocID>SYM_KN_CCRCC_2_DESC</LocID>                         
		<Text>Clear cell renal cell carcinoma was detected</Text> 
	</GameDBLocalizedString>
	
	<GameDBLocalizedString>     
		<LocID>SYM_KN_CCRCC_31</LocID>                     
		<Text>Clear cell renal cell carcinoma was detected</Text>  
	</GameDBLocalizedString>
	
	<GameDBLocalizedString>     
		<LocID>SYM_KN_CCRCC_32</LocID>                     
		<Text>Clear cell renal cell carcinoma was detected</Text>  
	</GameDBLocalizedString>
	
	<GameDBLocalizedString>      
		<LocID>SYM_KN_CCRCC_3_DESC</LocID>                         
		<Text>Clear cell renal cell carcinoma was detected</Text> 
	</GameDBLocalizedString>
	
	<GameDBLocalizedString>     
		<LocID>SYM_KN_CCRCC_4</LocID>                     
		<Text>Clear cell renal cell carcinoma was detected</Text>  
	</GameDBLocalizedString>
	
	<GameDBLocalizedString>      
		<LocID>SYM_KN_CCRCC_4_DESC</LocID>                         
		<Text>Clear cell renal cell carcinoma was detected</Text> 
	</GameDBLocalizedString>
	
	<GameDBLocalizedString>     
		<LocID>SYM_KN_FLANK_PAIN</LocID>                     
		<Text>Flank pain</Text>  
	</GameDBLocalizedString>
	
	<GameDBLocalizedString>      
		<LocID>SYM_KN_FLANK_PAIN_DESC</LocID>                         
		<Text>Flank pain: pain on the side of the body between the hip and ribs.</Text> 
	</GameDBLocalizedString>
	
	<GameDBLocalizedString>     
		<LocID>SYM_KN_DEPR_ERYTHR</LocID>                     
		<Text>Depression of erythropoietin</Text>  
	</GameDBLocalizedString>
	
	<GameDBLocalizedString>      
		<LocID>SYM_KN_DEPR_ERYTHR_DESC</LocID>                         
		<Text>Depression of erythropoietin. Erythropoietin  stimulates red blood cell production (erythropoiesis) in the bone marrow. A depression of erythropoietin gives anemia.</Text> 
	</GameDBLocalizedString>
	
	<GameDBLocalizedString>      
		<LocID>SYM_UR_HYPERCALCEMIA</LocID>                               
		<Text>Hypercalcemia</Text>  
	</GameDBLocalizedString>
            
	<GameDBLocalizedString>      
		<LocID>SYM_UR_HYPERCALCEMIA_DESC</LocID>                   
		<Text>Hypercalcemia is a condition in which the calcium level in your blood is above normal. Hypercalcaemia is most often caused by overactivity in the four tiny glands in the neck (parathyroid glands) or from cancer. Extra calcium in the blood affects many bodily systems.</Text>  
	</GameDBLocalizedString>
	
	<GameDBLocalizedString>      
		<LocID>SYM_KN_BLUNT_BLCONT</LocID>                               
		<Text>Blunt Bladder Contusion</Text>  
	</GameDBLocalizedString>
            
	<GameDBLocalizedString>      
		<LocID>SYM_KN_BLUNT_BLCONT_DESC</LocID>                   
		<Text>Blunt Bladder Contusion</Text>  
	</GameDBLocalizedString>
	
	<GameDBLocalizedString>      
		<LocID>SYM_KN_BLOODY_URINE</LocID>                               
		<Text>Blood clots in urine</Text>  
	</GameDBLocalizedString>
            
	<GameDBLocalizedString>      
		<LocID>SYM_KN_BLOODY_URINE_DESC</LocID>                   
		<Text>If sufficient blood is present in the urine, the blood may form a clot. The clot can completely block the flow of urine, causing sudden extreme pain and inability to urinate. Bleeding severe enough to cause such a clot is usually caused by an injury to the urinary tract.</Text>  
	</GameDBLocalizedString>
	
	<GameDBLocalizedString>      
		<LocID>SYM_KN_RCC_INF_VENACAVA_DESC</LocID>                               
		<Text>Metastised tumor in the Inferior Vena Cava</Text>  
	</GameDBLocalizedString>
            
	<GameDBLocalizedString>      
		<LocID>SYM_KN_RCC_INF_VENACAVA</LocID>                   
		<Text>Metastised tumor in the Inferior Vena Cava. The inferior vena cava (or IVC) is a large vein that carries the deoxygenated blood from the lower and middle body into the right atrium of the heart. It is formed by the joining of the right and the left common iliac veins, usually at the level of the fifth lumbar vertebra.</Text>  
	</GameDBLocalizedString>
	
	<GameDBLocalizedString>      
		<LocID>SYM_KN_IP_RUP</LocID>                               
		<Text>Intraperitoneal Bladder Rupture</Text>  
	</GameDBLocalizedString>
            
	<GameDBLocalizedString>      
		<LocID>SYM_KN_IP_RUP_DESC</LocID>                   
		<Text>Intraperitoneal Bladder Rupture</Text>  
	</GameDBLocalizedString> 
	
	<GameDBLocalizedString>      
		<LocID>SYM_KN_EX_RUP_1</LocID>                               
		<Text>Extraperitoneal Bladder Rupture</Text>  
	</GameDBLocalizedString>
            
	<GameDBLocalizedString>      
		<LocID>SYM_KN_EX_RUP_1_DESC</LocID>                   
		<Text>Extraperitoneal Bladder Rupture</Text>  
	</GameDBLocalizedString>
	
	<GameDBLocalizedString>      
		<LocID>SYM_KN_EX_RUP_2</LocID>                               
		<Text>Complicated extraperitoneal Bladder Rupture</Text>  
	</GameDBLocalizedString>
            
	<GameDBLocalizedString>      
		<LocID>SYM_KN_EX_RUP_2_DESC</LocID>                   
		<Text>Complicated extraperitoneal Bladder Rupture</Text>  
	</GameDBLocalizedString>
	
	<GameDBLocalizedString>      
		<LocID>SYM_KN_PEN_RUP_1</LocID>                               
		<Text>Penetrating Bladder Rupture</Text>  
	</GameDBLocalizedString>
            
	<GameDBLocalizedString>      
		<LocID>SYM_KN_PEN_RUP_1_DESC</LocID>                   
		<Text>Penetrating Bladder Rupture</Text>  
	</GameDBLocalizedString>
		
	<GameDBLocalizedString>      
		<LocID>SYM_KN_URIN_INCO_VAG</LocID>                               
		<Text>Urine loss through the vagina</Text>  
	</GameDBLocalizedString>
            
	<GameDBLocalizedString>      
		<LocID>SYM_KN_URIN_INCO_VAG_DESC</LocID>                   
		<Text>Urine loss through the vagina</Text>  
	</GameDBLocalizedString>
	
	<GameDBLocalizedString>      
		<LocID>SYM_KN_ABDOMINAL_MASS</LocID>                               
		<Text>Abdominal mass</Text>  
	</GameDBLocalizedString>
            
	<GameDBLocalizedString>      
		<LocID>SYM_KN_ABDOMINAL_MASS_DESC</LocID>                   
		<Text>A mass can be felt in the abdomen</Text>  
	</GameDBLocalizedString>
	
	<GameDBLocalizedString>      
		<LocID>SYM_KN_ABDOMINAL_MASS</LocID>                               
		<Text>Abdominal mass</Text>  
	</GameDBLocalizedString>
            
	<GameDBLocalizedString>      
		<LocID>SYM_KN_ABDOMINAL_MASS_DESC</LocID>                   
		<Text>A mass can be felt in the abdomen</Text>  
	</GameDBLocalizedString>
	
	<GameDBLocalizedString>     
		<LocID>SYM_KN_VESCI_FIST</LocID>                     
		<Text>Vesicovaginal fistula</Text> 
	</GameDBLocalizedString>
	
	<GameDBLocalizedString>     
		<LocID>SYM_KN_VESCI_FIST_DESC</LocID>          
        <Text>Vesicovaginal fistula, is an abnormal fistulous tract extending between the bladder (vesica) and the vagina that allows the continuous involuntary discharge of urine into the vaginal vault.</Text>	
	</GameDBLocalizedString>
		
	</LocalizedStrings>
	</GameDBStringTable>	
</Database>