<Database>
	
	<GameDBStringTable ID="LOC_FR_ADDON_URKN_SYMPTOMS">
	<LanguageCode>fr</LanguageCode>
	<LanguageNameLocalized>Français</LanguageNameLocalized>
	<Contributors>
	<Name>aigledunumerique</Name>
	</Contributors>
	

	<LocalizedStrings>
	
	<GameDBLocalizedString>      
		<LocID>SYM_KN_SWOLLENTESTIS_WP</LocID>                               
		<Text>Testicule gonflé et douloureux</Text>  
	</GameDBLocalizedString>
            
	<GameDBLocalizedString>      
		<LocID>SYM_KN_SWOLLENTESTIS_WP_DESC</LocID>                   
		<Text>Un testicule est douloureux et gonflé</Text>  
	</GameDBLocalizedString>	
	
	<GameDBLocalizedString>      
		<LocID>SYM_KN_SWOLLENTESTIS_WPT</LocID>                               
		<Text>Testicule gonflé</Text>  
	</GameDBLocalizedString>
            
	<GameDBLocalizedString>      
		<LocID>SYM_KN_SWOLLENTESTIS_WPT_DESC</LocID>                   
		<Text>Un testicule est gonflé, mais pas douloureux</Text>  
	</GameDBLocalizedString>
	
	<GameDBLocalizedString>      
		<LocID>SYM_KN_TESTISBlOODFLOW</LocID>                               
		<Text>Manque de circulation sanguine vers le testicule</Text>  
	</GameDBLocalizedString>
            
	<GameDBLocalizedString>      
		<LocID>SYM_KN_TESTISBlOODFLOW_DESC</LocID>                   
		<Text>Manque de circulation sanguine vers le testicule</Text>  
	</GameDBLocalizedString>
	
	<GameDBLocalizedString>      
		<LocID>SYM_KN_SWOLLENTESTIS</LocID>                               
		<Text>Testicule gonflé</Text>  
	</GameDBLocalizedString>
            
	<GameDBLocalizedString>      
		<LocID>SYM_KN_SWOLLENTESTIS_DESC</LocID>                   
		<Text>Le testicule est gonflé</Text>  
	</GameDBLocalizedString>
	
	<GameDBLocalizedString>      
		<LocID>SYM_KN_TESTICULARINFARCTION</LocID>                               
		<Text>Infarctus testiculaire</Text>  
	</GameDBLocalizedString>
            
	<GameDBLocalizedString>      
		<LocID>SYM_KN_TESTICULARINFARCTION_DESC</LocID>                   
		<Text>Les dommages testiculaires se produisent en raison de la diminution du flux sanguin, et donc de l'apport en oxygène et en nutriments, au testicule. Si le testicule n'est pas viable pendant l'exploration chirurgicale, il doit être retiré pour éviter une nécrose supplémentaire ou la mort des tissus.</Text>  
	</GameDBLocalizedString>
	
	<GameDBLocalizedString>      
		<LocID>SYM_KN_HIGHRIDINGTESTIS</LocID>                               
		<Text>Testicule haute</Text>  
	</GameDBLocalizedString>
            
	<GameDBLocalizedString>      
		<LocID>SYM_KN_HIGHRIDINGTESTIS_DESC</LocID>                   
		<Text>Le testicule semble être plus élevé dans le scrotum que la normale</Text>  
	</GameDBLocalizedString>
	
	<GameDBLocalizedString>      
		<LocID>SYM_KN_ABNORMALLIETESTIS</LocID>                               
		<Text>Position anormale du testicule</Text>  
	</GameDBLocalizedString>
            
	<GameDBLocalizedString>      
		<LocID>SYM_KN_ABNORMALLIETESTIS_DESC</LocID>                   
		<Text>Le testicule semble être dans une position anormale</Text>  
	</GameDBLocalizedString>
	
	<GameDBLocalizedString>      
		<LocID>SYM_KN_SWOLLENSCROTUM</LocID>                               
		<Text>Scrotum gonflé</Text>  
	</GameDBLocalizedString>
            
	<GameDBLocalizedString>      
		<LocID>SYM_KN_SWOLLENSCROTUM_DESC</LocID>                   
		<Text>Le scrotum est gonflé</Text>  
	</GameDBLocalizedString>
	
	<GameDBLocalizedString>      
		<LocID>SYM_KN_SUDDENPAINSCROTUM</LocID>                               
		<Text>Douleur soudaine dans le scrotum</Text>  
	</GameDBLocalizedString>
            
	<GameDBLocalizedString>      
		<LocID>SYM_KN_SUDDENPAINSCROTUM_DESC</LocID>                   
		<Text>Le patient a ressenti une douleur soudaine dans le scrotum</Text>  
	</GameDBLocalizedString>
	
	<GameDBLocalizedString>      
		<LocID>SYM_KN_ABCREMASCTICREFLEX</LocID>                               
		<Text>Absence du réflexe crémastérien</Text>  
	</GameDBLocalizedString>
            
	<GameDBLocalizedString>      
		<LocID>SYM_KN_ABCREMASCTICREFLEX_DESC</LocID>                   
		<Text>Le réflexe crémasterique peut être absent avec une torsion testiculaire, des troubles des motoneurones supérieurs et inférieurs, ainsi qu'une lésion de la colonne vertébrale de L1-L2. Cela peut également se produire si le nerf ilioinguinal a été accidentellement coupé lors d'une réparation de hernie.</Text>  
	</GameDBLocalizedString>
	
	<GameDBLocalizedString>      
		<LocID>SYM_KN_CREMASCTICREFLEX</LocID>                               
		<Text>Le réflexe crémastérique est toujours présent</Text>  
	</GameDBLocalizedString>
            
	<GameDBLocalizedString>      
		<LocID>SYM_KN_CREMASCTICREFLEX_DESC</LocID>                   
		<Text>Ce réflexe est déclenché en caressant légèrement ou en poussant la partie interne supérieure et médiale de la cuisse, quelle que soit la direction de la course. La réponse normale est une contraction immédiate du muscle crémaster qui tire le testicule ipsilatéralement du même côté du corps.</Text>  
	</GameDBLocalizedString>
	
	<GameDBLocalizedString>      
		<LocID>SYM_KN_LUMPTS</LocID>                               
		<Text>Une bosse ou une masse à l'intérieur du testicule</Text>  
	</GameDBLocalizedString>
            
	<GameDBLocalizedString>      
		<LocID>SYM_KN_LUMPTS_DESC</LocID>                   
		<Text>Une bosse ou une masse à l'intérieur du testicule a été remarquée lors de l'examen physique</Text>  
	</GameDBLocalizedString>
	
	<GameDBLocalizedString>      
		<LocID>SYM_KN_HARD_TESTIS</LocID>                               
		<Text>Testicule durci</Text>  
	</GameDBLocalizedString>
            
	<GameDBLocalizedString>      
		<LocID>SYM_KN_HARD_TESTIS_DESC</LocID>                   
		<Text>Le testicule est plus dur que la normale</Text>  
	</GameDBLocalizedString>
	
	<GameDBLocalizedString>      
		<LocID>SYM_KN_ALFAPRO</LocID>                               
		<Text>Marqueur tumoral alpha-foetoprotéine</Text>  
	</GameDBLocalizedString>
	
	<GameDBLocalizedString>      
		<LocID>SYM_KN_ALFAPRO_DESC</LocID>                               
		<Text>Un marqueur tumoral alpha-fœtoprotéine a été détecté dans la circulation sanguine</Text>  
	</GameDBLocalizedString>
	
	<GameDBLocalizedString>      
		<LocID>SYM_KN_BETAHCG</LocID>                               
		<Text>Marqueur tumoral bèta-HCG</Text>  
	</GameDBLocalizedString>
	
	<GameDBLocalizedString>      
		<LocID>SYM_KN_BETAHCG_DESC</LocID>                               
		<Text>Un marqueur tumoral bèta-HCG a été observé dans la circulation sanguine</Text>  
	</GameDBLocalizedString>
	
	<GameDBLocalizedString>      
		<LocID>SYM_KN_HVSC</LocID>                               
		<Text>Une sensation souvent qualifiée de «lourdeur» dans le scrotum</Text>  
	</GameDBLocalizedString>
	
	<GameDBLocalizedString>      
		<LocID>SYM_KN_HVSC_DESC</LocID>                               
		<Text>Une sensation souvent qualifiée de «lourdeur» dans le scrotum</Text>  
	</GameDBLocalizedString>
	
	<GameDBLocalizedString>      
		<LocID>SYM_KN_TSTM</LocID>                               
		<Text>Le cancer du testicule a été détecté par échographie.</Text>  
	</GameDBLocalizedString>
	
	<GameDBLocalizedString>      
		<LocID>SYM_KN_TSTM_DESC</LocID>                               
		<Text>Le cancer du testicule est détecté par échographie. Le diagnostic différentiel du cancer des testicules nécessite d'examiner l'histologie des tissus obtenus à partir d'une orchidectomie inguinale. Une biopsie ne doit pas être effectuée, car elle augmente le risque de propagation des cellules cancéreuses dans le scrotum.</Text>  
	</GameDBLocalizedString>
		
	<GameDBLocalizedString>      
		<LocID>SYM_KN_SM_TSTM_1</LocID>                               
		<Text>Séminome testiculaire</Text>  
	</GameDBLocalizedString>
	
	<GameDBLocalizedString>      
		<LocID>SYM_KN_SM_TSTM_1_DESC</LocID>                               
		<Text>Après l'orchidectomie, le type de cancer a été différencié. Séminome signifie qu'il ne s'agit que d'un seul type de cellule cancéreuse.</Text>  
	</GameDBLocalizedString>
	
	<GameDBLocalizedString>      
		<LocID>SYM_KN_SM_TSTM_2</LocID>                               
		<Text>Séminome testiculaire</Text>  
	</GameDBLocalizedString>
	
	<GameDBLocalizedString>      
		<LocID>SYM_KN_SM_TSTM_2_DESC</LocID>                               
		<Text>Après l'orchidectomie, le type de cancer a été différencié. Séminome signifie qu'il ne s'agit que d'un seul type de cellule cancéreuse.</Text>  
	</GameDBLocalizedString>
	
	<GameDBLocalizedString>      
		<LocID>SYM_KN_SM_TSTM_3</LocID>                               
		<Text>Séminome testiculaire</Text>  
	</GameDBLocalizedString>
	
	<GameDBLocalizedString>      
		<LocID>SYM_KN_SM_TSTM_3_DESC</LocID>                               
		<Text>Après l'orchidectomie, le type de cancer a été différencié. Séminome signifie qu'il ne s'agit que d'un seul type de cellule cancéreuse.</Text>  
	</GameDBLocalizedString>
	
	<GameDBLocalizedString>      
		<LocID>SYM_KN_SM_TSTM_4</LocID>                               
		<Text>Séminome testiculaire</Text>  
	</GameDBLocalizedString>
	
	<GameDBLocalizedString>      
		<LocID>SYM_KN_SM_TSTM_4_DESC</LocID>                               
		<Text>Après l'orchidectomie, le type de cancer a été différencié. Séminome signifie qu'il ne s'agit que d'un seul type de cellule cancéreuse.</Text>  
	</GameDBLocalizedString>


	<GameDBLocalizedString>      
		<LocID>SYM_KN_NSM_TSTM_1</LocID>                               
		<Text>Cancer testiculaire non-sémonial</Text>  
	</GameDBLocalizedString>
	
	<GameDBLocalizedString>      
		<LocID>SYM_KN_NSM_TSTM_1_DESC</LocID>                               
		<Text>Après l'orchidectomie, le type de cancer a été différencié. Non-séminomial signifie qu'il s'agit de plusieurs types de cellules cancéreuses.</Text>  
	</GameDBLocalizedString>
	
	<GameDBLocalizedString>      
		<LocID>SYM_KN_NSM_TSTM_2</LocID>                               
		<Text>Cancer testiculaire non-sémonial</Text>  
	</GameDBLocalizedString>
	
	<GameDBLocalizedString>      
		<LocID>SYM_KN_NSM_TSTM_2_DESC</LocID>                               
		<Text>Après l'orchidectomie, le type de cancer a été différencié. Non-séminomial signifie qu'il s'agit de plusieurs types de cellules cancéreuses.</Text>  
	</GameDBLocalizedString>
	
	<GameDBLocalizedString>      
		<LocID>SYM_KN_NSM_TSTM_3</LocID>                               
		<Text>Cancer testiculaire non-sémonial</Text>  
	</GameDBLocalizedString>
	
	<GameDBLocalizedString>      
		<LocID>SYM_KN_NSM_TSTM_3_DESC</LocID>                               
		<Text>Après l'orchidectomie, le type de cancer a été différencié. Non-séminomial signifie qu'il s'agit de plusieurs types de cellules cancéreuses.</Text>  
	</GameDBLocalizedString>
	
	<GameDBLocalizedString>      
		<LocID>SYM_KN_NSM_TSTM_4</LocID>                               
		<Text>Cancer testiculaire non-sémonial</Text>  
	</GameDBLocalizedString>
	
	<GameDBLocalizedString>      
		<LocID>SYM_KN_NSM_TSTM_4_DESC</LocID>                               
		<Text>Après l'orchidectomie, le type de cancer a été différencié. Non-séminomial signifie qu'il s'agit de plusieurs types de cellules cancéreuses.</Text>  
	</GameDBLocalizedString>
	
	<GameDBLocalizedString>      
		<LocID>SYM_KN_ENLSM_PRO_1</LocID>                               
		<Text>Une glande prostatique élargie qui est symétrique et lisse.</Text>  
	</GameDBLocalizedString>
	
	<GameDBLocalizedString>      
		<LocID>SYM_KN_ENLSM_PRO_1_DESC</LocID>                               
		<Text>Une hypertrophie de la prostate à l'examen rectal qui est symétrique et lisse soutient un diagnostic d'HBP.</Text>  
	</GameDBLocalizedString>
	
	<GameDBLocalizedString>      
		<LocID>SYM_KN_BPH_DETC_1</LocID>                               
		<Text>Hyperplasie bénigne de la prostate</Text>  
	</GameDBLocalizedString>
	
	<GameDBLocalizedString>      
		<LocID>SYM_KN_BPH_DETC_1_DESC</LocID>                               
		<Text>Une hyperplasie bénigne de la prostate a été détectée par une biopsie</Text>  
	</GameDBLocalizedString>
	
	<GameDBLocalizedString>      
		<LocID>SYM_KN_DHT</LocID>                               
		<Text>Niveaux élevés de dihydrotestostérone</Text>  
	</GameDBLocalizedString>
	
	<GameDBLocalizedString>      
		<LocID>SYM_KN_DHT_DESC</LocID>                               
		<Text>Des niveaux élevés de dihydrotestostérone ont été détectés dans la circulation sanguine</Text>  
	</GameDBLocalizedString>
	
	<GameDBLocalizedString>      
		<LocID>SYM_KN_ENLSM_PRO_2</LocID>                               
		<Text>Une glande prostatique élargie qui est symétrique et lisse.</Text>  
	</GameDBLocalizedString>
	
	<GameDBLocalizedString>      
		<LocID>SYM_KN_ENLSM_PRO_2_DESC</LocID>                               
		<Text>Une hypertrophie de la prostate à l'examen rectal qui est symétrique et lisse soutient un diagnostic d'HBP.</Text>  
	</GameDBLocalizedString>
	
	<GameDBLocalizedString>      
		<LocID>SYM_KN_BPH_DETC_2</LocID>                               
		<Text>Hyperplasie bénigne de la prostate</Text>  
	</GameDBLocalizedString>
	
	<GameDBLocalizedString>       
		<LocID>SYM_KN_BPH_DETC_2_DESC</LocID>                               
		<Text>Une hyperplasie bénigne de la prostate a été détectée par biopsie. Cependant, l'hypertrophie de la prostate n'a pas réagi aux bloqueurs α1 sélectifs, donc la chirurgie mini-invasive est nécessaire.</Text>  
	</GameDBLocalizedString>
	
	<GameDBLocalizedString>      
		<LocID>SYM_KN_RETRO_EJAC</LocID>                               
		<Text>Éjaculation rétrograde</Text>  
	</GameDBLocalizedString>
	
	<GameDBLocalizedString>      
		<LocID>SYM_KN_RETRO_EJAC_DESC</LocID>                               
		<Text>L'éjaculation rétrograde se produit lorsque le sperme qui serait éjaculé via l'urètre est redirigé vers la vessie. Normalement, le sphincter de la vessie se contracte avant l'éjaculation, scellant la vessie, ce qui en plus d'inhiber la libération d'urine empêche également un reflux de liquides séminal dans la vessie masculine pendant l'éjaculation. Le sperme est forcé de sortir par l'urètre, le chemin de moindre résistance. Lorsque le sphincter de la vessie ne fonctionne pas correctement, une éjaculation rétrograde peut se produire.</Text>  
	</GameDBLocalizedString>
	
	<GameDBLocalizedString>      
		<LocID>SYM_KN_EREC_DYS</LocID>                               
		<Text>Dysérection</Text>  
	</GameDBLocalizedString>
	
	<GameDBLocalizedString>      
		<LocID>SYM_KN_EREC_DYS_DESC</LocID>                               
		<Text>Dysérection</Text>  
	</GameDBLocalizedString> 
	
	<GameDBLocalizedString>      
		<LocID>SYM_KN_URIN_INCO</LocID>                               
		<Text>Incontinence urinaire</Text>  
	</GameDBLocalizedString>
	
	<GameDBLocalizedString>      
		<LocID>SYM_KN_URIN_INCO_DESC</LocID>                               
		<Text>L'incontinence urinaire, également appelée miction involontaire, est une fuite incontrôlée d'urine.</Text>  
	</GameDBLocalizedString> 
	
	<GameDBLocalizedString>      
		<LocID>SYM_KN_SWOLLENEPIDIDYMIS</LocID>                               
		<Text>Épididyme enflé et sensible</Text>  
	</GameDBLocalizedString>
	
	<GameDBLocalizedString>      
		<LocID>SYM_KN_SWOLLENEPIDIDYMIS_DESC</LocID>                               
		<Text>L'épididyme, le tube qui relie un testicule à un canal déférent dans le système reproducteur masculin, est enflé et sensible au toucher.</Text>  
	</GameDBLocalizedString> 
	
	<GameDBLocalizedString>      
		<LocID>SYM_KN_EPI_DETC</LocID>                               
		<Text>Épididymite détectée</Text>  
	</GameDBLocalizedString>
	
	<GameDBLocalizedString>      
		<LocID>SYM_KN_EPI_DETC_DESC</LocID>                               
		<Text>Épididymite détectée</Text>  
	</GameDBLocalizedString> 
	
	<GameDBLocalizedString>      
		<LocID>SYM_KN_INGUINAL_LYMPH_NODES</LocID>                               
		<Text>Nœuds lymphatiques inguinaux</Text>  
	</GameDBLocalizedString>
	
	<GameDBLocalizedString>      
		<LocID>SYM_KN_PENIS_DISCHARGE</LocID>                               
		<Text>Sécrétions du pénis</Text>  
	</GameDBLocalizedString>
	
	<GameDBLocalizedString>      
		<LocID>SYM_KN_PENIS_DISCHARGE_DESC</LocID>                               
		<Text>Sécrétions du pénis</Text>  
	</GameDBLocalizedString> 
	
	<GameDBLocalizedString>      
		<LocID>SYM_KN_EPI_ORCH_DETC</LocID>                               
		<Text>Orchite à épididymite détectée</Text>  
	</GameDBLocalizedString>
	
	<GameDBLocalizedString>      
		<LocID>SYM_KN_EPI_ORCH_DETC_DESC</LocID>                               
		<Text>Orchite à épididymite détectée</Text>  
	</GameDBLocalizedString> 
	
	<GameDBLocalizedString>      
		<LocID>SYM_KIDNEY_TISSUE_BADLY_DAMAGED</LocID>                               
		<Text>Le rein est gravement endommagé</Text>  
	</GameDBLocalizedString>
	
	<GameDBLocalizedString>      
		<LocID>SYM_KIDNEY_TISSUE_BADLY_DAMAGED_DESC</LocID>                               
		<Text>Le rein est gravement endommagé</Text>  
	</GameDBLocalizedString>

	<GameDBLocalizedString>      
		<LocID>SYM_KN_IMMUN_REACT</LocID>                               
		<Text>Le système immunitaire réagit au nouvel organe</Text>  
	</GameDBLocalizedString>
	
	<GameDBLocalizedString>      
		<LocID>SYM_KN_IMMUN_REACT_DESC</LocID>                               
		<Text>Le système immunitaire réagit au nouvel organe</Text>  
	</GameDBLocalizedString> 	
	
	<GameDBLocalizedString>      
		<LocID>SYM_KN_ACUTE_ORG_REJEC</LocID>                               
		<Text>Le corps rejette le nouvel organe</Text>  
	</GameDBLocalizedString>
	
	<GameDBLocalizedString>      
		<LocID>SYM_KN_ACUTE_ORG_REJEC_DESC</LocID>                               
		<Text>Le corps rejette le nouvel organe. S'il n'est pas suivi, le rejet sera fatal</Text>  
	</GameDBLocalizedString> 
	
	<GameDBLocalizedString>      
		<LocID>SYM_WEEKLY_DIALYSIS</LocID>                               
		<Text>Rendez-vous hebdomadaire de dialyse</Text>  
	</GameDBLocalizedString>
	
	<GameDBLocalizedString>      
		<LocID>SYM_WEEKLY_DIALYSIS_DESC</LocID>                               
		<Text>Rendez-vous hebdomadaire de dialyse</Text>  
	</GameDBLocalizedString> 
	
	<GameDBLocalizedString>      
		<LocID>SYM_STERILIZATION_WISH</LocID>                               
		<Text>Souhait de stérilisation</Text>  
	</GameDBLocalizedString>
	
	<GameDBLocalizedString>      
		<LocID>SYM_STERILIZATION_WISH_DESC</LocID>                               
		<Text>Souhait de stérilisation.</Text>  
	</GameDBLocalizedString>
	
	<GameDBLocalizedString>      
		<LocID>SYM_KN_NEEDS_UROLOGY</LocID>                               
		<Text>La condition nécessite un urologue</Text>  
	</GameDBLocalizedString>
	
	<GameDBLocalizedString>      
		<LocID>SYM_KN_NEEDS_UROLOGY_DESC</LocID>                               
		<Text>La condition doit être surveillée par un urologue</Text>  
	</GameDBLocalizedString>
	
	<!-- IN GAME -->

	
	<GameDBLocalizedString>      
		<LocID>SYM_KN_URETHRAL_STONES_DETECTED</LocID>                       
		<Text>Calculs dans l'uretère détectés</Text>  
	</GameDBLocalizedString>
	
	<GameDBLocalizedString>     
		<LocID>SYM_KN_BLADDER_STONES_DETECTED</LocID>                         
		<Text>Calculs dans la vessie détectés</Text>  
	</GameDBLocalizedString>
	
	<GameDBLocalizedString>      
		<LocID>SYM_KN_BLADDER_INFECTION</LocID>                              
		<Text>Infection urinaire</Text>  
	</GameDBLocalizedString>
	
	<GameDBLocalizedString>      
		<LocID>SYM_KN_BLADDER_LINING_DEFECTED</LocID>                        
		<Text>Défaut de la vessie</Text>
	</GameDBLocalizedString>
	
	<GameDBLocalizedString>      
		<LocID>SYM_KN_KIDNEY_TISSUE_INFLAMMED</LocID>                    
		<Text>Tissu rénal enflammé</Text> 
	</GameDBLocalizedString>
	
	<GameDBLocalizedString>      
		<LocID>SYM_KN_TUBULUS_INFLAMMED</LocID>                               
		<Text>Inflammation du tubulus</Text>
	</GameDBLocalizedString>
	
	<GameDBLocalizedString>      
		<LocID>SYM_KN_KIDNEY_INTERSTITIUM_ABSCESS</LocID>                    
		<Text>Abcès de l'interstitium rénal</Text>  
	</GameDBLocalizedString>
	
	<GameDBLocalizedString>     
		<LocID>SYM_KN_KIDNEY_TISSUE_DAMAGED</LocID>                        
		<Text>Tissu rénal endommagé</Text> 
	</GameDBLocalizedString>
	
	<GameDBLocalizedString>     
		<LocID>SYM_KN_KIDNEY_PROGRESSIVE_DAMAGE</LocID>                      
		<Text>Dommages progressifs aux reins</Text>  
	</GameDBLocalizedString>
	
	<GameDBLocalizedString>     
		<LocID>SYM_KN_KIDNEY_STONES_DISCOVERED</LocID>                        
		<Text>Calculs rénaux découverts</Text>  
	</GameDBLocalizedString> 
	
	<GameDBLocalizedString>     
		<LocID>SYM_KN_E_COLI_TOXIN_DETECTED</LocID>                     
		<Text>Toxine E. Coli détectée</Text>  
	</GameDBLocalizedString>
	
	<GameDBLocalizedString>      
		<LocID>SYM_KN_BLUNT_KIDNEY_CONTUSION</LocID>                         
		<Text>Contusion rénale</Text> 
	</GameDBLocalizedString> 
	
	<GameDBLocalizedString>     
		<LocID>SYM_KN_BACSCRO</LocID>                     
		<Text>Bactéries trouvées dans le scrotum</Text>  
	</GameDBLocalizedString>
	
	<GameDBLocalizedString>      
		<LocID>SYM_KN_BACSCRO_DESC</LocID>                         
		<Text>Bactéries trouvées dans le scrotum</Text> 
	</GameDBLocalizedString>
	
	<GameDBLocalizedString>     
		<LocID>SYM_KN_UNPL_ODOR</LocID>                     
		<Text>Odeur désagréable</Text>  
	</GameDBLocalizedString>
	
	<GameDBLocalizedString>      
		<LocID>SYM_KN_UNPL_ODOR_DESC</LocID>                         
		<Text>Une odeur désagréable est senti autour du patient</Text> 
	</GameDBLocalizedString>
		
	</LocalizedStrings>
	</GameDBStringTable>	
</Database>