<Database>
	<GameDBStringTable ID="LOC_DE_ADDON_URKN_DIAGNOSES">
	<LanguageCode>de</LanguageCode>
	<LanguageNameLocalized>Deutsch</LanguageNameLocalized>
	<Contributors>
	<Name>TristanTurner</Name>
	</Contributors>

	<LocalizedStrings>
		
	<GameDBLocalizedString>      
		<LocID>DIA_KN_TT</LocID>                               
		<Text>Hodentorsion</Text>  
	</GameDBLocalizedString>
            
	<GameDBLocalizedString>      
		<LocID>DIA_KN_TT_DESC</LocID>                   
		<Text>Eine Hodentorsion tritt auf, wenn sich der Samenstrang verdreht und die Blutversorgung des Hodens unterbrochen wird</Text>  
	</GameDBLocalizedString>
	
	<GameDBLocalizedString>      
		<LocID>DIA_KN_EPI</LocID>                               
		<Text>Epididymitis</Text>  
	</GameDBLocalizedString>
            
	<GameDBLocalizedString>      
		<LocID>DIA_KN_EPI_DESC</LocID>                   
		<Text>Eine Nebenhodenentzündung betrifft den Samenstrang des Nebenhodens auf der Rückseite des Hodens, der das Sperma speichert und trägt. Männer jeden Alters können eine Nebenhodenentzündung bekommen, obwohl dies bei jüngeren Männern häufiger vorkommt.</Text>  
	</GameDBLocalizedString>
	
	<GameDBLocalizedString>      
		<LocID>DIA_KN_EPI_ORCH</LocID>                               
		<Text>Orchitis</Text>  
	</GameDBLocalizedString>
            
	<GameDBLocalizedString>      
		<LocID>DIA_KN_EPI_ORCH_DESC</LocID>                   
		<Text>Unter Orchitis versteht man eine Hodenentzündung die häufig mit einer Nebenhodenentzündung einher geht. Sie tritt meistens durch Infektion ein, z.B Mumps, Chlamydien, Sexuelle weitergabe</Text>  
	</GameDBLocalizedString>
	
	<GameDBLocalizedString>      
		<LocID>DIA_KN_SM_TSTM_1</LocID>                               
		<Text>Seminomer Hodenkarzinom: Stadium I </Text>  
	</GameDBLocalizedString>
            
	<GameDBLocalizedString>      
		<LocID>DIA_KN_SM_TSTM_1_DESC</LocID>                   
		<Text>Ein Hodenkarzinom ist eine bösartige Neubildung von Zellen im Hoden. Alter meist zwischen dem 20. und 45. Lebensjahr. Nur Sperma bildende Zellen betreffend.</Text>  
	</GameDBLocalizedString>
	
	<GameDBLocalizedString>      
		<LocID>DIA_KN_SM_TSTM_2</LocID>                               
		<Text>Seminomer Hodenkarzinom: Stadium II</Text>  
	</GameDBLocalizedString>
            
	<GameDBLocalizedString>      
		<LocID>DIA_KN_SM_TSTM_2_DESC</LocID>                   
		<Text>Ein Hodenkarzinom ist eine bösartige Neubildung von Zellen im Hoden. Alter meist zwischen dem 20. und 45. Lebensjahr. Nur Sperma bildende Zellen betreffend.</Text>  
	</GameDBLocalizedString>
	
	<GameDBLocalizedString>      
		<LocID>DIA_KN_SM_TSTM_3</LocID>                               
		<Text>Seminomer Hodenkarzinom: Stadium III</Text>  
	</GameDBLocalizedString>
            
	<GameDBLocalizedString>      
		<LocID>DIA_KN_SM_TSTM_3_DESC</LocID>                   
		<Text>Ein Hodenkarzinom ist eine bösartige Neubildung von Zellen im Hoden. Alter meist zwischen dem 20. und 45. Lebensjahr. Nur Sperma bildende Zellen betreffend.</Text>  
	</GameDBLocalizedString>

	<GameDBLocalizedString>      
		<LocID>DIA_KN_SM_TSTM_4</LocID>                               
		<Text>Seminomer Hodenkarzinom: Stadium IV</Text>  
	</GameDBLocalizedString>
            
	<GameDBLocalizedString>      
		<LocID>DIA_KN_SM_TSTM_4_DESC</LocID>                   
		<Text>Ein Hodenkarzinom ist eine bösartige Neubildung von Zellen im Hoden. Alter meist zwischen dem 20. und 45. Lebensjahr. Nur Sperma bildende Zellen betreffend.</Text>  
	</GameDBLocalizedString>
	
	
	<GameDBLocalizedString>      
		<LocID>DIA_KN_NSM_TSTM_1</LocID>                               
		<Text>Nicht-Seminomer Hodenkarzinom: Stadium I </Text>  
	</GameDBLocalizedString>
            
	<GameDBLocalizedString>      
		<LocID>DIA_KN_NSM_TSTM_1_DESC</LocID>                   
		<Text>Ein Hodenkarzinom ist eine bösartige Neubildung von Zellen im Hoden. Alter meist zwischen dem 20. und 45. Lebensjahr. Nicht Sperma bildende Zellen betreffend.</Text>  
	</GameDBLocalizedString>
	
	<GameDBLocalizedString>      
		<LocID>DIA_KN_NSM_TSTM_2</LocID>                               
		<Text>Nicht-Seminomer Hodenkarzinom: Stadium II</Text>  
	</GameDBLocalizedString>
            
	<GameDBLocalizedString>      
		<LocID>DIA_KN_NSM_TSTM_2_DESC</LocID>                   
		<Text>Ein Hodenkarzinom ist eine bösartige Neubildung von Zellen im Hoden. Alter meist zwischen dem 20. und 45. Lebensjahr. Nicht Sperma bildende Zellen betreffend.</Text>  
	</GameDBLocalizedString>
	
	<GameDBLocalizedString>      
		<LocID>DIA_KN_NSM_TSTM_3</LocID>                               
		<Text>Ein Hodenkarzinom ist eine bösartige Neubildung von Zellen im Hoden. Alter meist zwischen dem 20. und 45. Lebensjahr. Nicht Sperma bildende Zellen betreffend.</Text>  
	</GameDBLocalizedString>
            
	<GameDBLocalizedString>      
		<LocID>DIA_KN_NSM_TSTM_3_DESC</LocID>                   
		<Text>Ein Hodenkarzinom ist eine bösartige Neubildung von Zellen im Hoden. Alter meist zwischen dem 20. und 45. Lebensjahr. Nicht Sperma bildende Zellen betreffend.</Text>  
	</GameDBLocalizedString>

	<GameDBLocalizedString>      
		<LocID>DIA_KN_NSM_TSTM_4</LocID>                               
		<Text>Nicht-Seminomer Hodenkarzinom: Stadium  IV</Text>  
	</GameDBLocalizedString>
            
	<GameDBLocalizedString>      
		<LocID>DIA_KN_NSM_TSTM_4_DESC</LocID>                   
		<Text>Ein Hodenkarzinom ist eine bösartige Neubildung von Zellen im Hoden. Alter meist zwischen dem 20. und 45. Lebensjahr. Nicht Sperma bildende Zellen betreffend.</Text>  
	</GameDBLocalizedString>
	
	<GameDBLocalizedString>      
		<LocID>DIA_KN_BPH_1</LocID>                               
		<Text>Gutartige Prostatahyperplasie</Text>  
	</GameDBLocalizedString>
            
	<GameDBLocalizedString>      
		<LocID>DIA_KN_BPH_1_DESC</LocID>                   
		<Text>Die benigne Prostatahyperplasie (BPH), ist eine mit Vergrößerung der Prostata, die überwiegend ältere Männer betrifft.</Text>  
	</GameDBLocalizedString>
	
	<GameDBLocalizedString>      
		<LocID>DIA_KN_BPH_2</LocID>                               
		<Text>Gutartige Prostatahyperplasie</Text>  
	</GameDBLocalizedString>
            
	<GameDBLocalizedString>      
		<LocID>DIA_KN_BPH_2_DESC</LocID>                   
		<Text>Die benigne Prostatahyperplasie (BPH), ist eine mit Vergrößerung der Prostata, die überwiegend ältere Männer betrifft.</Text>  
	</GameDBLocalizedString>
	
	<GameDBLocalizedString>      
		<LocID>DIA_KNUR_ARF</LocID>                               
		<Text>akutes Nierenversagen -10%</Text>  
	</GameDBLocalizedString>
	
	<GameDBLocalizedString>      
		<LocID>DIA_KNUR_ARF_DESC</LocID>                               
		<Text>Als akutes Nierenversagen (ANV), wird eine Form der Niereninsuffizienz bezeichnet, die sich durch eine schnelle Abnahme der Nierenfunktion durch Schädigung auszeichnet.</Text>  
	</GameDBLocalizedString>
	
	<GameDBLocalizedString>      
		<LocID>DIA_KN_WDIA</LocID>                               
		<Text>Wöchentlicher Dialyse-Termin</Text>  
	</GameDBLocalizedString>
	
	<GameDBLocalizedString>      
		<LocID>DIA_KN_WDIA_DESC</LocID>                               
		<Text>Der Patient hat ein chronisches Nierenversagen und muss alle 2-3 Tage zur Dialyse kommen.</Text>  
	</GameDBLocalizedString>
	
	<GameDBLocalizedString>      
		<LocID>DIA_KN_COU</LocID>                         
		<Text>Nephrolithiasis</Text> 
	</GameDBLocalizedString>
            
	<GameDBLocalizedString>    
		<LocID>DIA_KN_COU_DESCRIPTION</LocID>         
		<Text>Unter einer Nephrolithiasis versteht man das Auftreten von Konkrementen (Steinen) in den Nieren. Die Nephrolithiasis ist eine Form der Urolithiasis.</Text> 
	</GameDBLocalizedString>
	
	<GameDBLocalizedString>  
		<LocID>DIA_KN_CIB</LocID>                      
		<Text>Blasenstein</Text> 
	</GameDBLocalizedString>
	
	<GameDBLocalizedString>      
		<LocID>DIA_KN_CIB_DESCRIPTION</LocID>             
		<Text>Ein Blasenstein ist ein Harnstein, der in der Harnblase lokalisiert ist.Können asymptomatisch sein, meist aber dysurie.</Text>  
	</GameDBLocalizedString>
	
	<GameDBLocalizedString>      
		<LocID>DIA_KN_ACS</LocID>                    
		<Text>Harnwegsinfekt</Text> 
	</GameDBLocalizedString>
           
	<GameDBLocalizedString>     
		<LocID>DIA_KN_ACS_DESCRIPTION</LocID>          
		<Text>Ein Harnwegsinfekt (HWI), ist eine durch Krankheitserreger verursachte Infektion der ableitenden Harnwege. Meist durch E. Coli bakterien.</Text>  
	</GameDBLocalizedString>
	
	<GameDBLocalizedString>     
		<LocID>DIA_KN_INC</LocID>                        
		<Text>Interstitielle Zystitis</Text> 
	</GameDBLocalizedString>
            
	<GameDBLocalizedString>     
		<LocID>DIA_KN_INC_DESCRIPTION</LocID>         
		<Text>Die interstitielle Zystitis ist eine chronische Entzündung der Harnblasenwand. Frauen sind öffters betroffen.</Text> 
	</GameDBLocalizedString>
	
	<GameDBLocalizedString>     
		<LocID>DIA_KN_ANS</LocID>                     
		<Text>Glomerulonephritis</Text>  
	</GameDBLocalizedString>
	
	<GameDBLocalizedString>     
		<LocID>DIA_KN_TIN</LocID>                    
		<Text>Die Glomerulonephritis ist die Entzündung des Glumerulons in der Niere welche den Harn filtert. Ist die häufigsten Ursachen für die Entwicklung einer terminalen Niereninsuffizienz.</Text>  
	</GameDBLocalizedString>
	
	<GameDBLocalizedString>      
		<LocID>DIA_KN_PNS</LocID>                        
		<Text>Pyelonephritis</Text>  
	</GameDBLocalizedString>
	
	<GameDBLocalizedString>      
		<LocID>DIA_KN_ARF</LocID>                        
		<Text>akutes Nierenversagen</Text>  
	</GameDBLocalizedString>
	
	<GameDBLocalizedString>      
		<LocID>DIA_KN_CKD</LocID>                        
		<Text>Chronisches Nierenversagen</Text> 
	</GameDBLocalizedString>
	
	<GameDBLocalizedString>     
		<LocID>DIA_KN_COK</LocID>                     
		<Text>Nierensteine</Text> 
	</GameDBLocalizedString>
	
	<GameDBLocalizedString>     
		<LocID>DIA_KN_047</LocID>          
        <Text>HUS</Text>	
	</GameDBLocalizedString>
	
	<GameDBLocalizedString>     
		<LocID>TRM_KN_KCB</LocID>          
        <Text>Nierenquetschung</Text>	 
	</GameDBLocalizedString>
	
	<GameDBLocalizedString>     
		<LocID>DIA_KN_STER_WISH</LocID>                     
		<Text>wunsch nach Sterilisation</Text> 
	</GameDBLocalizedString>
	
	<GameDBLocalizedString>     
		<LocID>DIA_KN_STER_WISH_DESC</LocID>          
        <Text>Der wunsch nach Sterilisation ist eine Art der Verhütung. Männer werden "Unfruchtbar".</Text>	
	</GameDBLocalizedString>
	
	<GameDBLocalizedString>     
		<LocID>DIA_KN_FOURGANG</LocID>                     
		<Text>Fournier gangrene</Text> 
	</GameDBLocalizedString>
	
	<GameDBLocalizedString>     
		<LocID>DIA_KN_FOURGANG_DESC</LocID>          
        <Text>Bei der Fournier-Gangrän handelt es sich um eine nekrotisierende Entzündung des Genitales und/oder Perineums, die potentiell lebensbedrohend ist. Häufig systemisch z.B. mit Diabetes mellitus oder Leberzirrhose.</Text>	
	</GameDBLocalizedString>

	</LocalizedStrings>
	</GameDBStringTable>
</Database>

