<Database>

<GameDBStringTable ID="LOC_PTBR_ADDON_UR_BUILDING_MODE">
<LanguageCode>ptbr</LanguageCode>
<LanguageNameLocalized>Português do Brasil</LanguageNameLocalized>
<Contributors>
<Name>GuerPlatin</Name>
</Contributors>

<LocalizedStrings>
	<GameDBLocalizedString>      
		<LocID>OBJECT_DECAL_MOD_UR</LocID>       			
		<Text>Urologia</Text>  
	</GameDBLocalizedString>
			
    <GameDBLocalizedString>      
		<LocID>OBJECT_DECAL_MOD_DESC</LocID>       
		<Text>Adesivo de Parede</Text>  
	</GameDBLocalizedString>
	
	<GameDBLocalizedString>      
		<LocID>ROOM_TYPE_UR_OFFICE</LocID>                          	
		<Text>Serviço de Urologia</Text>   
	</GameDBLocalizedString>
	<GameDBLocalizedString>      
		<LocID>ROOM_TYPE_UR_OFFICE_DESC</LocID>              	
		<Text>Consultório médico especializado em urologia. Requesitos de pessoal:\n1x Médico</Text>  
	</GameDBLocalizedString>

	<GameDBLocalizedString>      
		<LocID>ROOM_TYPE_NF_OFFICE</LocID>                          	
		<Text>Serviço de Nefrologia</Text>   
	</GameDBLocalizedString>
	<GameDBLocalizedString>      
		<LocID>ROOM_TYPE_NF_OFFICE_DESC</LocID>              	
		<Text>Um consultório médico especializado em nefrologia. Requesitos de pessoal:\n1x Médico</Text>  
	</GameDBLocalizedString>
	
	<GameDBLocalizedString>      
		<LocID>ROOM_TYPE_DIA_WARD</LocID>                          	
		<Text>Ala de Diálise</Text>   
	</GameDBLocalizedString>
	<GameDBLocalizedString>      
		<LocID>ROOM_TYPE_DIA_WARD_DESC</LocID>              	
		<Text>Unidade de diálise para pacientes em urologia que necessitam de diálise. \n\nMin. Requesitos de pessoal: \n1x Médico \n1x Enfermeiro(a) \n(Pessoal com sala de plantão e posto de enfermagem)</Text>  
	</GameDBLocalizedString>
	
</LocalizedStrings>
</GameDBStringTable>
</Database>