<Database>
	
	<GameDBStringTable ID="LOC_ES_ADDON_URKN_SYMPTOMS">
	<LanguageCode>es</LanguageCode>
	<LanguageNameLocalized>Español</LanguageNameLocalized>
	<Contributors>
	<Name>Srmojon</Name>
	</Contributors>
	

	<LocalizedStrings>
	
	<GameDBLocalizedString>      
		<LocID>SYM_KN_SWOLLENTESTIS_WP</LocID>                               
		<Text>Testículo hinchado y doloroso</Text>  
	</GameDBLocalizedString>
            
	<GameDBLocalizedString>      
		<LocID>SYM_KN_SWOLLENTESTIS_WP_DESC</LocID>                   
		<Text>El testículo de un lado está hinchado y doloroso.</Text>  
	</GameDBLocalizedString>	
	
	<GameDBLocalizedString>      
		<LocID>SYM_KN_SWOLLENTESTIS_WPT</LocID>                               
		<Text>Testículo hinchado</Text>  
	</GameDBLocalizedString>
            
	<GameDBLocalizedString>      
		<LocID>SYM_KN_SWOLLENTESTIS_WPT_DESC</LocID>                   
		<Text>El testículo de un lado está hinchado, pero no duele</Text>  
	</GameDBLocalizedString>
	
	<GameDBLocalizedString>      
		<LocID>SYM_KN_TESTISBlOODFLOW</LocID>                               
		<Text>Falta de flujo sanguíneo al testículo.</Text>  
	</GameDBLocalizedString>
            
	<GameDBLocalizedString>      
		<LocID>SYM_KN_TESTISBlOODFLOW_DESC</LocID>                   
		<Text>Falta de flujo sanguíneo al testículo.</Text>  
	</GameDBLocalizedString>
	
	<GameDBLocalizedString>      
		<LocID>SYM_KN_SWOLLENTESTIS</LocID>                               
		<Text>Testículo hinchado</Text>  
	</GameDBLocalizedString>
            
	<GameDBLocalizedString>      
		<LocID>SYM_KN_SWOLLENTESTIS_DESC</LocID>                   
		<Text>El testículo está hinchado</Text>  
	</GameDBLocalizedString>
	
	<GameDBLocalizedString>      
		<LocID>SYM_KN_TESTICULARINFARCTION</LocID>                               
		<Text>Infarto Testicular</Text>  
	</GameDBLocalizedString>
            
	<GameDBLocalizedString>      
		<LocID>SYM_KN_TESTICULARINFARCTION_DESC</LocID>                   
		<Text>El daño testicular ocurre como consecuencia de la disminución del flujo sanguíneo y, por lo tanto, de la disminución del suministro de oxígeno y nutrientes al testículo. Si el testículo no es viable durante la exploración quirúrgica, debe extirparse para evitar una mayor necrosis o la muerte del tejido.</Text>  
	</GameDBLocalizedString>
	
	<GameDBLocalizedString>      
		<LocID>SYM_KN_HIGHRIDINGTESTIS</LocID>                               
		<Text>Testículo elevado</Text>  
	</GameDBLocalizedString>
            
	<GameDBLocalizedString>      
		<LocID>SYM_KN_HIGHRIDINGTESTIS_DESC</LocID>                   
		<Text>El testículo parece estar más alto de lo normal en el escroto.</Text>  
	</GameDBLocalizedString>
	
	<GameDBLocalizedString>      
		<LocID>SYM_KN_ABNORMALLIETESTIS</LocID>                               
		<Text>Testículo anormal</Text>  
	</GameDBLocalizedString>
            
	<GameDBLocalizedString>      
		<LocID>SYM_KN_ABNORMALLIETESTIS_DESC</LocID>                   
		<Text>El testículo parece estar en una posición anormal.</Text>  
	</GameDBLocalizedString>
	
	<GameDBLocalizedString>      
		<LocID>SYM_KN_SWOLLENSCROTUM</LocID>                               
		<Text>Escroto hinchado</Text>  
	</GameDBLocalizedString>
            
	<GameDBLocalizedString>      
		<LocID>SYM_KN_SWOLLENSCROTUM_DESC</LocID>                   
		<Text>El escroto está hinchado.</Text>  
	</GameDBLocalizedString>
	
	<GameDBLocalizedString>      
		<LocID>SYM_KN_SUDDENPAINSCROTUM</LocID>                               
		<Text>Dolor repentino en el escroto.</Text>  
	</GameDBLocalizedString>
            
	<GameDBLocalizedString>      
		<LocID>SYM_KN_SUDDENPAINSCROTUM_DESC</LocID>                   
		<Text>El paciente experimentó un dolor repentino en el escroto.</Text>  
	</GameDBLocalizedString>
	
	<GameDBLocalizedString>      
		<LocID>SYM_KN_ABCREMASCTICREFLEX</LocID>                               
		<Text>Ausencia del reflejo cremastérico</Text>  
	</GameDBLocalizedString>
            
	<GameDBLocalizedString>      
		<LocID>SYM_KN_ABCREMASCTICREFLEX_DESC</LocID>                   
		<Text>El reflejo cremastérico puede estar ausente con la torsión testicular, en los trastornos de las neuronas motoras superiores e inferiores así como una lesión de la columna L1-L2. También puede ocurrir si el nervio ilioinguinal se ha cortado accidentalmente durante la reparación de una hernia.</Text>  
	</GameDBLocalizedString>
	
	<GameDBLocalizedString>      
		<LocID>SYM_KN_CREMASCTICREFLEX</LocID>                               
		<Text>El reflejo cremastérico sigue presente</Text>  
	</GameDBLocalizedString>
            
	<GameDBLocalizedString>      
		<LocID>SYM_KN_CREMASCTICREFLEX_DESC</LocID>                   
		<Text>Este reflejo se desencadena acariciando o pinchando ligeramente la parte interna superior y medial del muslo, independientemente de la dirección del golpe. La respuesta normal es una contracción inmediata del músculo cremaster que tira del testículo ipsilateralmente del mismo lado del cuerpo.</Text>  
	</GameDBLocalizedString>
	
	<GameDBLocalizedString>      
		<LocID>SYM_KN_LUMPTS</LocID>                               
		<Text>Un bulto o masa dentro del testículo</Text>  
	</GameDBLocalizedString>
            
	<GameDBLocalizedString>      
		<LocID>SYM_KN_LUMPTS_DESC</LocID>                   
		<Text>Se ha notado un bulto o masa dentro del testículo durante el examen físico.</Text>  
	</GameDBLocalizedString>
	
	<GameDBLocalizedString>      
		<LocID>SYM_KN_HARD_TESTIS</LocID>                               
		<Text>Testículo endurecido</Text>  
	</GameDBLocalizedString>
            
	<GameDBLocalizedString>      
		<LocID>SYM_KN_HARD_TESTIS_DESC</LocID>                   
		<Text>El testículo es más duro de lo normal.</Text>  
	</GameDBLocalizedString>
	
	<GameDBLocalizedString>      
		<LocID>SYM_KN_ALFAPRO</LocID>                               
		<Text>Prueba de marcador tumoral AFP</Text>  
	</GameDBLocalizedString>
	
	<GameDBLocalizedString>      
		<LocID>SYM_KN_ALFAPRO_DESC</LocID>                               
		<Text>Se ha detectado alfafetoproteína en la sangre.</Text>  
	</GameDBLocalizedString>
	
	<GameDBLocalizedString>      
		<LocID>SYM_KN_BETAHCG</LocID>                               
		<Text>Prueba de marcador tumoral Beta-hCG</Text>  
	</GameDBLocalizedString>
	
	<GameDBLocalizedString>      
		<LocID>SYM_KN_BETAHCG_DESC</LocID>                               
		<Text>Se ha detectado Beta-hCG en la sangre.</Text>  
	</GameDBLocalizedString>
	
	<GameDBLocalizedString>      
		<LocID>SYM_KN_HVSC</LocID>                               
		<Text>Pesadez en el escroto.</Text>  
	</GameDBLocalizedString>
	
	<GameDBLocalizedString>      
		<LocID>SYM_KN_HVSC_DESC</LocID>                               
		<Text>Una sensación que a menudo se describe como "pesadez" en el escroto.</Text>  
	</GameDBLocalizedString>
	
	<GameDBLocalizedString>      
		<LocID>SYM_KN_TSTM</LocID>                               
		<Text>El cáncer de testículo se detecta mediante ecografía</Text>  
	</GameDBLocalizedString>
	
	<GameDBLocalizedString>      
		<LocID>SYM_KN_TSTM_DESC</LocID>                               
		<Text>El cáncer de testículo se detecta mediante ecografía. El diagnóstico diferencial del cáncer de testículo requiere examinar la histología del tejido obtenido de una orquiectomía inguinal. No se debe realizar una biopsia, ya que aumenta el riesgo de propagación de células cancerosas al escroto.</Text>  
	</GameDBLocalizedString>
		
	<GameDBLocalizedString>      
		<LocID>SYM_KN_SM_TSTM_1</LocID>                               
		<Text>Cáncer Seminoma Testicular</Text>  
	</GameDBLocalizedString>
	
	<GameDBLocalizedString>      
		<LocID>SYM_KN_SM_TSTM_1_DESC</LocID>                               
		<Text>Después de que se realizó la orquiectomía, se ha diferenciado el tipo de cáncer. Seminoma significa que es solo un tipo de célula cancerosa.</Text>  
	</GameDBLocalizedString>
	
	<GameDBLocalizedString>      
		<LocID>SYM_KN_SM_TSTM_2</LocID>                               
		<Text>Cáncer Seminoma Testicular</Text>  
	</GameDBLocalizedString>
	
	<GameDBLocalizedString>      
		<LocID>SYM_KN_SM_TSTM_2_DESC</LocID>                               
		<Text>Después de que se realizó la orquiectomía, se ha diferenciado el tipo de cáncer. Seminoma significa que es solo un tipo de célula cancerosa.</Text>  
	</GameDBLocalizedString>
	
	<GameDBLocalizedString>      
		<LocID>SYM_KN_SM_TSTM_3</LocID>                               
		<Text>Cáncer Seminoma Testicular</Text>  
	</GameDBLocalizedString>
	
	<GameDBLocalizedString>      
		<LocID>SYM_KN_SM_TSTM_3_DESC</LocID>                               
		<Text>Después de que se realizó la orquiectomía, se ha diferenciado el tipo de cáncer. Seminoma significa que es solo un tipo de célula cancerosa.</Text>  
	</GameDBLocalizedString>
	
	<GameDBLocalizedString>      
		<LocID>SYM_KN_SM_TSTM_4</LocID>                               
		<Text>Cáncer Seminoma Testicular</Text>  
	</GameDBLocalizedString>
	
	<GameDBLocalizedString>      
		<LocID>SYM_KN_SM_TSTM_4_DESC</LocID>                               
		<Text>Después de que se realizó la orquiectomía, se ha diferenciado el tipo de cáncer. Seminoma significa que es solo un tipo de célula cancerosa.</Text>  
	</GameDBLocalizedString>


	<GameDBLocalizedString>      
		<LocID>SYM_KN_NSM_TSTM_1</LocID>                               
		<Text>Cáncer No Seminoma Testicular</Text>  
	</GameDBLocalizedString>
	
	<GameDBLocalizedString>      
		<LocID>SYM_KN_NSM_TSTM_1_DESC</LocID>                               
		<Text>Después de que se realizó la orquiectomía, se ha diferenciado el tipo de cáncer. No seminoma significa que es más de un tipo de célula cancerosa.</Text>  
	</GameDBLocalizedString>
	
	<GameDBLocalizedString>      
		<LocID>SYM_KN_NSM_TSTM_2</LocID>                               
		<Text>Cáncer No Seminoma Testicular</Text>  
	</GameDBLocalizedString>
	
	<GameDBLocalizedString>      
		<LocID>SYM_KN_NSM_TSTM_2_DESC</LocID>                               
		<Text>Después de que se realizó la orquiectomía, se ha diferenciado el tipo de cáncer. No seminoma significa que es más de un tipo de célula cancerosa.</Text>  
	</GameDBLocalizedString>
	
	<GameDBLocalizedString>      
		<LocID>SYM_KN_NSM_TSTM_3</LocID>                               
		<Text>Cáncer No Seminoma Testicular</Text>  
	</GameDBLocalizedString>
	
	<GameDBLocalizedString>      
		<LocID>SYM_KN_NSM_TSTM_3_DESC</LocID>                               
		<Text>Después de que se realizó la orquiectomía, se ha diferenciado el tipo de cáncer. No seminoma significa que es más de un tipo de célula cancerosa.</Text>  
	</GameDBLocalizedString>
	
	<GameDBLocalizedString>      
		<LocID>SYM_KN_NSM_TSTM_4</LocID>                               
		<Text>Cáncer No Seminoma Testicular</Text>  
	</GameDBLocalizedString>
	
	<GameDBLocalizedString>      
		<LocID>SYM_KN_NSM_TSTM_4_DESC</LocID>                               
		<Text>Después de que se realizó la orquiectomía, se ha diferenciado el tipo de cáncer. No seminoma significa que es más de un tipo de célula cancerosa.</Text>  
	</GameDBLocalizedString>
	
	<GameDBLocalizedString>      
		<LocID>SYM_KN_ENLSM_PRO_1</LocID>                               
		<Text>Glándula prostática agrandada simétrica y lisa.</Text>  
	</GameDBLocalizedString>
	
	<GameDBLocalizedString>      
		<LocID>SYM_KN_ENLSM_PRO_1_DESC</LocID>                               
		<Text>Un agrandamiento de la próstata revelada en el tacto rectal respalda el diagnóstico de HPB.</Text>  
	</GameDBLocalizedString>
	
	<GameDBLocalizedString>      
		<LocID>SYM_KN_BPH_DETC_1</LocID>                               
		<Text>Hiperplasia Prostática Benigna</Text>  
	</GameDBLocalizedString>
	
	<GameDBLocalizedString>      
		<LocID>SYM_KN_BPH_DETC_1_DESC</LocID>                               
		<Text>Se detectó hiperplasia prostática benigna mediante una biopsia.</Text>  
	</GameDBLocalizedString>
	
	<GameDBLocalizedString>      
		<LocID>SYM_KN_DHT</LocID>                               
		<Text>Niveles altos de Dihidrotestosterona</Text>  
	</GameDBLocalizedString>
	
	<GameDBLocalizedString>      
		<LocID>SYM_KN_DHT_DESC</LocID>                               
		<Text>Se detectaron altos niveles de dihidrotestosterona en la sangre.</Text>  
	</GameDBLocalizedString>
	
	<GameDBLocalizedString>      
		<LocID>SYM_KN_ENLSM_PRO_2</LocID>                               
		<Text>Glándula prostática agrandada simétrica y lisa.</Text>  
	</GameDBLocalizedString>
	
	<GameDBLocalizedString>      
		<LocID>SYM_KN_ENLSM_PRO_2_DESC</LocID>                               
		<Text>Un agrandamiento de la próstata revelada en el tacto rectal respalda el diagnóstico de HPB.</Text>  
	</GameDBLocalizedString>
	
	<GameDBLocalizedString>      
		<LocID>SYM_KN_BPH_DETC_2</LocID>                               
		<Text>Hiperplasia Prostática Benigna</Text>  
	</GameDBLocalizedString>
	
	<GameDBLocalizedString>       
		<LocID>SYM_KN_BPH_DETC_2_DESC</LocID>                               
		<Text>Se detectó hiperplasia prostática benigna mediante una biopsia. Sin embargo, el agrandamiento de la próstata no reaccionó a los bloqueadores α-1, por lo que es necesaria una cirugía mínimamente invasiva.</Text>  
	</GameDBLocalizedString>
	
	<GameDBLocalizedString>      
		<LocID>SYM_KN_RETRO_EJAC</LocID>                               
		<Text>Eyaculación Retrógrada</Text>  
	</GameDBLocalizedString>
	
	<GameDBLocalizedString>      
		<LocID>SYM_KN_RETRO_EJAC_DESC</LocID>                               
		<Text>La eyaculación retrógrada ocurre cuando el semen que sería eyaculado a través de la uretra se redirige a la vejiga urinaria. Normalmente, el esfínter de la vejiga se contrae antes de la eyaculación, sellando la vejiga que, además de inhibir la liberación de orina, también previene el reflujo de los fluidos seminales hacia la vejiga masculina durante la eyaculación. Cuando el esfínter de la vejiga no funciona correctamente, puede ocurrir la eyaculación retrógrada.</Text>  
	</GameDBLocalizedString>
	
	<GameDBLocalizedString>      
		<LocID>SYM_KN_EREC_DYS</LocID>                               
		<Text>Disfunción eréctil</Text>  
	</GameDBLocalizedString>
	
	<GameDBLocalizedString>      
		<LocID>SYM_KN_EREC_DYS_DESC</LocID>                               
		<Text>Disfunción eréctil</Text>  
	</GameDBLocalizedString> 
	
	<GameDBLocalizedString>      
		<LocID>SYM_KN_URIN_INCO</LocID>                               
		<Text>Incontinencia urinaria</Text>  
	</GameDBLocalizedString>
	
	<GameDBLocalizedString>      
		<LocID>SYM_KN_URIN_INCO_DESC</LocID>                               
		<Text>La incontinencia urinaria, también conocida como micción involuntaria, es cualquier pérdida incontrolada de orina.</Text>  
	</GameDBLocalizedString> 
	
	<GameDBLocalizedString>      
		<LocID>SYM_KN_SWOLLENEPIDIDYMIS</LocID>                               
		<Text>Epidídimo hinchado y sensible</Text>  
	</GameDBLocalizedString>
	
	<GameDBLocalizedString>      
		<LocID>SYM_KN_SWOLLENEPIDIDYMIS_DESC</LocID>                               
		<Text>El epidídimo, el tubo que conecta un testículo a un conducto deferente en el sistema reproductor masculino, está hinchado y sensible al tacto.</Text>  
	</GameDBLocalizedString> 
	
	<GameDBLocalizedString>      
		<LocID>SYM_KN_EPI_DETC</LocID>                               
		<Text>Epididimitis detectada</Text>  
	</GameDBLocalizedString>
	
	<GameDBLocalizedString>      
		<LocID>SYM_KN_EPI_DETC_DESC</LocID>                               
		<Text>Epididimitis detectada</Text>  
	</GameDBLocalizedString> 
	
	<GameDBLocalizedString>      
		<LocID>SYM_KN_INGUINAL_LYMPH_NODES</LocID>                               
		<Text>Ganglios linfáticos inguinales</Text>  
	</GameDBLocalizedString>
	
	<GameDBLocalizedString>      
		<LocID>SYM_KN_PENIS_DISCHARGE</LocID>                               
		<Text>Secreción del pene</Text>  
	</GameDBLocalizedString>
	
	<GameDBLocalizedString>      
		<LocID>SYM_KN_PENIS_DISCHARGE_DESC</LocID>                               
		<Text>Secreción del pene</Text>  
	</GameDBLocalizedString> 
	
	<GameDBLocalizedString>      
		<LocID>SYM_KN_EPI_ORCH_DETC</LocID>                               
		<Text>Se detecta orquitis por epididimitis</Text>  
	</GameDBLocalizedString>
	
	<GameDBLocalizedString>      
		<LocID>SYM_KN_EPI_ORCH_DETC_DESC</LocID>                               
		<Text>Se detecta orquitis por epididimitis</Text>  
	</GameDBLocalizedString> 
	
	<GameDBLocalizedString>      
		<LocID>SYM_KIDNEY_TISSUE_BADLY_DAMAGED</LocID>                               
		<Text>El riñón está muy dañado</Text>  
	</GameDBLocalizedString>
	
	<GameDBLocalizedString>      
		<LocID>SYM_KIDNEY_TISSUE_BADLY_DAMAGED_DESC</LocID>                               
		<Text>El riñón está muy dañado</Text>  
	</GameDBLocalizedString>

	<GameDBLocalizedString>      
		<LocID>SYM_KN_IMMUN_REACT</LocID>                               
		<Text>El sistema inmunológico reacciona al nuevo órgano.</Text>  
	</GameDBLocalizedString>
	
	<GameDBLocalizedString>      
		<LocID>SYM_KN_IMMUN_REACT_DESC</LocID>                               
		<Text>El sistema inmunológico reacciona al nuevo órgano.</Text>  
	</GameDBLocalizedString> 	
	
	<GameDBLocalizedString>      
		<LocID>SYM_KN_ACUTE_ORG_REJEC</LocID>                               
		<Text>El cuerpo está rechazando el nuevo órgano.</Text>  
	</GameDBLocalizedString>
	
	<GameDBLocalizedString>      
		<LocID>SYM_KN_ACUTE_ORG_REJEC_DESC</LocID>                               
		<Text>El cuerpo está rechazando el nuevo órgano. Si no se actúa, el rechazo será fatal.</Text>  
	</GameDBLocalizedString> 
	
	<GameDBLocalizedString>      
		<LocID>SYM_WEEKLY_DIALYSIS</LocID>                               
		<Text>Programa de diálisis semanal</Text>  
	</GameDBLocalizedString>
	
	<GameDBLocalizedString>      
		<LocID>SYM_WEEKLY_DIALYSIS_DESC</LocID>                               
		<Text>Programa de diálisis semanal</Text>  
	</GameDBLocalizedString> 
		
	</LocalizedStrings>
	</GameDBStringTable>	
</Database>