<Database>
    <GameDBStringTable ID="LOC_KR_ADDON_URKN_EXAMINATIONS">
        <LanguageCode>kr</LanguageCode>
        <LanguageNameLocalized>한국어</LanguageNameLocalized>
        <Contributors>
        <Name>LimeCake</Name>
        </Contributors>

        <LocalizedStrings>     

            <GameDBLocalizedString> 
				<LocID>EXM_KN_INORCHIECTOMY</LocID>                                      
				<Text>서혜부 고환 적출술</Text>  
			</GameDBLocalizedString>
			
			<GameDBLocalizedString>      
				<LocID>EXM_KN_INORCHIECTOMY_DESC</LocID>                                      
				<Text>서혜부 고환적출술은 하측 복부의 절개를 통해 하나 또는 둘 다의 고환과 정자 전체를 수술로 제거하는 방법입니다.</Text>  
			</GameDBLocalizedString>
			
			<GameDBLocalizedString>  
				<LocID>EXM_KN_INORCHIECTOMY_TEST</LocID>                                      
				<Text>서혜부 적출 고환 시험</Text>  
			</GameDBLocalizedString>
			
			<GameDBLocalizedString>      
				<LocID>EXM_KN_INORCHIECTOMY_TEST_DESC</LocID>                                      
				<Text>서혜부 고환 적출을 통하여 적출된 고환을 시험합니다.</Text>  
			</GameDBLocalizedString>
			
			<GameDBLocalizedString> 
				<LocID>EXM_KN_TESTIS_PALP</LocID>                                      
				<Text>고환 촉진</Text>  
			</GameDBLocalizedString>
			
			<GameDBLocalizedString>      
				<LocID>EXM_KN_TESTIS_PALP_DESC</LocID>                                      
				<Text>고환을 촉진함으로서 음낭과 음낭 내용물의 존재, 크기, 위치, 모양을 확인할 수 있을 것입니다.</Text>  
			</GameDBLocalizedString>
			
			
		</LocalizedStrings>
	</GameDBStringTable>
</Database>