<Database>

	<GameDBTreatment ID="TRT_SHOCK_WAVE_LITHOTRIPSY">
        <AbbreviationLocID>TRT_SHOCK_WAVE_LITHOTRIPSY_DESCRIPTION</AbbreviationLocID>
        <DiscomfortLevel>Medium</DiscomfortLevel><!--TODO for test only-->
        <Procedure>
            <StaffSelectionRules>REQUIRED_ROOM_OR_DEFAULT_ROOM</StaffSelectionRules>

            <RequiredSkillsToPrescribe>
                <SkillRef>SKILL_DOC_SPEC_GENERAL_SURGERY</SkillRef>
				<SkillRef>SKILL_DOC_SPEC_UR</SkillRef>
            </RequiredSkillsToPrescribe>

            <RequiredStatLabQualificationRef>SKILL_LAB_SPECIALIST_SPEC_USG</RequiredStatLabQualificationRef>

            <RequiredEquipmentList>
                <RequiredEquipment>
                    <Tag>sit_exam</Tag>
                </RequiredEquipment>
                <RequiredEquipment>
                    <Tag>shockwave</Tag>
                </RequiredEquipment>
            </RequiredEquipmentList>

            <!--RequiredRoomTypeList>
                <RequiredRoomTypeRef>ROOM_TYPE_DIAGNOSTIC_SONOGRAPHY_UNIT_GS</RequiredRoomTypeRef>
            </RequiredRoomTypeList-->
            <RequiredRoomTags>
                <Tag>gs_sonography_unit</Tag>
                <Tag>sonography_unit</Tag>
            </RequiredRoomTags>

            <ProcedureScript>ProcedureScriptTreatmentProcedure</ProcedureScript>

            <AnimationSetupLying>
                <AnimationNameIn>stand_treatment_in</AnimationNameIn> <!--TODO tempAnim-->
                <AnimationNameIdle>stand_treatment_idle</AnimationNameIdle>
                <AnimationNameOut>stand_treatment_out</AnimationNameOut>
            </AnimationSetupLying>
            <AnimationSetupLying>
                <AnimationNameIn>stand_treatment_in</AnimationNameIn> <!--TODO prop?-->
                <AnimationNameIdle>stand_treatment_idle</AnimationNameIdle>
                <AnimationNameOut>stand_treatment_out</AnimationNameOut>
            </AnimationSetupLying>

            <DressLevel>HALF</DressLevel>
            <DressLevelAfter>FULL</DressLevelAfter>
            <DetachedDepartmentRef>DPT_URKN</DetachedDepartmentRef>
            <FallbackLabDepartmentRef>DPT_RADIOLOGY</FallbackLabDepartmentRef>
        </Procedure>
        <TreatmentType>PROCEDURE</TreatmentType>
        <IconIndex>1953</IconIndex>
        <DurationHours>0</DurationHours>
        <HospitalizationTreatmentRef>TRT_HOSPITALIZATION_NORMAL</HospitalizationTreatmentRef>
        <AllowedWithAnyHospitalization>true</AllowedWithAnyHospitalization>
    </GameDBTreatment>
	
	<GameDBTreatment ID="TRT_KN_SHOCK_WAVE_LITHOTRIPSY">
        <AbbreviationLocID>TRT_KN_SHOCK_WAVE_LITHOTRIPSY_DESC</AbbreviationLocID>
        <DiscomfortLevel>Medium</DiscomfortLevel><!--TODO for test only-->
        <Procedure>
            <StaffSelectionRules>REQUIRED_ROOM_OR_DEFAULT_ROOM</StaffSelectionRules>

            <RequiredSkillsToPrescribe>
                <SkillRef>SKILL_DOC_SPEC_UR</SkillRef>
            </RequiredSkillsToPrescribe>

            <RequiredStatLabQualificationRef>SKILL_LAB_SPECIALIST_SPEC_USG</RequiredStatLabQualificationRef>

            <RequiredEquipmentList>
                <RequiredEquipment>
                    <Tag>sit_exam</Tag>
                </RequiredEquipment>
                <RequiredEquipment>
                    <Tag>shockwave</Tag>
                </RequiredEquipment>
            </RequiredEquipmentList>

            <!--RequiredRoomTypeList>
                <RequiredRoomTypeRef>ROOM_TYPE_DIAGNOSTIC_SONOGRAPHY_UNIT_GS</RequiredRoomTypeRef>
            </RequiredRoomTypeList-->
            <RequiredRoomTags>
                <Tag>sonography_unit</Tag>
            </RequiredRoomTags>

            <ProcedureScript>ProcedureScriptTreatmentProcedure</ProcedureScript>

            <AnimationSetupLying>
                <AnimationNameIn>stand_treatment_in</AnimationNameIn> <!--TODO tempAnim-->
                <AnimationNameIdle>stand_treatment_idle</AnimationNameIdle>
                <AnimationNameOut>stand_treatment_out</AnimationNameOut>
            </AnimationSetupLying>
            <AnimationSetupLying>
                <AnimationNameIn>stand_treatment_in</AnimationNameIn> <!--TODO prop?-->
                <AnimationNameIdle>stand_treatment_idle</AnimationNameIdle>
                <AnimationNameOut>stand_treatment_out</AnimationNameOut>
            </AnimationSetupLying>

            <DressLevel>HALF</DressLevel>
            <DressLevelAfter>FULL</DressLevelAfter>
            <DetachedDepartmentRef>DPT_URKN</DetachedDepartmentRef>
            <FallbackLabDepartmentRef>DPT_RADIOLOGY</FallbackLabDepartmentRef>
        </Procedure>
        <TreatmentType>PROCEDURE</TreatmentType>
        <IconIndex>1953</IconIndex>
        <DurationHours>0</DurationHours>
        <HospitalizationTreatmentRef>TRT_HOSPITALIZATION_NORMAL</HospitalizationTreatmentRef>
        <AllowedWithAnyHospitalization>true</AllowedWithAnyHospitalization>
    </GameDBTreatment>
	
	<GameDBTreatment ID="TRT_BONE_STRENGTH_PILLS">
        <AbbreviationLocID>TRT_BONE_STRENGTH_PILLS_DESCRIPTION</AbbreviationLocID>
        <DiscomfortLevel>None</DiscomfortLevel>
        <Procedure>
            <StaffSelectionRules>REQUIRED_ROOM_OR_DEFAULT_ROOM</StaffSelectionRules>

            <RequiredDoctorQualificationList>
                <SkillRef>SKILL_DOC_QUALIF_GENERAL_MEDICINE</SkillRef>
            </RequiredDoctorQualificationList>

            <RequiredEquipmentList>
                <RequiredEquipment>
                    <Tag>receipt</Tag>
                </RequiredEquipment>
            </RequiredEquipmentList>

            <!--RequiredRoomTypeList>
                <RequiredRoomTypeRef>ROOM_TYPE_DOCTORS_OFFICE</RequiredRoomTypeRef>
                <RequiredRoomTypeRef>ROOM_TYPE_ER_OBSERVATION_ROOM</RequiredRoomTypeRef>
                <RequiredRoomTypeRef>ROOM_TYPE_GENERAL_SURGERY_OFFICE</RequiredRoomTypeRef>
                <RequiredRoomTypeRef>ROOM_TYPE_INPATIENT_GS_OFFICE</RequiredRoomTypeRef>
                <RequiredRoomTypeRef>ROOM_TYPE_INTERNAL_MEDICINE_OFFICE</RequiredRoomTypeRef>
                <RequiredRoomTypeRef>ROOM_TYPE_INPATIENT_IM_OFFICE</RequiredRoomTypeRef>
                <RequiredRoomTypeRef>ROOM_TYPE_ORTHOPAEDICS_OFFICE</RequiredRoomTypeRef>
                <RequiredRoomTypeRef>ROOM_TYPE_INPATIENT_OT_OFFICE</RequiredRoomTypeRef>
            </RequiredRoomTypeList-->
            <RequiredRoomTags>
                <Tag>emergency_doctors_office</Tag>
                <Tag>observation</Tag>
                <Tag>general_surgery_office</Tag>
                <Tag>internal_medicine_office</Tag>
                <Tag>orthopaedy_office</Tag>
				<Tag>urology_office</Tag>
            </RequiredRoomTags>

            <ProcedureScript>ProcedureScriptTreatmentReceipt</ProcedureScript>
            <DressLevel>FULL</DressLevel>
            <DressLevelAfter>FULL</DressLevelAfter>
        </Procedure>
        <TreatmentType>RECEIPT</TreatmentType>
        <PharmacyPickup>true</PharmacyPickup>
        <Cost>30</Cost>
        <IconIndex>2035</IconIndex>
        <DurationHours>0</DurationHours>
    </GameDBTreatment>
	
	<GameDBTreatment ID="TRT_BRONCHODILATORS">
        <AbbreviationLocID>TRT_BRONCHODILATORS_DESCRIPTION</AbbreviationLocID>
        <DiscomfortLevel>None</DiscomfortLevel>
        <Procedure>
            <StaffSelectionRules>REQUIRED_ROOM_OR_DEFAULT_ROOM</StaffSelectionRules>

            <RequiredDoctorQualificationList>
                <SkillRef>SKILL_DOC_SPEC_INTERNAL_MEDICINE</SkillRef>
                <SkillRef>SKILL_DOC_SPEC_ORTHOPAEDY</SkillRef>
                <SkillRef>SKILL_DOC_SPEC_CRITICAL_CARE</SkillRef>
                <SkillRef>SKILL_DOC_SPEC_NEUROLOGY</SkillRef>
                <SkillRef>SKILL_DOC_SPEC_CARDIOLOGY</SkillRef>
                <SkillRef>SKILL_DOC_SPEC_ACUTE_MEDICINE</SkillRef>
				<SkillRef>SKILL_DOC_SPEC_UR</SkillRef>
            </RequiredDoctorQualificationList>

            <RequiredEquipmentList>
                <RequiredEquipment>
                    <Tag>receipt</Tag>
                </RequiredEquipment>
            </RequiredEquipmentList>

            <!--RequiredRoomTypeList>
                <RequiredRoomTypeRef>ROOM_TYPE_INTENSIVE_CARE_UNIT</RequiredRoomTypeRef>
                <RequiredRoomTypeRef>ROOM_TYPE_DOCTORS_OFFICE</RequiredRoomTypeRef>
                <RequiredRoomTypeRef>ROOM_TYPE_ER_OBSERVATION_ROOM</RequiredRoomTypeRef>
                <RequiredRoomTypeRef>ROOM_TYPE_NEUROLOGY_OFFICE</RequiredRoomTypeRef>
                <RequiredRoomTypeRef>ROOM_TYPE_INPATIENT_NEUROLOGY_OFFICE</RequiredRoomTypeRef>
                <RequiredRoomTypeRef>ROOM_TYPE_INTERNAL_MEDICINE_OFFICE</RequiredRoomTypeRef>
                <RequiredRoomTypeRef>ROOM_TYPE_INPATIENT_IM_OFFICE</RequiredRoomTypeRef>
                <RequiredRoomTypeRef>ROOM_TYPE_ORTHOPAEDICS_OFFICE</RequiredRoomTypeRef>
                <RequiredRoomTypeRef>ROOM_TYPE_INPATIENT_OT_OFFICE</RequiredRoomTypeRef>
                <RequiredRoomTypeRef>ROOM_TYPE_CARDIOLOGY_OFFICE</RequiredRoomTypeRef>
                <RequiredRoomTypeRef>ROOM_TYPE_INPATIENT_CARDIOLOGY_OFFICE</RequiredRoomTypeRef>
            </RequiredRoomTypeList-->
            <RequiredRoomTags>
                <Tag>emergency_doctors_office</Tag>
                <Tag>observation</Tag>
                <Tag>icu</Tag>
                <Tag>neurology_office</Tag>
                <Tag>internal_medicine_office</Tag>
                <Tag>orthopaedy_office</Tag>
                <Tag>cardiology_office</Tag>
				<Tag>urology_office</Tag>
            </RequiredRoomTags>

            <ProcedureScript>ProcedureScriptTreatmentReceipt</ProcedureScript>
            <DressLevel>FULL</DressLevel>
            <DressLevelAfter>FULL</DressLevelAfter>
        </Procedure>
        <TreatmentType>RECEIPT</TreatmentType>
        <PharmacyPickup>true</PharmacyPickup>
        <Cost>30</Cost>
        <IconIndex>1989</IconIndex>
        <DurationHours>0</DurationHours>
    </GameDBTreatment> 
	
	<GameDBTreatment ID="TRT_ANTIHYPERTENSIVES">
        <AbbreviationLocID>TRT_ANTIHYPERTENSIVES_DESCRIPTION</AbbreviationLocID>
        <DiscomfortLevel>None</DiscomfortLevel>
        <Procedure>
            <StaffSelectionRules>REQUIRED_ROOM_OR_DEFAULT_ROOM</StaffSelectionRules>

            <RequiredDoctorQualificationList>
                <SkillRef>SKILL_DOC_QUALIF_GENERAL_MEDICINE</SkillRef>
            </RequiredDoctorQualificationList>

            <RequiredEquipmentList>
                <RequiredEquipment>
                    <Tag>receipt</Tag>
                </RequiredEquipment>
            </RequiredEquipmentList>

            <!--RequiredRoomTypeList>
                <RequiredRoomTypeRef>ROOM_TYPE_DOCTORS_OFFICE</RequiredRoomTypeRef>
                <RequiredRoomTypeRef>ROOM_TYPE_ER_OBSERVATION_ROOM</RequiredRoomTypeRef>
                <RequiredRoomTypeRef>ROOM_TYPE_GENERAL_SURGERY_OFFICE</RequiredRoomTypeRef>
                <RequiredRoomTypeRef>ROOM_TYPE_INPATIENT_GS_OFFICE</RequiredRoomTypeRef>
                <RequiredRoomTypeRef>ROOM_TYPE_CARDIOLOGY_OFFICE</RequiredRoomTypeRef>
                <RequiredRoomTypeRef>ROOM_TYPE_INPATIENT_CARDIOLOGY_OFFICE</RequiredRoomTypeRef>
                <RequiredRoomTypeRef>ROOM_TYPE_NEUROLOGY_OFFICE</RequiredRoomTypeRef>
                <RequiredRoomTypeRef>ROOM_TYPE_INPATIENT_NEUROLOGY_OFFICE</RequiredRoomTypeRef>
                <RequiredRoomTypeRef>ROOM_TYPE_INTENSIVE_CARE_UNIT</RequiredRoomTypeRef>
            </RequiredRoomTypeList-->

            <RequiredRoomTags>
                <Tag>emergency_doctors_office</Tag>
                <Tag>observation</Tag>
                <Tag>icu</Tag>
                <Tag>general_surgery_office</Tag>
                <Tag>cardiology_office</Tag>
                <Tag>neurology_office</Tag>
				<Tag>urology_office</Tag>
            </RequiredRoomTags>

            <ProcedureScript>ProcedureScriptTreatmentReceipt</ProcedureScript>
        </Procedure>
        <TreatmentType>RECEIPT</TreatmentType>
        <PharmacyPickup>true</PharmacyPickup>
        <Cost>20</Cost>
        <IconIndex>1929</IconIndex>
        <DurationHours>0</DurationHours>
    </GameDBTreatment>

	
	<GameDBTreatment ID="TRT_KN_ALPHA_BLOCKERS">
        <AbbreviationLocID>TRT_KN_ALPHA_BLOCKERS_DESC</AbbreviationLocID>
        <DiscomfortLevel>None</DiscomfortLevel>
        <Procedure>
            <StaffSelectionRules>REQUIRED_ROOM_OR_DEFAULT_ROOM</StaffSelectionRules>

            <RequiredDoctorQualificationList>
                <SkillRef>SKILL_DOC_QUALIF_GENERAL_MEDICINE</SkillRef>
            </RequiredDoctorQualificationList>

            <RequiredEquipmentList>
                <RequiredEquipment>
                    <Tag>receipt</Tag>
                </RequiredEquipment>
            </RequiredEquipmentList>

            <!--RequiredRoomTypeList>
                <RequiredRoomTypeRef>ROOM_TYPE_DOCTORS_OFFICE</RequiredRoomTypeRef>
                <RequiredRoomTypeRef>ROOM_TYPE_ER_OBSERVATION_ROOM</RequiredRoomTypeRef>
                <RequiredRoomTypeRef>ROOM_TYPE_TRAUMA_CENTER</RequiredRoomTypeRef>
                <RequiredRoomTypeRef>ROOM_TYPE_GENERAL_SURGERY_OFFICE</RequiredRoomTypeRef>
                <RequiredRoomTypeRef>ROOM_TYPE_INPATIENT_GS_OFFICE</RequiredRoomTypeRef>
                <RequiredRoomTypeRef>ROOM_TYPE_INTERNAL_MEDICINE_OFFICE</RequiredRoomTypeRef>
                <RequiredRoomTypeRef>ROOM_TYPE_INPATIENT_IM_OFFICE</RequiredRoomTypeRef>
                <RequiredRoomTypeRef>ROOM_TYPE_CARDIOLOGY_OFFICE</RequiredRoomTypeRef>
                <RequiredRoomTypeRef>ROOM_TYPE_INPATIENT_CARDIOLOGY_OFFICE</RequiredRoomTypeRef>
                <RequiredRoomTypeRef>ROOM_TYPE_NEUROLOGY_OFFICE</RequiredRoomTypeRef>
                <RequiredRoomTypeRef>ROOM_TYPE_INPATIENT_NEUROLOGY_OFFICE</RequiredRoomTypeRef>
                <RequiredRoomTypeRef>ROOM_TYPE_INTENSIVE_CARE_UNIT</RequiredRoomTypeRef>
            </RequiredRoomTypeList-->
            <RequiredRoomTags>
                <Tag>emergency_doctors_office</Tag>
                <Tag>observation</Tag>
                <Tag>icu</Tag>
                <Tag>trauma_center</Tag>
                <Tag>general_surgery_office</Tag>
                <Tag>internal_medicine_office</Tag>
                <Tag>neurology_office</Tag>
                <Tag>cardiology_office</Tag>
				<Tag>urology_office</Tag>
            </RequiredRoomTags>

            <ProcedureScript>ProcedureScriptTreatmentReceipt</ProcedureScript>
            <DressLevel>FULL</DressLevel>
            <DressLevelAfter>FULL</DressLevelAfter>
        </Procedure>
        <TreatmentType>RECEIPT</TreatmentType>
        <PharmacyPickup>true</PharmacyPickup>
        <Cost>30</Cost>
        <IconIndex>1929</IconIndex>
        <DurationHours>0</DurationHours>
    </GameDBTreatment> 
	
	<GameDBTreatment ID="TRT_KN_5A_REDUCTASE_INHIBITORS">
        <AbbreviationLocID>TRT_KN_5A_REDUCTASE_INHIBITORS_DESC</AbbreviationLocID>
        <DiscomfortLevel>None</DiscomfortLevel>
        <Procedure>
            <StaffSelectionRules>REQUIRED_ROOM_OR_DEFAULT_ROOM</StaffSelectionRules>

            <RequiredDoctorQualificationList>
                <SkillRef>SKILL_DOC_QUALIF_GENERAL_MEDICINE</SkillRef>
            </RequiredDoctorQualificationList>

            <RequiredEquipmentList>
                <RequiredEquipment>
                    <Tag>receipt</Tag>
                </RequiredEquipment>
            </RequiredEquipmentList>

            <!--RequiredRoomTypeList>
                <RequiredRoomTypeRef>ROOM_TYPE_DOCTORS_OFFICE</RequiredRoomTypeRef>
                <RequiredRoomTypeRef>ROOM_TYPE_ER_OBSERVATION_ROOM</RequiredRoomTypeRef>
                <RequiredRoomTypeRef>ROOM_TYPE_TRAUMA_CENTER</RequiredRoomTypeRef>
                <RequiredRoomTypeRef>ROOM_TYPE_GENERAL_SURGERY_OFFICE</RequiredRoomTypeRef>
                <RequiredRoomTypeRef>ROOM_TYPE_INPATIENT_GS_OFFICE</RequiredRoomTypeRef>
                <RequiredRoomTypeRef>ROOM_TYPE_INTERNAL_MEDICINE_OFFICE</RequiredRoomTypeRef>
                <RequiredRoomTypeRef>ROOM_TYPE_INPATIENT_IM_OFFICE</RequiredRoomTypeRef>
                <RequiredRoomTypeRef>ROOM_TYPE_CARDIOLOGY_OFFICE</RequiredRoomTypeRef>
                <RequiredRoomTypeRef>ROOM_TYPE_INPATIENT_CARDIOLOGY_OFFICE</RequiredRoomTypeRef>
                <RequiredRoomTypeRef>ROOM_TYPE_NEUROLOGY_OFFICE</RequiredRoomTypeRef>
                <RequiredRoomTypeRef>ROOM_TYPE_INPATIENT_NEUROLOGY_OFFICE</RequiredRoomTypeRef>
                <RequiredRoomTypeRef>ROOM_TYPE_INTENSIVE_CARE_UNIT</RequiredRoomTypeRef>
            </RequiredRoomTypeList-->
            <RequiredRoomTags>
                <Tag>emergency_doctors_office</Tag>
                <Tag>observation</Tag>
                <Tag>icu</Tag>
                <Tag>trauma_center</Tag>
                <Tag>general_surgery_office</Tag>
                <Tag>internal_medicine_office</Tag>
                <Tag>neurology_office</Tag>
                <Tag>cardiology_office</Tag>
				<Tag>urology_office</Tag>
            </RequiredRoomTags>

            <ProcedureScript>ProcedureScriptTreatmentReceipt</ProcedureScript>
            <DressLevel>FULL</DressLevel>
            <DressLevelAfter>FULL</DressLevelAfter>
        </Procedure>
        <TreatmentType>RECEIPT</TreatmentType>
        <PharmacyPickup>true</PharmacyPickup>
        <Cost>30</Cost>
        <IconIndex>1939</IconIndex>
        <DurationHours>0</DurationHours>
    </GameDBTreatment>
	 

	<GameDBTreatment ID="TRT_KN_PDE5_INHIBITORS">
        <AbbreviationLocID>TRT_KN_PDE5_INHIBITORS_DESC</AbbreviationLocID>
        <DiscomfortLevel>None</DiscomfortLevel>
        <Procedure>
            <StaffSelectionRules>REQUIRED_ROOM_OR_DEFAULT_ROOM</StaffSelectionRules>

            <RequiredDoctorQualificationList>
                <SkillRef>SKILL_DOC_QUALIF_GENERAL_MEDICINE</SkillRef>
            </RequiredDoctorQualificationList>

            <RequiredEquipmentList>
                <RequiredEquipment>
                    <Tag>receipt</Tag>
                </RequiredEquipment>
            </RequiredEquipmentList>

            <!--RequiredRoomTypeList>
                <RequiredRoomTypeRef>ROOM_TYPE_DOCTORS_OFFICE</RequiredRoomTypeRef>
                <RequiredRoomTypeRef>ROOM_TYPE_ER_OBSERVATION_ROOM</RequiredRoomTypeRef>
                <RequiredRoomTypeRef>ROOM_TYPE_TRAUMA_CENTER</RequiredRoomTypeRef>
                <RequiredRoomTypeRef>ROOM_TYPE_GENERAL_SURGERY_OFFICE</RequiredRoomTypeRef>
                <RequiredRoomTypeRef>ROOM_TYPE_INPATIENT_GS_OFFICE</RequiredRoomTypeRef>
                <RequiredRoomTypeRef>ROOM_TYPE_INTERNAL_MEDICINE_OFFICE</RequiredRoomTypeRef>
                <RequiredRoomTypeRef>ROOM_TYPE_INPATIENT_IM_OFFICE</RequiredRoomTypeRef>
                <RequiredRoomTypeRef>ROOM_TYPE_CARDIOLOGY_OFFICE</RequiredRoomTypeRef>
                <RequiredRoomTypeRef>ROOM_TYPE_INPATIENT_CARDIOLOGY_OFFICE</RequiredRoomTypeRef>
                <RequiredRoomTypeRef>ROOM_TYPE_NEUROLOGY_OFFICE</RequiredRoomTypeRef>
                <RequiredRoomTypeRef>ROOM_TYPE_INPATIENT_NEUROLOGY_OFFICE</RequiredRoomTypeRef>
                <RequiredRoomTypeRef>ROOM_TYPE_INTENSIVE_CARE_UNIT</RequiredRoomTypeRef>
            </RequiredRoomTypeList-->
            <RequiredRoomTags>
                <Tag>emergency_doctors_office</Tag>
                <Tag>observation</Tag>
                <Tag>icu</Tag>
                <Tag>trauma_center</Tag>
                <Tag>general_surgery_office</Tag>
                <Tag>internal_medicine_office</Tag>
                <Tag>neurology_office</Tag>
                <Tag>cardiology_office</Tag>
				<Tag>urology_office</Tag>
            </RequiredRoomTags>

            <ProcedureScript>ProcedureScriptTreatmentReceipt</ProcedureScript>
            <DressLevel>FULL</DressLevel>
            <DressLevelAfter>FULL</DressLevelAfter>
        </Procedure>
        <TreatmentType>RECEIPT</TreatmentType>
        <PharmacyPickup>true</PharmacyPickup>
        <Cost>30</Cost>
        <IconIndex>1989</IconIndex>
        <DurationHours>0</DurationHours>
    </GameDBTreatment>
	
	<GameDBTreatment ID="TRT_KN_IMMUNO_SUPRES">
        <AbbreviationLocID>TRT_KN_IMMUNO_SUPRES_DESC</AbbreviationLocID>
        <DiscomfortLevel>Low</DiscomfortLevel>
        <Procedure>
            <StaffSelectionRules>REQUIRED_ROOM_OR_DEFAULT_ROOM</StaffSelectionRules>

            <RequiredDoctorQualificationList>
                <SkillRef>SKILL_DOC_QUALIF_GENERAL_MEDICINE</SkillRef>
            </RequiredDoctorQualificationList>

            <RequiredEquipmentList>
                <RequiredEquipment>
                    <Tag>receipt</Tag>
                </RequiredEquipment>
            </RequiredEquipmentList>

            <!--RequiredRoomTypeList>
                <RequiredRoomTypeRef>ROOM_TYPE_DOCTORS_OFFICE</RequiredRoomTypeRef>
                <RequiredRoomTypeRef>ROOM_TYPE_ER_OBSERVATION_ROOM</RequiredRoomTypeRef>
                <RequiredRoomTypeRef>ROOM_TYPE_TRAUMA_CENTER</RequiredRoomTypeRef>
                <RequiredRoomTypeRef>ROOM_TYPE_GENERAL_SURGERY_OFFICE</RequiredRoomTypeRef>
                <RequiredRoomTypeRef>ROOM_TYPE_INPATIENT_GS_OFFICE</RequiredRoomTypeRef>
                <RequiredRoomTypeRef>ROOM_TYPE_INTERNAL_MEDICINE_OFFICE</RequiredRoomTypeRef>
                <RequiredRoomTypeRef>ROOM_TYPE_INPATIENT_IM_OFFICE</RequiredRoomTypeRef>
                <RequiredRoomTypeRef>ROOM_TYPE_CARDIOLOGY_OFFICE</RequiredRoomTypeRef>
                <RequiredRoomTypeRef>ROOM_TYPE_INPATIENT_CARDIOLOGY_OFFICE</RequiredRoomTypeRef>
                <RequiredRoomTypeRef>ROOM_TYPE_NEUROLOGY_OFFICE</RequiredRoomTypeRef>
                <RequiredRoomTypeRef>ROOM_TYPE_INPATIENT_NEUROLOGY_OFFICE</RequiredRoomTypeRef>
                <RequiredRoomTypeRef>ROOM_TYPE_INTENSIVE_CARE_UNIT</RequiredRoomTypeRef>
            </RequiredRoomTypeList-->
            <RequiredRoomTags>
                <Tag>emergency_doctors_office</Tag>
                <Tag>observation</Tag>
                <Tag>icu</Tag>
                <Tag>trauma_center</Tag>
                <Tag>general_surgery_office</Tag>
                <Tag>internal_medicine_office</Tag>
                <Tag>neurology_office</Tag>
                <Tag>cardiology_office</Tag>
				<Tag>urology_office</Tag>
            </RequiredRoomTags>

            <ProcedureScript>ProcedureScriptTreatmentReceipt</ProcedureScript>
            <DressLevel>FULL</DressLevel>
            <DressLevelAfter>FULL</DressLevelAfter>
        </Procedure>
        <TreatmentType>RECEIPT</TreatmentType>
        <PharmacyPickup>true</PharmacyPickup>
        <Cost>30</Cost>
        <IconIndex>1929</IconIndex>
        <DurationHours>0</DurationHours>
    </GameDBTreatment>
	
	<GameDBTreatment ID="TRT_KN_DIALYSIS">
        <AbbreviationLocID>TRT_KN_DIALYSIS_DESC</AbbreviationLocID>
        <DiscomfortLevel>Medium</DiscomfortLevel>
        <Procedure>
            <!-- Only in unit, no staff there -->
            <StaffSelectionRules>DEFAULT_ROOMS</StaffSelectionRules>

            <RequiredSkillsToPrescribe>
                <SkillRef>SKILL_DOC_SPEC_UR</SkillRef>
                <SkillRef>SKILL_DOC_SPEC_CRITICAL_CARE</SkillRef>
            </RequiredSkillsToPrescribe>

            <RequiredDoctorQualificationList>
                <SkillRef>SKILL_DOC_SPEC_UR</SkillRef>
            </RequiredDoctorQualificationList>

            <RequiredEquipmentList>
                <RequiredEquipment>
                    <Tag>sit_exam</Tag>
                </RequiredEquipment>
                <RequiredEquipment>
                    <Tag>dialysis_machine</Tag>
                </RequiredEquipment>
				<RequiredEquipment>
                    <Tag>clean_hands</Tag>
                </RequiredEquipment>
            </RequiredEquipmentList>
			
            <RequiredRoomTags>
                <Tag>ur_dialyse_ward</Tag>
				<Tag>gs_inpatient_office</Tag>
            </RequiredRoomTags>

            <ProcedureScript>ProcedureScriptTreatmentProcedure</ProcedureScript>
			
			 <AnimationSetupLying>
                <AnimationNameIn>stand_treatment_in</AnimationNameIn>
                <AnimationNameIdle>stand_treatment_idle</AnimationNameIdle>
                <AnimationNameOut>stand_treatment_out</AnimationNameOut>
            </AnimationSetupLying>

            <AnimationSetupLying>
                <AnimationNameIn>stand_treatment_in</AnimationNameIn>
                <AnimationNameIdle>stand_treatment_idle</AnimationNameIdle>
                <AnimationNameOut>stand_treatment_out</AnimationNameOut>
            </AnimationSetupLying>

            <DressLevel>FULL</DressLevel>
            <DressLevelAfter>FULL</DressLevelAfter>
            <DetachedDepartmentRef>DPT_URKN</DetachedDepartmentRef>
        </Procedure>
        <TreatmentType>PROCEDURE</TreatmentType>
        <IconIndex>1955</IconIndex>
        <DurationHours>0</DurationHours>
        <HospitalizationTreatmentRef>TRT_KN_DIALYSIS_WARD</HospitalizationTreatmentRef>
    </GameDBTreatment>
	
	<GameDBTreatment ID="TRT_KN_DIALYSIS_WARD">
        <AbbreviationLocID>TRT_KN_DIALYSIS_WARD_DESC</AbbreviationLocID>
        <DiscomfortLevel>Low</DiscomfortLevel>
        
		<Procedure>
            <RequiredSkillsToPrescribe>
                <SkillRef>SKILL_DOC_QUALIF_GENERAL_MEDICINE</SkillRef>
            </RequiredSkillsToPrescribe>

            <RequiredRoomTags>
                <Tag>ur_dialyse_ward</Tag>
            </RequiredRoomTags>

            <SpeechBubbleRef>BUBBLE_PLACEHOLDER</SpeechBubbleRef>
            <DressLevel>FULL</DressLevel>
            <DressLevelAfter>FULL</DressLevelAfter>
            <HospitalizationLevel>HIGH_PRIORITY</HospitalizationLevel>
        </Procedure>
        <TreatmentType>HOSPITALIZATION</TreatmentType>
        <Cost>100</Cost>
        <IconIndex>1955</IconIndex>
        <DurationHours>5</DurationHours>
    </GameDBTreatment>
	
	<GameDBTreatment ID="TRT_KN_DIALYSIS_2">
        <AbbreviationLocID>TRT_KN_DIALYSIS_DESC</AbbreviationLocID>
        <DiscomfortLevel>High</DiscomfortLevel>
        <Procedure>
            <!-- Only in unit, no staff there -->
            <StaffSelectionRules>DEFAULT_ROOMS</StaffSelectionRules>

            <RequiredSkillsToPrescribe>
                <SkillRef>SKILL_DOC_SPEC_UR</SkillRef>
                <SkillRef>SKILL_DOC_SPEC_CRITICAL_CARE</SkillRef>
            </RequiredSkillsToPrescribe>

            <RequiredDoctorQualificationList>
                <SkillRef>SKILL_DOC_SPEC_UR</SkillRef>
            </RequiredDoctorQualificationList>

            <RequiredEquipmentList>
                <RequiredEquipment>
                    <Tag>sit_exam</Tag>
                </RequiredEquipment>
                <RequiredEquipment>
                    <Tag>dialysis_machine</Tag>
                </RequiredEquipment>
                <RequiredEquipment>
                    <Tag>clean_hands</Tag>
                </RequiredEquipment>
                <RequiredEquipment>
                    <Tag>mobile_workstation</Tag> <!--TODO Add where doctor needs to away from patient clean-->
                </RequiredEquipment>
            </RequiredEquipmentList>

            <!--RequiredRoomTypeList>
                <RequiredRoomTypeRef>ROOM_TYPE_INPATIENT_GS_OFFICE</RequiredRoomTypeRef>
            </RequiredRoomTypeList-->
            <RequiredRoomTags>
                <Tag>gs_inpatient_office</Tag>
            </RequiredRoomTags>

            <ProcedureScript>ProcedureScriptTreatmentProcedure</ProcedureScript>

            <AnimationSetupLying>
                <AnimationNameIn>stand_treatment_in</AnimationNameIn> <!--TODO tempAnim-->
                <AnimationNameIdle>stand_treatment_idle</AnimationNameIdle>
                <AnimationNameOut>stand_treatment_out</AnimationNameOut>
            </AnimationSetupLying>
            <AnimationSetupLying>
                <AnimationNameIn>stand_treatment_in</AnimationNameIn>
                <AnimationNameIdle>stand_treatment_idle</AnimationNameIdle>
                <AnimationNameOut>stand_treatment_out</AnimationNameOut>
            </AnimationSetupLying>

            <DressLevel>FULL</DressLevel>
            <DressLevelAfter>FULL</DressLevelAfter>
            <DetachedDepartmentRef>DPT_URKN</DetachedDepartmentRef>
        </Procedure>
        <TreatmentType>PROCEDURE</TreatmentType>
        <IconIndex>1955</IconIndex>
        <DurationHours>1</DurationHours>
        <HospitalizationTreatmentRef>TRT_HOSPITALIZATION_NORMAL</HospitalizationTreatmentRef>
    </GameDBTreatment>
	
	<GameDBTreatment ID="TRT_KN_URN_CATH">
        <AbbreviationLocID>TRT_KN_URN_CATH_DESC</AbbreviationLocID>
        <DiscomfortLevel>High</DiscomfortLevel>
        <Procedure>
            <StaffSelectionRules>REQUIRED_ROOM_OR_DEFAULT_ROOM</StaffSelectionRules>

            <RequiredSkillsToPrescribe>
                <SkillRef>SKILL_DOC_QUALIF_GENERAL_MEDICINE</SkillRef>
            </RequiredSkillsToPrescribe>

            <RequiredDoctorQualificationList>
                <SkillRef>SKILL_DOC_QUALIF_GENERAL_MEDICINE</SkillRef>
            </RequiredDoctorQualificationList>

            <RequiredRoomTags>
                <Tag>receipt</Tag>
            </RequiredRoomTags>

            <ProcedureScript>ProcedureScriptTreatmentReceipt</ProcedureScript>

            <!--TODO anim REPLACE WITH PROPER ANIMATIONS -->
            <AnimationSetupSitting>
                <AnimationNameIn>stand_press_bandage_hand_in</AnimationNameIn>
                <AnimationNameIdle>stand_press_bandage_hand_idle</AnimationNameIdle>
                <AnimationNameOut>stand_press_bandage_hand_out</AnimationNameOut>
            </AnimationSetupSitting>

            <DressLevel>FULL</DressLevel>
            <DressLevelAfter>FULL</DressLevelAfter>
        </Procedure>
        <TreatmentType>RECEIPT</TreatmentType>
        <ReceiptType>IV_BAG</ReceiptType>
        <Cost>150</Cost>
        <IconIndex>2055</IconIndex>
		
		<CustomIconBigAssetRef>ASSET_UR_TRT_CATH_1</CustomIconBigAssetRef>
        <CustomIconSmallAssetRef>ASSET_UR_TRT_CATH_2</CustomIconSmallAssetRef>
       
		<DurationHours>18</DurationHours>
        <HospitalizationTreatmentRef>TRT_HOSPITALIZATION_NORMAL</HospitalizationTreatmentRef>
        <AllowedWithAnyHospitalization>true</AllowedWithAnyHospitalization>
    </GameDBTreatment>
	
	<GameDBTreatment ID="TRT_KN_TRANS_REPAIR">
        <AbbreviationLocID>TRT_KN_TRANS_REPAIR_DESC</AbbreviationLocID>
        <DiscomfortLevel>High</DiscomfortLevel><!--TODO just for testing-->
        <Procedure>
            <StaffSelectionRules>REQUIRED_ROOM_OR_DEFAULT_ROOM</StaffSelectionRules>

            <RequiredDoctorQualificationList>
                <SkillRef>SKILL_DOC_SPEC_UR</SkillRef>
            </RequiredDoctorQualificationList>

            <RequiredEquipmentList>
                <RequiredEquipment>
                    <Tag>sit_exam</Tag>
                </RequiredEquipment>
                <RequiredEquipment>
                    <Tag>doc_equipment</Tag>
                </RequiredEquipment>
            </RequiredEquipmentList>

           
            <RequiredRoomTags>
                <Tag>gs_inpatient_office</Tag>
                <Tag>icu</Tag>
            </RequiredRoomTags>

            <ProcedureScript>ProcedureScriptTreatmentProcedure</ProcedureScript>

            <AnimationSetupSitting>
                <AnimationNameIn>stand_treatment_in</AnimationNameIn> <!--TODO tempAnim-->
                <AnimationNameIdle>stand_treatment_idle</AnimationNameIdle>
                <AnimationNameOut>stand_treatment_out</AnimationNameOut>
            </AnimationSetupSitting>
            <AnimationSetupLying>
                <AnimationNameIn>stand_treatment_in</AnimationNameIn>
                <AnimationNameIdle>stand_treatment_idle</AnimationNameIdle>
                <AnimationNameOut>stand_treatment_out</AnimationNameOut>
            </AnimationSetupLying>

            <DressLevel>HALF_TOP</DressLevel>
            <DressLevelAfter>FULL</DressLevelAfter>
            <BottomProcedure>true</BottomProcedure>
        </Procedure>
        <TreatmentType>PROCEDURE</TreatmentType>
        <IconIndex>1945</IconIndex>
        <DurationHours>2</DurationHours>
    </GameDBTreatment>
		    
</Database>